TRACE::2025-07-24.17:30:01::SCWPlatform::Trying to open the hw design at /home/call_me_utka/Documents/Projects/aes-ultra96-v2-playground/LED_Blink/design_1_wrapper/hw/design_1_wrapper.xsa
TRACE::2025-07-24.17:30:01::SCWPlatform::DSA given /home/call_me_utka/Documents/Projects/aes-ultra96-v2-playground/LED_Blink/design_1_wrapper/hw/design_1_wrapper.xsa
TRACE::2025-07-24.17:30:01::SCWPlatform::DSA absoulate path /home/call_me_utka/Documents/Projects/aes-ultra96-v2-playground/LED_Blink/design_1_wrapper/hw/design_1_wrapper.xsa
TRACE::2025-07-24.17:30:01::SCWPlatform::DSA directory /home/call_me_utka/Documents/Projects/aes-ultra96-v2-playground/LED_Blink/design_1_wrapper/hw
TRACE::2025-07-24.17:30:01::SCWPlatform:: Platform Path /home/call_me_utka/Documents/Projects/aes-ultra96-v2-playground/LED_Blink/design_1_wrapper/hw/design_1_wrapper.xsa
TRACE::2025-07-24.17:30:01::SCWPlatform:: Unique name xilinx:ultra96v2::0.0
TRACE::2025-07-24.17:30:01::SCWPlatform::Do not have an existing db opened. 
TRACE::2025-07-24.17:30:05::SCWPlatform::Opened new HwDB with name design_1_wrapper_3
TRACE::2025-07-24.17:30:05::SCWWriter::formatted JSON is {
	"platformName":	"design_1_wrapper",
	"sprVersion":	"2.0",
	"mode":	"gui",
	"dsaType":	"Fixed",
	"platformDesc":	"design_1_wrapper",
	"platHandOff":	"/home/call_me_utka/Documents/Projects/aes-ultra96-v2-playground/Custom_IP/design_1_wrapper.xsa",
	"platIntHandOff":	"<platformDir>/hw/design_1_wrapper.xsa",
	"deviceType":	"zynqMP",
	"platIsPrebuiltAutogen":	"false",
	"platIsNoBootBsp":	"false",
	"hasFsblMakeHasChanges":	"false",
	"hasPmufwMakeHasChanges":	"false",
	"platPreBuiltFlag":	false,
	"platformSamplesDir":	""
}
TRACE::2025-07-24.17:30:05::SCWWriter::formatted JSON is {
	"platformName":	"design_1_wrapper",
	"sprVersion":	"2.0",
	"mode":	"gui",
	"dsaType":	"Fixed",
	"platformDesc":	"design_1_wrapper",
	"platHandOff":	"/home/call_me_utka/Documents/Projects/aes-ultra96-v2-playground/Custom_IP/design_1_wrapper.xsa",
	"platIntHandOff":	"<platformDir>/hw/design_1_wrapper.xsa",
	"deviceType":	"zynqMP",
	"platIsPrebuiltAutogen":	"false",
	"platIsNoBootBsp":	"false",
	"hasFsblMakeHasChanges":	"false",
	"hasPmufwMakeHasChanges":	"false",
	"platPreBuiltFlag":	false,
	"platformSamplesDir":	"",
	"platActiveSys":	"design_1_wrapper",
	"systems":	[{
			"systemName":	"design_1_wrapper",
			"systemDesc":	"design_1_wrapper",
			"sysIsBootAutoGen":	"true",
			"systemDispName":	"design_1_wrapper"
		}]
}
TRACE::2025-07-24.17:30:05::SCWPlatform::Boot application domains not present, creating them
TRACE::2025-07-24.17:30:05::SCWDomain::checking for install qemu data   : 
TRACE::2025-07-24.17:30:05::SCWDomain:: Using the QEMU Data from install at  : /tools/Xilinx/Vitis/2022.1/data/emulation/platforms/zynqmp/sw/a53_standalone/qemu/
TRACE::2025-07-24.17:30:05::SCWDomain:: Using the QEMU args  from install at  : /tools/Xilinx/Vitis/2022.1/data/emulation/platforms/zynqmp/sw/a53_standalone/qemu/qemu_args.txt
TRACE::2025-07-24.17:30:05::SCWDomain:: Using the PMUQEMU args from install at  : /tools/Xilinx/Vitis/2022.1/data/emulation/platforms/zynqmp/sw/a53_standalone/qemu/pmu_args.txt
TRACE::2025-07-24.17:30:05::SCWPlatform::Trying to open the hw design at /home/call_me_utka/Documents/Projects/aes-ultra96-v2-playground/LED_Blink/design_1_wrapper/hw/design_1_wrapper.xsa
TRACE::2025-07-24.17:30:05::SCWPlatform::DSA given /home/call_me_utka/Documents/Projects/aes-ultra96-v2-playground/LED_Blink/design_1_wrapper/hw/design_1_wrapper.xsa
TRACE::2025-07-24.17:30:05::SCWPlatform::DSA absoulate path /home/call_me_utka/Documents/Projects/aes-ultra96-v2-playground/LED_Blink/design_1_wrapper/hw/design_1_wrapper.xsa
TRACE::2025-07-24.17:30:05::SCWPlatform::DSA directory /home/call_me_utka/Documents/Projects/aes-ultra96-v2-playground/LED_Blink/design_1_wrapper/hw
TRACE::2025-07-24.17:30:05::SCWPlatform:: Platform Path /home/call_me_utka/Documents/Projects/aes-ultra96-v2-playground/LED_Blink/design_1_wrapper/hw/design_1_wrapper.xsa
TRACE::2025-07-24.17:30:05::SCWPlatform:: Unique name xilinx:ultra96v2::0.0
TRACE::2025-07-24.17:30:05::SCWPlatform::Trying to set the existing hwdb with name design_1_wrapper_3
TRACE::2025-07-24.17:30:05::SCWPlatform::Opened existing hwdb design_1_wrapper_3
TRACE::2025-07-24.17:30:05::SCWPlatform::Found the Hw Db part of the input DSA
TRACE::2025-07-24.17:30:05::SCWPlatform::Trying to open the hw design at /home/call_me_utka/Documents/Projects/aes-ultra96-v2-playground/LED_Blink/design_1_wrapper/hw/design_1_wrapper.xsa
TRACE::2025-07-24.17:30:05::SCWPlatform::DSA given /home/call_me_utka/Documents/Projects/aes-ultra96-v2-playground/LED_Blink/design_1_wrapper/hw/design_1_wrapper.xsa
TRACE::2025-07-24.17:30:05::SCWPlatform::DSA absoulate path /home/call_me_utka/Documents/Projects/aes-ultra96-v2-playground/LED_Blink/design_1_wrapper/hw/design_1_wrapper.xsa
TRACE::2025-07-24.17:30:05::SCWPlatform::DSA directory /home/call_me_utka/Documents/Projects/aes-ultra96-v2-playground/LED_Blink/design_1_wrapper/hw
TRACE::2025-07-24.17:30:05::SCWPlatform:: Platform Path /home/call_me_utka/Documents/Projects/aes-ultra96-v2-playground/LED_Blink/design_1_wrapper/hw/design_1_wrapper.xsa
TRACE::2025-07-24.17:30:05::SCWPlatform:: Unique name xilinx:ultra96v2::0.0
TRACE::2025-07-24.17:30:05::SCWPlatform::Trying to set the existing hwdb with name design_1_wrapper_3
TRACE::2025-07-24.17:30:05::SCWPlatform::Opened existing hwdb design_1_wrapper_3
TRACE::2025-07-24.17:30:05::SCWPlatform::Found the Hw Db part of the input DSA
TRACE::2025-07-24.17:30:05::SCWPlatform::Trying to open the hw design at /home/call_me_utka/Documents/Projects/aes-ultra96-v2-playground/LED_Blink/design_1_wrapper/hw/design_1_wrapper.xsa
TRACE::2025-07-24.17:30:05::SCWPlatform::DSA given /home/call_me_utka/Documents/Projects/aes-ultra96-v2-playground/LED_Blink/design_1_wrapper/hw/design_1_wrapper.xsa
TRACE::2025-07-24.17:30:05::SCWPlatform::DSA absoulate path /home/call_me_utka/Documents/Projects/aes-ultra96-v2-playground/LED_Blink/design_1_wrapper/hw/design_1_wrapper.xsa
TRACE::2025-07-24.17:30:05::SCWPlatform::DSA directory /home/call_me_utka/Documents/Projects/aes-ultra96-v2-playground/LED_Blink/design_1_wrapper/hw
TRACE::2025-07-24.17:30:05::SCWPlatform:: Platform Path /home/call_me_utka/Documents/Projects/aes-ultra96-v2-playground/LED_Blink/design_1_wrapper/hw/design_1_wrapper.xsa
TRACE::2025-07-24.17:30:05::SCWPlatform:: Unique name xilinx:ultra96v2::0.0
TRACE::2025-07-24.17:30:05::SCWPlatform::Trying to set the existing hwdb with name design_1_wrapper_3
TRACE::2025-07-24.17:30:05::SCWPlatform::Opened existing hwdb design_1_wrapper_3
TRACE::2025-07-24.17:30:05::SCWPlatform::Found the Hw Db part of the input DSA
TRACE::2025-07-24.17:30:05::SCWPlatform::Boot application domain added for zynqmp_fsbl
TRACE::2025-07-24.17:30:05::SCWPlatform::Generating the sources  .
TRACE::2025-07-24.17:30:05::SCWBDomain::Generating boot domain sources.
TRACE::2025-07-24.17:30:05::SCWBDomain:: Generating the zynqmp_fsbl Application.
TRACE::2025-07-24.17:30:05::SCWPlatform::Trying to open the hw design at /home/call_me_utka/Documents/Projects/aes-ultra96-v2-playground/LED_Blink/design_1_wrapper/hw/design_1_wrapper.xsa
TRACE::2025-07-24.17:30:05::SCWPlatform::DSA given /home/call_me_utka/Documents/Projects/aes-ultra96-v2-playground/LED_Blink/design_1_wrapper/hw/design_1_wrapper.xsa
TRACE::2025-07-24.17:30:05::SCWPlatform::DSA absoulate path /home/call_me_utka/Documents/Projects/aes-ultra96-v2-playground/LED_Blink/design_1_wrapper/hw/design_1_wrapper.xsa
TRACE::2025-07-24.17:30:05::SCWPlatform::DSA directory /home/call_me_utka/Documents/Projects/aes-ultra96-v2-playground/LED_Blink/design_1_wrapper/hw
TRACE::2025-07-24.17:30:05::SCWPlatform:: Platform Path /home/call_me_utka/Documents/Projects/aes-ultra96-v2-playground/LED_Blink/design_1_wrapper/hw/design_1_wrapper.xsa
TRACE::2025-07-24.17:30:05::SCWPlatform:: Unique name xilinx:ultra96v2::0.0
TRACE::2025-07-24.17:30:05::SCWPlatform::Trying to set the existing hwdb with name design_1_wrapper_3
TRACE::2025-07-24.17:30:05::SCWPlatform::Opened existing hwdb design_1_wrapper_3
TRACE::2025-07-24.17:30:05::SCWPlatform::Found the Hw Db part of the input DSA
TRACE::2025-07-24.17:30:05::SCWMssOS::Checking the sw design at  /home/call_me_utka/Documents/Projects/aes-ultra96-v2-playground/LED_Blink/design_1_wrapper/zynqmp_fsbl/zynqmp_fsbl_bsp/system.mss
TRACE::2025-07-24.17:30:05::SCWMssOS::DEBUG:  swdes dump  
TRACE::2025-07-24.17:30:05::SCWMssOS::No sw design opened at  /home/call_me_utka/Documents/Projects/aes-ultra96-v2-playground/LED_Blink/design_1_wrapper/zynqmp_fsbl/zynqmp_fsbl_bsp/system.mss
TRACE::2025-07-24.17:30:05::SCWMssOS::mss does not exists at /home/call_me_utka/Documents/Projects/aes-ultra96-v2-playground/LED_Blink/design_1_wrapper/zynqmp_fsbl/zynqmp_fsbl_bsp/system.mss
TRACE::2025-07-24.17:30:05::SCWMssOS::Creating sw design at  /home/call_me_utka/Documents/Projects/aes-ultra96-v2-playground/LED_Blink/design_1_wrapper/zynqmp_fsbl/zynqmp_fsbl_bsp/system.mss
TRACE::2025-07-24.17:30:05::SCWMssOS::Adding the swdes entry, created swdb /home/call_me_utka/Documents/Projects/aes-ultra96-v2-playground/LED_Blink/design_1_wrapper/zynqmp_fsbl/zynqmp_fsbl_bsp/system.mss with des name /home/call_me_utka/Documents/Projects/aes-ultra96-v2-playground/LED_Blink/design_1_wrapper/zynqmp_fsbl/zynqmp_fsbl_bsp/system.mss
TRACE::2025-07-24.17:30:05::SCWMssOS::updating the scw layer changes to swdes at   /home/call_me_utka/Documents/Projects/aes-ultra96-v2-playground/LED_Blink/design_1_wrapper/zynqmp_fsbl/zynqmp_fsbl_bsp/system.mss
TRACE::2025-07-24.17:30:05::SCWMssOS::Writing mss at /home/call_me_utka/Documents/Projects/aes-ultra96-v2-playground/LED_Blink/design_1_wrapper/zynqmp_fsbl/zynqmp_fsbl_bsp/system.mss
TRACE::2025-07-24.17:30:05::SCWMssOS::Completed writing the mss file at /home/call_me_utka/Documents/Projects/aes-ultra96-v2-playground/LED_Blink/design_1_wrapper/zynqmp_fsbl/zynqmp_fsbl_bsp
TRACE::2025-07-24.17:30:05::SCWMssOS::Picking up changes from newly written mss file into SCW Layer. 
TRACE::2025-07-24.17:30:05::SCWMssOS::Updated the changes from newly written mss file into SCW Layer. 
TRACE::2025-07-24.17:30:05::SCWBDomain::Completed writing the mss file at /home/call_me_utka/Documents/Projects/aes-ultra96-v2-playground/LED_Blink/design_1_wrapper/zynqmp_fsbl/zynqmp_fsbl_bsp
TRACE::2025-07-24.17:30:06::SCWPlatform::Generating sources Done.
TRACE::2025-07-24.17:30:06::SCWDomain::checking for install qemu data   : 
TRACE::2025-07-24.17:30:06::SCWDomain:: Using the QEMU Data from install at  : /tools/Xilinx/Vitis/2022.1/data/emulation/platforms/zynqmp/sw/a53_standalone/qemu/
TRACE::2025-07-24.17:30:06::SCWDomain:: Using the QEMU args  from install at  : /tools/Xilinx/Vitis/2022.1/data/emulation/platforms/zynqmp/sw/a53_standalone/qemu/qemu_args.txt
TRACE::2025-07-24.17:30:06::SCWDomain:: Using the PMUQEMU args from install at  : /tools/Xilinx/Vitis/2022.1/data/emulation/platforms/zynqmp/sw/a53_standalone/qemu/pmu_args.txt
TRACE::2025-07-24.17:30:06::SCWPlatform::Trying to open the hw design at /home/call_me_utka/Documents/Projects/aes-ultra96-v2-playground/LED_Blink/design_1_wrapper/hw/design_1_wrapper.xsa
TRACE::2025-07-24.17:30:06::SCWPlatform::DSA given /home/call_me_utka/Documents/Projects/aes-ultra96-v2-playground/LED_Blink/design_1_wrapper/hw/design_1_wrapper.xsa
TRACE::2025-07-24.17:30:06::SCWPlatform::DSA absoulate path /home/call_me_utka/Documents/Projects/aes-ultra96-v2-playground/LED_Blink/design_1_wrapper/hw/design_1_wrapper.xsa
TRACE::2025-07-24.17:30:06::SCWPlatform::DSA directory /home/call_me_utka/Documents/Projects/aes-ultra96-v2-playground/LED_Blink/design_1_wrapper/hw
TRACE::2025-07-24.17:30:06::SCWPlatform:: Platform Path /home/call_me_utka/Documents/Projects/aes-ultra96-v2-playground/LED_Blink/design_1_wrapper/hw/design_1_wrapper.xsa
TRACE::2025-07-24.17:30:06::SCWPlatform:: Unique name xilinx:ultra96v2::0.0
TRACE::2025-07-24.17:30:06::SCWPlatform::Trying to set the existing hwdb with name design_1_wrapper_3
TRACE::2025-07-24.17:30:06::SCWPlatform::Opened existing hwdb design_1_wrapper_3
TRACE::2025-07-24.17:30:06::SCWPlatform::Found the Hw Db part of the input DSA
TRACE::2025-07-24.17:30:06::SCWPlatform::Boot application domain added for zynqmp_pmufw
TRACE::2025-07-24.17:30:06::SCWPlatform::Generating the sources  .
TRACE::2025-07-24.17:30:06::SCWBDomain::Generating boot domain sources.
TRACE::2025-07-24.17:30:06::SCWBDomain:: Generating the zynqmp_pmufw Application.
TRACE::2025-07-24.17:30:06::SCWPlatform::Trying to open the hw design at /home/call_me_utka/Documents/Projects/aes-ultra96-v2-playground/LED_Blink/design_1_wrapper/hw/design_1_wrapper.xsa
TRACE::2025-07-24.17:30:06::SCWPlatform::DSA given /home/call_me_utka/Documents/Projects/aes-ultra96-v2-playground/LED_Blink/design_1_wrapper/hw/design_1_wrapper.xsa
TRACE::2025-07-24.17:30:06::SCWPlatform::DSA absoulate path /home/call_me_utka/Documents/Projects/aes-ultra96-v2-playground/LED_Blink/design_1_wrapper/hw/design_1_wrapper.xsa
TRACE::2025-07-24.17:30:06::SCWPlatform::DSA directory /home/call_me_utka/Documents/Projects/aes-ultra96-v2-playground/LED_Blink/design_1_wrapper/hw
TRACE::2025-07-24.17:30:06::SCWPlatform:: Platform Path /home/call_me_utka/Documents/Projects/aes-ultra96-v2-playground/LED_Blink/design_1_wrapper/hw/design_1_wrapper.xsa
TRACE::2025-07-24.17:30:06::SCWPlatform:: Unique name xilinx:ultra96v2::0.0
TRACE::2025-07-24.17:30:06::SCWPlatform::Trying to set the existing hwdb with name design_1_wrapper_3
TRACE::2025-07-24.17:30:06::SCWPlatform::Opened existing hwdb design_1_wrapper_3
TRACE::2025-07-24.17:30:06::SCWPlatform::Found the Hw Db part of the input DSA
TRACE::2025-07-24.17:30:06::SCWMssOS::Checking the sw design at  /home/call_me_utka/Documents/Projects/aes-ultra96-v2-playground/LED_Blink/design_1_wrapper/zynqmp_pmufw/zynqmp_pmufw_bsp/system.mss
TRACE::2025-07-24.17:30:06::SCWMssOS::DEBUG:  swdes dump  
TRACE::2025-07-24.17:30:06::SCWMssOS::No sw design opened at  /home/call_me_utka/Documents/Projects/aes-ultra96-v2-playground/LED_Blink/design_1_wrapper/zynqmp_pmufw/zynqmp_pmufw_bsp/system.mss
TRACE::2025-07-24.17:30:06::SCWMssOS::mss does not exists at /home/call_me_utka/Documents/Projects/aes-ultra96-v2-playground/LED_Blink/design_1_wrapper/zynqmp_pmufw/zynqmp_pmufw_bsp/system.mss
TRACE::2025-07-24.17:30:06::SCWMssOS::Creating sw design at  /home/call_me_utka/Documents/Projects/aes-ultra96-v2-playground/LED_Blink/design_1_wrapper/zynqmp_pmufw/zynqmp_pmufw_bsp/system.mss
TRACE::2025-07-24.17:30:06::SCWMssOS::Adding the swdes entry, created swdb /home/call_me_utka/Documents/Projects/aes-ultra96-v2-playground/LED_Blink/design_1_wrapper/zynqmp_pmufw/zynqmp_pmufw_bsp/system.mss with des name /home/call_me_utka/Documents/Projects/aes-ultra96-v2-playground/LED_Blink/design_1_wrapper/zynqmp_pmufw/zynqmp_pmufw_bsp/system.mss
TRACE::2025-07-24.17:30:06::SCWMssOS::updating the scw layer changes to swdes at   /home/call_me_utka/Documents/Projects/aes-ultra96-v2-playground/LED_Blink/design_1_wrapper/zynqmp_pmufw/zynqmp_pmufw_bsp/system.mss
TRACE::2025-07-24.17:30:06::SCWMssOS::Writing mss at /home/call_me_utka/Documents/Projects/aes-ultra96-v2-playground/LED_Blink/design_1_wrapper/zynqmp_pmufw/zynqmp_pmufw_bsp/system.mss
TRACE::2025-07-24.17:30:06::SCWMssOS::Completed writing the mss file at /home/call_me_utka/Documents/Projects/aes-ultra96-v2-playground/LED_Blink/design_1_wrapper/zynqmp_pmufw/zynqmp_pmufw_bsp
TRACE::2025-07-24.17:30:06::SCWMssOS::Picking up changes from newly written mss file into SCW Layer. 
TRACE::2025-07-24.17:30:06::SCWMssOS::Updated the changes from newly written mss file into SCW Layer. 
TRACE::2025-07-24.17:30:06::SCWBDomain::Completed writing the mss file at /home/call_me_utka/Documents/Projects/aes-ultra96-v2-playground/LED_Blink/design_1_wrapper/zynqmp_pmufw/zynqmp_pmufw_bsp
TRACE::2025-07-24.17:30:07::SCWPlatform::Generating sources Done.
TRACE::2025-07-24.17:30:07::SCWPlatform::Trying to open the hw design at /home/call_me_utka/Documents/Projects/aes-ultra96-v2-playground/LED_Blink/design_1_wrapper/hw/design_1_wrapper.xsa
TRACE::2025-07-24.17:30:07::SCWPlatform::DSA given /home/call_me_utka/Documents/Projects/aes-ultra96-v2-playground/LED_Blink/design_1_wrapper/hw/design_1_wrapper.xsa
TRACE::2025-07-24.17:30:07::SCWPlatform::DSA absoulate path /home/call_me_utka/Documents/Projects/aes-ultra96-v2-playground/LED_Blink/design_1_wrapper/hw/design_1_wrapper.xsa
TRACE::2025-07-24.17:30:07::SCWPlatform::DSA directory /home/call_me_utka/Documents/Projects/aes-ultra96-v2-playground/LED_Blink/design_1_wrapper/hw
TRACE::2025-07-24.17:30:07::SCWPlatform:: Platform Path /home/call_me_utka/Documents/Projects/aes-ultra96-v2-playground/LED_Blink/design_1_wrapper/hw/design_1_wrapper.xsa
TRACE::2025-07-24.17:30:07::SCWPlatform:: Unique name xilinx:ultra96v2::0.0
TRACE::2025-07-24.17:30:07::SCWPlatform::Trying to set the existing hwdb with name design_1_wrapper_3
TRACE::2025-07-24.17:30:07::SCWPlatform::Opened existing hwdb design_1_wrapper_3
TRACE::2025-07-24.17:30:07::SCWPlatform::Found the Hw Db part of the input DSA
TRACE::2025-07-24.17:30:07::SCWMssOS::Checking the sw design at  /home/call_me_utka/Documents/Projects/aes-ultra96-v2-playground/LED_Blink/design_1_wrapper/zynqmp_fsbl/zynqmp_fsbl_bsp/system.mss
TRACE::2025-07-24.17:30:07::SCWMssOS::DEBUG:  swdes dump  
TRACE::2025-07-24.17:30:07::SCWMssOS::No sw design opened at  /home/call_me_utka/Documents/Projects/aes-ultra96-v2-playground/LED_Blink/design_1_wrapper/zynqmp_fsbl/zynqmp_fsbl_bsp/system.mss
TRACE::2025-07-24.17:30:07::SCWMssOS::mss exists loading the mss file  /home/call_me_utka/Documents/Projects/aes-ultra96-v2-playground/LED_Blink/design_1_wrapper/zynqmp_fsbl/zynqmp_fsbl_bsp/system.mss
TRACE::2025-07-24.17:30:07::SCWMssOS::Opened the sw design from mss  /home/call_me_utka/Documents/Projects/aes-ultra96-v2-playground/LED_Blink/design_1_wrapper/zynqmp_fsbl/zynqmp_fsbl_bsp/system.mss
TRACE::2025-07-24.17:30:07::SCWMssOS::Adding the swdes entry /home/call_me_utka/Documents/Projects/aes-ultra96-v2-playground/LED_Blink/design_1_wrapper/zynqmp_fsbl/zynqmp_fsbl_bsp/system.mss with des name system
TRACE::2025-07-24.17:30:07::SCWMssOS::updating the scw layer about changes
TRACE::2025-07-24.17:30:07::SCWMssOS::Opened the sw design.  /home/call_me_utka/Documents/Projects/aes-ultra96-v2-playground/LED_Blink/design_1_wrapper/zynqmp_fsbl/zynqmp_fsbl_bsp/system.mss
TRACE::2025-07-24.17:30:07::SCWPlatform::Trying to open the hw design at /home/call_me_utka/Documents/Projects/aes-ultra96-v2-playground/LED_Blink/design_1_wrapper/hw/design_1_wrapper.xsa
TRACE::2025-07-24.17:30:07::SCWPlatform::DSA given /home/call_me_utka/Documents/Projects/aes-ultra96-v2-playground/LED_Blink/design_1_wrapper/hw/design_1_wrapper.xsa
TRACE::2025-07-24.17:30:07::SCWPlatform::DSA absoulate path /home/call_me_utka/Documents/Projects/aes-ultra96-v2-playground/LED_Blink/design_1_wrapper/hw/design_1_wrapper.xsa
TRACE::2025-07-24.17:30:07::SCWPlatform::DSA directory /home/call_me_utka/Documents/Projects/aes-ultra96-v2-playground/LED_Blink/design_1_wrapper/hw
TRACE::2025-07-24.17:30:07::SCWPlatform:: Platform Path /home/call_me_utka/Documents/Projects/aes-ultra96-v2-playground/LED_Blink/design_1_wrapper/hw/design_1_wrapper.xsa
TRACE::2025-07-24.17:30:07::SCWPlatform:: Unique name xilinx:ultra96v2::0.0
TRACE::2025-07-24.17:30:07::SCWPlatform::Trying to set the existing hwdb with name design_1_wrapper_3
TRACE::2025-07-24.17:30:07::SCWPlatform::Opened existing hwdb design_1_wrapper_3
TRACE::2025-07-24.17:30:07::SCWPlatform::Found the Hw Db part of the input DSA
TRACE::2025-07-24.17:30:07::SCWMssOS::Checking the sw design at  /home/call_me_utka/Documents/Projects/aes-ultra96-v2-playground/LED_Blink/design_1_wrapper/zynqmp_pmufw/zynqmp_pmufw_bsp/system.mss
TRACE::2025-07-24.17:30:07::SCWMssOS::DEBUG:  swdes dump  /home/call_me_utka/Documents/Projects/aes-ultra96-v2-playground/LED_Blink/design_1_wrapper/zynqmp_fsbl/zynqmp_fsbl_bsp/system.mss|system||

TRACE::2025-07-24.17:30:07::SCWMssOS::No sw design opened at  /home/call_me_utka/Documents/Projects/aes-ultra96-v2-playground/LED_Blink/design_1_wrapper/zynqmp_pmufw/zynqmp_pmufw_bsp/system.mss
TRACE::2025-07-24.17:30:07::SCWMssOS::mss exists loading the mss file  /home/call_me_utka/Documents/Projects/aes-ultra96-v2-playground/LED_Blink/design_1_wrapper/zynqmp_pmufw/zynqmp_pmufw_bsp/system.mss
TRACE::2025-07-24.17:30:07::SCWMssOS::Opened the sw design from mss  /home/call_me_utka/Documents/Projects/aes-ultra96-v2-playground/LED_Blink/design_1_wrapper/zynqmp_pmufw/zynqmp_pmufw_bsp/system.mss
TRACE::2025-07-24.17:30:07::SCWMssOS::Adding the swdes entry /home/call_me_utka/Documents/Projects/aes-ultra96-v2-playground/LED_Blink/design_1_wrapper/zynqmp_pmufw/zynqmp_pmufw_bsp/system.mss with des name system_0
TRACE::2025-07-24.17:30:07::SCWMssOS::updating the scw layer about changes
TRACE::2025-07-24.17:30:07::SCWMssOS::Opened the sw design.  /home/call_me_utka/Documents/Projects/aes-ultra96-v2-playground/LED_Blink/design_1_wrapper/zynqmp_pmufw/zynqmp_pmufw_bsp/system.mss
TRACE::2025-07-24.17:30:07::SCWMssOS::Saving the mss changes /home/call_me_utka/Documents/Projects/aes-ultra96-v2-playground/LED_Blink/design_1_wrapper/zynqmp_fsbl/zynqmp_fsbl_bsp/system.mss
TRACE::2025-07-24.17:30:07::SCWMssOS::Found a swdesign opened with the mssfile.
TRACE::2025-07-24.17:30:07::SCWMssOS::Completed writemss as part of save.
TRACE::2025-07-24.17:30:07::SCWMssOS::Commit changes completed.
TRACE::2025-07-24.17:30:07::SCWMssOS::Saving the mss changes /home/call_me_utka/Documents/Projects/aes-ultra96-v2-playground/LED_Blink/design_1_wrapper/zynqmp_pmufw/zynqmp_pmufw_bsp/system.mss
TRACE::2025-07-24.17:30:07::SCWMssOS::Found a swdesign opened with the mssfile.
TRACE::2025-07-24.17:30:07::SCWMssOS::Completed writemss as part of save.
TRACE::2025-07-24.17:30:07::SCWMssOS::Commit changes completed.
TRACE::2025-07-24.17:30:07::SCWPlatform::Trying to open the hw design at /home/call_me_utka/Documents/Projects/aes-ultra96-v2-playground/LED_Blink/design_1_wrapper/hw/design_1_wrapper.xsa
TRACE::2025-07-24.17:30:07::SCWPlatform::DSA given /home/call_me_utka/Documents/Projects/aes-ultra96-v2-playground/LED_Blink/design_1_wrapper/hw/design_1_wrapper.xsa
TRACE::2025-07-24.17:30:07::SCWPlatform::DSA absoulate path /home/call_me_utka/Documents/Projects/aes-ultra96-v2-playground/LED_Blink/design_1_wrapper/hw/design_1_wrapper.xsa
TRACE::2025-07-24.17:30:07::SCWPlatform::DSA directory /home/call_me_utka/Documents/Projects/aes-ultra96-v2-playground/LED_Blink/design_1_wrapper/hw
TRACE::2025-07-24.17:30:07::SCWPlatform:: Platform Path /home/call_me_utka/Documents/Projects/aes-ultra96-v2-playground/LED_Blink/design_1_wrapper/hw/design_1_wrapper.xsa
TRACE::2025-07-24.17:30:07::SCWPlatform:: Unique name xilinx:ultra96v2::0.0
TRACE::2025-07-24.17:30:07::SCWPlatform::Trying to set the existing hwdb with name design_1_wrapper_3
TRACE::2025-07-24.17:30:07::SCWPlatform::Opened existing hwdb design_1_wrapper_3
TRACE::2025-07-24.17:30:07::SCWPlatform::Found the Hw Db part of the input DSA
TRACE::2025-07-24.17:30:07::SCWMssOS::Checking the sw design at  /home/call_me_utka/Documents/Projects/aes-ultra96-v2-playground/LED_Blink/design_1_wrapper/zynqmp_fsbl/zynqmp_fsbl_bsp/system.mss
TRACE::2025-07-24.17:30:07::SCWMssOS::DEBUG:  swdes dump  /home/call_me_utka/Documents/Projects/aes-ultra96-v2-playground/LED_Blink/design_1_wrapper/zynqmp_fsbl/zynqmp_fsbl_bsp/system.mss|system||
/home/call_me_utka/Documents/Projects/aes-ultra96-v2-playground/LED_Blink/design_1_wrapper/zynqmp_pmufw/zynqmp_pmufw_bsp/system.mss|system_0||

TRACE::2025-07-24.17:30:07::SCWMssOS::Sw design exists and opened at  /home/call_me_utka/Documents/Projects/aes-ultra96-v2-playground/LED_Blink/design_1_wrapper/zynqmp_fsbl/zynqmp_fsbl_bsp/system.mss
TRACE::2025-07-24.17:30:07::SCWPlatform::Trying to open the hw design at /home/call_me_utka/Documents/Projects/aes-ultra96-v2-playground/LED_Blink/design_1_wrapper/hw/design_1_wrapper.xsa
TRACE::2025-07-24.17:30:07::SCWPlatform::DSA given /home/call_me_utka/Documents/Projects/aes-ultra96-v2-playground/LED_Blink/design_1_wrapper/hw/design_1_wrapper.xsa
TRACE::2025-07-24.17:30:07::SCWPlatform::DSA absoulate path /home/call_me_utka/Documents/Projects/aes-ultra96-v2-playground/LED_Blink/design_1_wrapper/hw/design_1_wrapper.xsa
TRACE::2025-07-24.17:30:07::SCWPlatform::DSA directory /home/call_me_utka/Documents/Projects/aes-ultra96-v2-playground/LED_Blink/design_1_wrapper/hw
TRACE::2025-07-24.17:30:07::SCWPlatform:: Platform Path /home/call_me_utka/Documents/Projects/aes-ultra96-v2-playground/LED_Blink/design_1_wrapper/hw/design_1_wrapper.xsa
TRACE::2025-07-24.17:30:07::SCWPlatform:: Unique name xilinx:ultra96v2::0.0
TRACE::2025-07-24.17:30:07::SCWPlatform::Trying to set the existing hwdb with name design_1_wrapper_3
TRACE::2025-07-24.17:30:07::SCWPlatform::Opened existing hwdb design_1_wrapper_3
TRACE::2025-07-24.17:30:07::SCWPlatform::Found the Hw Db part of the input DSA
TRACE::2025-07-24.17:30:07::SCWMssOS::Checking the sw design at  /home/call_me_utka/Documents/Projects/aes-ultra96-v2-playground/LED_Blink/design_1_wrapper/zynqmp_fsbl/zynqmp_fsbl_bsp/system.mss
TRACE::2025-07-24.17:30:07::SCWMssOS::DEBUG:  swdes dump  /home/call_me_utka/Documents/Projects/aes-ultra96-v2-playground/LED_Blink/design_1_wrapper/zynqmp_fsbl/zynqmp_fsbl_bsp/system.mss|system||
/home/call_me_utka/Documents/Projects/aes-ultra96-v2-playground/LED_Blink/design_1_wrapper/zynqmp_pmufw/zynqmp_pmufw_bsp/system.mss|system_0||

TRACE::2025-07-24.17:30:07::SCWMssOS::Sw design exists and opened at  /home/call_me_utka/Documents/Projects/aes-ultra96-v2-playground/LED_Blink/design_1_wrapper/zynqmp_fsbl/zynqmp_fsbl_bsp/system.mss
TRACE::2025-07-24.17:30:07::SCWPlatform::Trying to open the hw design at /home/call_me_utka/Documents/Projects/aes-ultra96-v2-playground/LED_Blink/design_1_wrapper/hw/design_1_wrapper.xsa
TRACE::2025-07-24.17:30:07::SCWPlatform::DSA given /home/call_me_utka/Documents/Projects/aes-ultra96-v2-playground/LED_Blink/design_1_wrapper/hw/design_1_wrapper.xsa
TRACE::2025-07-24.17:30:07::SCWPlatform::DSA absoulate path /home/call_me_utka/Documents/Projects/aes-ultra96-v2-playground/LED_Blink/design_1_wrapper/hw/design_1_wrapper.xsa
TRACE::2025-07-24.17:30:07::SCWPlatform::DSA directory /home/call_me_utka/Documents/Projects/aes-ultra96-v2-playground/LED_Blink/design_1_wrapper/hw
TRACE::2025-07-24.17:30:07::SCWPlatform:: Platform Path /home/call_me_utka/Documents/Projects/aes-ultra96-v2-playground/LED_Blink/design_1_wrapper/hw/design_1_wrapper.xsa
TRACE::2025-07-24.17:30:07::SCWPlatform:: Unique name xilinx:ultra96v2::0.0
TRACE::2025-07-24.17:30:07::SCWPlatform::Trying to set the existing hwdb with name design_1_wrapper_3
TRACE::2025-07-24.17:30:07::SCWPlatform::Opened existing hwdb design_1_wrapper_3
TRACE::2025-07-24.17:30:07::SCWPlatform::Found the Hw Db part of the input DSA
TRACE::2025-07-24.17:30:07::SCWMssOS::Checking the sw design at  /home/call_me_utka/Documents/Projects/aes-ultra96-v2-playground/LED_Blink/design_1_wrapper/zynqmp_fsbl/zynqmp_fsbl_bsp/system.mss
TRACE::2025-07-24.17:30:07::SCWMssOS::DEBUG:  swdes dump  /home/call_me_utka/Documents/Projects/aes-ultra96-v2-playground/LED_Blink/design_1_wrapper/zynqmp_fsbl/zynqmp_fsbl_bsp/system.mss|system||
/home/call_me_utka/Documents/Projects/aes-ultra96-v2-playground/LED_Blink/design_1_wrapper/zynqmp_pmufw/zynqmp_pmufw_bsp/system.mss|system_0||

TRACE::2025-07-24.17:30:07::SCWMssOS::Sw design exists and opened at  /home/call_me_utka/Documents/Projects/aes-ultra96-v2-playground/LED_Blink/design_1_wrapper/zynqmp_fsbl/zynqmp_fsbl_bsp/system.mss
TRACE::2025-07-24.17:30:07::SCWPlatform::Trying to open the hw design at /home/call_me_utka/Documents/Projects/aes-ultra96-v2-playground/LED_Blink/design_1_wrapper/hw/design_1_wrapper.xsa
TRACE::2025-07-24.17:30:07::SCWPlatform::DSA given /home/call_me_utka/Documents/Projects/aes-ultra96-v2-playground/LED_Blink/design_1_wrapper/hw/design_1_wrapper.xsa
TRACE::2025-07-24.17:30:07::SCWPlatform::DSA absoulate path /home/call_me_utka/Documents/Projects/aes-ultra96-v2-playground/LED_Blink/design_1_wrapper/hw/design_1_wrapper.xsa
TRACE::2025-07-24.17:30:07::SCWPlatform::DSA directory /home/call_me_utka/Documents/Projects/aes-ultra96-v2-playground/LED_Blink/design_1_wrapper/hw
TRACE::2025-07-24.17:30:07::SCWPlatform:: Platform Path /home/call_me_utka/Documents/Projects/aes-ultra96-v2-playground/LED_Blink/design_1_wrapper/hw/design_1_wrapper.xsa
TRACE::2025-07-24.17:30:07::SCWPlatform:: Unique name xilinx:ultra96v2::0.0
TRACE::2025-07-24.17:30:07::SCWPlatform::Trying to set the existing hwdb with name design_1_wrapper_3
TRACE::2025-07-24.17:30:07::SCWPlatform::Opened existing hwdb design_1_wrapper_3
TRACE::2025-07-24.17:30:07::SCWPlatform::Found the Hw Db part of the input DSA
TRACE::2025-07-24.17:30:07::SCWMssOS::Checking the sw design at  /home/call_me_utka/Documents/Projects/aes-ultra96-v2-playground/LED_Blink/design_1_wrapper/zynqmp_pmufw/zynqmp_pmufw_bsp/system.mss
TRACE::2025-07-24.17:30:07::SCWMssOS::DEBUG:  swdes dump  /home/call_me_utka/Documents/Projects/aes-ultra96-v2-playground/LED_Blink/design_1_wrapper/zynqmp_fsbl/zynqmp_fsbl_bsp/system.mss|system||
/home/call_me_utka/Documents/Projects/aes-ultra96-v2-playground/LED_Blink/design_1_wrapper/zynqmp_pmufw/zynqmp_pmufw_bsp/system.mss|system_0||

TRACE::2025-07-24.17:30:07::SCWMssOS::Sw design exists and opened at  /home/call_me_utka/Documents/Projects/aes-ultra96-v2-playground/LED_Blink/design_1_wrapper/zynqmp_pmufw/zynqmp_pmufw_bsp/system.mss
TRACE::2025-07-24.17:30:07::SCWPlatform::Trying to open the hw design at /home/call_me_utka/Documents/Projects/aes-ultra96-v2-playground/LED_Blink/design_1_wrapper/hw/design_1_wrapper.xsa
TRACE::2025-07-24.17:30:07::SCWPlatform::DSA given /home/call_me_utka/Documents/Projects/aes-ultra96-v2-playground/LED_Blink/design_1_wrapper/hw/design_1_wrapper.xsa
TRACE::2025-07-24.17:30:07::SCWPlatform::DSA absoulate path /home/call_me_utka/Documents/Projects/aes-ultra96-v2-playground/LED_Blink/design_1_wrapper/hw/design_1_wrapper.xsa
TRACE::2025-07-24.17:30:07::SCWPlatform::DSA directory /home/call_me_utka/Documents/Projects/aes-ultra96-v2-playground/LED_Blink/design_1_wrapper/hw
TRACE::2025-07-24.17:30:07::SCWPlatform:: Platform Path /home/call_me_utka/Documents/Projects/aes-ultra96-v2-playground/LED_Blink/design_1_wrapper/hw/design_1_wrapper.xsa
TRACE::2025-07-24.17:30:07::SCWPlatform:: Unique name xilinx:ultra96v2::0.0
TRACE::2025-07-24.17:30:07::SCWPlatform::Trying to set the existing hwdb with name design_1_wrapper_3
TRACE::2025-07-24.17:30:07::SCWPlatform::Opened existing hwdb design_1_wrapper_3
TRACE::2025-07-24.17:30:07::SCWPlatform::Found the Hw Db part of the input DSA
TRACE::2025-07-24.17:30:07::SCWMssOS::Checking the sw design at  /home/call_me_utka/Documents/Projects/aes-ultra96-v2-playground/LED_Blink/design_1_wrapper/zynqmp_pmufw/zynqmp_pmufw_bsp/system.mss
TRACE::2025-07-24.17:30:07::SCWMssOS::DEBUG:  swdes dump  /home/call_me_utka/Documents/Projects/aes-ultra96-v2-playground/LED_Blink/design_1_wrapper/zynqmp_fsbl/zynqmp_fsbl_bsp/system.mss|system||
/home/call_me_utka/Documents/Projects/aes-ultra96-v2-playground/LED_Blink/design_1_wrapper/zynqmp_pmufw/zynqmp_pmufw_bsp/system.mss|system_0||

TRACE::2025-07-24.17:30:07::SCWMssOS::Sw design exists and opened at  /home/call_me_utka/Documents/Projects/aes-ultra96-v2-playground/LED_Blink/design_1_wrapper/zynqmp_pmufw/zynqmp_pmufw_bsp/system.mss
TRACE::2025-07-24.17:30:07::SCWPlatform::Trying to open the hw design at /home/call_me_utka/Documents/Projects/aes-ultra96-v2-playground/LED_Blink/design_1_wrapper/hw/design_1_wrapper.xsa
TRACE::2025-07-24.17:30:07::SCWPlatform::DSA given /home/call_me_utka/Documents/Projects/aes-ultra96-v2-playground/LED_Blink/design_1_wrapper/hw/design_1_wrapper.xsa
TRACE::2025-07-24.17:30:07::SCWPlatform::DSA absoulate path /home/call_me_utka/Documents/Projects/aes-ultra96-v2-playground/LED_Blink/design_1_wrapper/hw/design_1_wrapper.xsa
TRACE::2025-07-24.17:30:07::SCWPlatform::DSA directory /home/call_me_utka/Documents/Projects/aes-ultra96-v2-playground/LED_Blink/design_1_wrapper/hw
TRACE::2025-07-24.17:30:07::SCWPlatform:: Platform Path /home/call_me_utka/Documents/Projects/aes-ultra96-v2-playground/LED_Blink/design_1_wrapper/hw/design_1_wrapper.xsa
TRACE::2025-07-24.17:30:07::SCWPlatform:: Unique name xilinx:ultra96v2::0.0
TRACE::2025-07-24.17:30:07::SCWPlatform::Trying to set the existing hwdb with name design_1_wrapper_3
TRACE::2025-07-24.17:30:07::SCWPlatform::Opened existing hwdb design_1_wrapper_3
TRACE::2025-07-24.17:30:07::SCWPlatform::Found the Hw Db part of the input DSA
TRACE::2025-07-24.17:30:07::SCWMssOS::Checking the sw design at  /home/call_me_utka/Documents/Projects/aes-ultra96-v2-playground/LED_Blink/design_1_wrapper/zynqmp_pmufw/zynqmp_pmufw_bsp/system.mss
TRACE::2025-07-24.17:30:07::SCWMssOS::DEBUG:  swdes dump  /home/call_me_utka/Documents/Projects/aes-ultra96-v2-playground/LED_Blink/design_1_wrapper/zynqmp_fsbl/zynqmp_fsbl_bsp/system.mss|system||
/home/call_me_utka/Documents/Projects/aes-ultra96-v2-playground/LED_Blink/design_1_wrapper/zynqmp_pmufw/zynqmp_pmufw_bsp/system.mss|system_0||

TRACE::2025-07-24.17:30:07::SCWMssOS::Sw design exists and opened at  /home/call_me_utka/Documents/Projects/aes-ultra96-v2-playground/LED_Blink/design_1_wrapper/zynqmp_pmufw/zynqmp_pmufw_bsp/system.mss
TRACE::2025-07-24.17:30:07::SCWWriter::formatted JSON is {
	"platformName":	"design_1_wrapper",
	"sprVersion":	"2.0",
	"mode":	"gui",
	"dsaType":	"Fixed",
	"platformDesc":	"design_1_wrapper",
	"platHandOff":	"/home/call_me_utka/Documents/Projects/aes-ultra96-v2-playground/Custom_IP/design_1_wrapper.xsa",
	"platIntHandOff":	"<platformDir>/hw/design_1_wrapper.xsa",
	"deviceType":	"zynqMP",
	"platIsPrebuiltAutogen":	"false",
	"platIsNoBootBsp":	"false",
	"platFsblTarget":	"psu_cortexa53_0",
	"hasFsblMakeHasChanges":	"false",
	"hasPmufwMakeHasChanges":	"false",
	"fsblExtraCompilerFlags":	"-MMD -MP      -Wall -fmessage-length=0 -DARMA53_64 -Os -flto -ffat-lto-objects  ",
	"pmufwExtraCompilerFlags":	"-MMD -MP      -mlittle-endian -mxl-barrel-shift -mxl-pattern-compare -mcpu=v9.2 -mxl-soft-mul -Os -flto -ffat-lto-objects  ",
	"platPreBuiltFlag":	false,
	"platformSamplesDir":	"",
	"platActiveSys":	"design_1_wrapper",
	"systems":	[{
			"systemName":	"design_1_wrapper",
			"systemDesc":	"design_1_wrapper",
			"sysIsBootAutoGen":	"true",
			"systemDispName":	"design_1_wrapper",
			"sysActiveDom":	"zynqmp_pmufw",
			"sysDefaultDom":	"",
			"domains":	[{
					"domainName":	"zynqmp_fsbl",
					"domainDispName":	"zynqmp_fsbl",
					"domainDesc":	"FSBL Application BSP - Auto Generated.",
					"processors":	"psu_cortexa53_0",
					"os":	"standalone",
					"sdxOs":	"standalone",
					"debugEnable":	"",
					"domRuntimes":	["cpp"],
					"swRepo":	"",
					"mssOsVer":	"7.7",
					"mssFile":	"",
					"md5Digest":	"aa376723b3fc27c4732a5c93a0b64950",
					"compatibleApp":	"zynqmp_fsbl",
					"domType":	"bootDomain",
					"arch":	"64-bit",
					"appSettings":	{
						"appCompilerFlags":	"",
						"appLinkerFlags":	""
					},
					"addedLibs":	["xilffs:4.7", "xilsecure:4.7", "xilpm:4.0"],
					"libOptions":	{
						"standalone":	{
							"zynqmp_fsbl_bsp":	"true",
							"libOptionNames":	["zynqmp_fsbl_bsp"]
						},
						"xilffs":	{
							"read_only":	"true",
							"use_mkfs":	"false",
							"libOptionNames":	["read_only", "use_mkfs"]
						},
						"xilsecure":	{
							"tpm_support":	"true",
							"libOptionNames":	["tpm_support"]
						},
						"libsContainingOptions":	["standalone", "xilffs", "xilsecure"]
					},
					"prebuiltLibs":	{
						"prebuiltIncPath":	[],
						"prebuiltLibPath":	[]
					},
					"isolation":	{
					}
				}, {
					"domainName":	"zynqmp_pmufw",
					"domainDispName":	"zynqmp_pmufw",
					"domainDesc":	"PMUFW Application BSP - Auto Generated.",
					"processors":	"psu_pmu_0",
					"os":	"standalone",
					"sdxOs":	"standalone",
					"debugEnable":	"",
					"domRuntimes":	["cpp"],
					"swRepo":	"",
					"mssOsVer":	"7.7",
					"mssFile":	"",
					"md5Digest":	"74f37d2df90ed5543bc2becd26dc4eb2",
					"compatibleApp":	"zynqmp_pmufw",
					"domType":	"bootDomain",
					"arch":	"32-bit",
					"appSettings":	{
						"appCompilerFlags":	"",
						"appLinkerFlags":	""
					},
					"addedLibs":	["xilfpga:6.2", "xilsecure:4.7", "xilskey:7.3"],
					"libOptions":	{
						"psu_pmu_0":	{
							"extra_compiler_flags":	"-g -ffunction-sections -fdata-sections -Wall -Wextra -fno-tree-loop-distribute-patterns  -Os -flto -ffat-lto-objects",
							"libOptionNames":	["extra_compiler_flags"]
						},
						"libsContainingOptions":	["psu_pmu_0"]
					},
					"prebuiltLibs":	{
						"prebuiltIncPath":	[],
						"prebuiltLibPath":	[]
					},
					"isolation":	{
					}
				}]
		}]
}
TRACE::2025-07-24.17:30:07::SCWMssOS::Saving the mss changes /home/call_me_utka/Documents/Projects/aes-ultra96-v2-playground/LED_Blink/design_1_wrapper/zynqmp_fsbl/zynqmp_fsbl_bsp/system.mss
TRACE::2025-07-24.17:30:07::SCWMssOS::Found a swdesign opened with the mssfile.
TRACE::2025-07-24.17:30:07::SCWMssOS::Completed writemss as part of save.
TRACE::2025-07-24.17:30:07::SCWMssOS::Commit changes completed.
TRACE::2025-07-24.17:30:07::SCWMssOS::Saving the mss changes /home/call_me_utka/Documents/Projects/aes-ultra96-v2-playground/LED_Blink/design_1_wrapper/zynqmp_pmufw/zynqmp_pmufw_bsp/system.mss
TRACE::2025-07-24.17:30:07::SCWMssOS::Found a swdesign opened with the mssfile.
TRACE::2025-07-24.17:30:07::SCWMssOS::Completed writemss as part of save.
TRACE::2025-07-24.17:30:07::SCWMssOS::Commit changes completed.
TRACE::2025-07-24.17:30:07::SCWPlatform::Trying to open the hw design at /home/call_me_utka/Documents/Projects/aes-ultra96-v2-playground/LED_Blink/design_1_wrapper/hw/design_1_wrapper.xsa
TRACE::2025-07-24.17:30:07::SCWPlatform::DSA given /home/call_me_utka/Documents/Projects/aes-ultra96-v2-playground/LED_Blink/design_1_wrapper/hw/design_1_wrapper.xsa
TRACE::2025-07-24.17:30:07::SCWPlatform::DSA absoulate path /home/call_me_utka/Documents/Projects/aes-ultra96-v2-playground/LED_Blink/design_1_wrapper/hw/design_1_wrapper.xsa
TRACE::2025-07-24.17:30:07::SCWPlatform::DSA directory /home/call_me_utka/Documents/Projects/aes-ultra96-v2-playground/LED_Blink/design_1_wrapper/hw
TRACE::2025-07-24.17:30:07::SCWPlatform:: Platform Path /home/call_me_utka/Documents/Projects/aes-ultra96-v2-playground/LED_Blink/design_1_wrapper/hw/design_1_wrapper.xsa
TRACE::2025-07-24.17:30:07::SCWPlatform:: Unique name xilinx:ultra96v2::0.0
TRACE::2025-07-24.17:30:07::SCWPlatform::Trying to set the existing hwdb with name design_1_wrapper_3
TRACE::2025-07-24.17:30:07::SCWPlatform::Opened existing hwdb design_1_wrapper_3
TRACE::2025-07-24.17:30:07::SCWPlatform::Found the Hw Db part of the input DSA
TRACE::2025-07-24.17:30:07::SCWMssOS::Checking the sw design at  /home/call_me_utka/Documents/Projects/aes-ultra96-v2-playground/LED_Blink/design_1_wrapper/zynqmp_fsbl/zynqmp_fsbl_bsp/system.mss
TRACE::2025-07-24.17:30:07::SCWMssOS::DEBUG:  swdes dump  /home/call_me_utka/Documents/Projects/aes-ultra96-v2-playground/LED_Blink/design_1_wrapper/zynqmp_fsbl/zynqmp_fsbl_bsp/system.mss|system||
/home/call_me_utka/Documents/Projects/aes-ultra96-v2-playground/LED_Blink/design_1_wrapper/zynqmp_pmufw/zynqmp_pmufw_bsp/system.mss|system_0||

TRACE::2025-07-24.17:30:07::SCWMssOS::Sw design exists and opened at  /home/call_me_utka/Documents/Projects/aes-ultra96-v2-playground/LED_Blink/design_1_wrapper/zynqmp_fsbl/zynqmp_fsbl_bsp/system.mss
TRACE::2025-07-24.17:30:07::SCWPlatform::Trying to open the hw design at /home/call_me_utka/Documents/Projects/aes-ultra96-v2-playground/LED_Blink/design_1_wrapper/hw/design_1_wrapper.xsa
TRACE::2025-07-24.17:30:07::SCWPlatform::DSA given /home/call_me_utka/Documents/Projects/aes-ultra96-v2-playground/LED_Blink/design_1_wrapper/hw/design_1_wrapper.xsa
TRACE::2025-07-24.17:30:07::SCWPlatform::DSA absoulate path /home/call_me_utka/Documents/Projects/aes-ultra96-v2-playground/LED_Blink/design_1_wrapper/hw/design_1_wrapper.xsa
TRACE::2025-07-24.17:30:07::SCWPlatform::DSA directory /home/call_me_utka/Documents/Projects/aes-ultra96-v2-playground/LED_Blink/design_1_wrapper/hw
TRACE::2025-07-24.17:30:07::SCWPlatform:: Platform Path /home/call_me_utka/Documents/Projects/aes-ultra96-v2-playground/LED_Blink/design_1_wrapper/hw/design_1_wrapper.xsa
TRACE::2025-07-24.17:30:07::SCWPlatform:: Unique name xilinx:ultra96v2::0.0
TRACE::2025-07-24.17:30:07::SCWPlatform::Trying to set the existing hwdb with name design_1_wrapper_3
TRACE::2025-07-24.17:30:07::SCWPlatform::Opened existing hwdb design_1_wrapper_3
TRACE::2025-07-24.17:30:07::SCWPlatform::Found the Hw Db part of the input DSA
TRACE::2025-07-24.17:30:07::SCWMssOS::Checking the sw design at  /home/call_me_utka/Documents/Projects/aes-ultra96-v2-playground/LED_Blink/design_1_wrapper/zynqmp_fsbl/zynqmp_fsbl_bsp/system.mss
TRACE::2025-07-24.17:30:07::SCWMssOS::DEBUG:  swdes dump  /home/call_me_utka/Documents/Projects/aes-ultra96-v2-playground/LED_Blink/design_1_wrapper/zynqmp_fsbl/zynqmp_fsbl_bsp/system.mss|system||
/home/call_me_utka/Documents/Projects/aes-ultra96-v2-playground/LED_Blink/design_1_wrapper/zynqmp_pmufw/zynqmp_pmufw_bsp/system.mss|system_0||

TRACE::2025-07-24.17:30:07::SCWMssOS::Sw design exists and opened at  /home/call_me_utka/Documents/Projects/aes-ultra96-v2-playground/LED_Blink/design_1_wrapper/zynqmp_fsbl/zynqmp_fsbl_bsp/system.mss
TRACE::2025-07-24.17:30:07::SCWPlatform::Trying to open the hw design at /home/call_me_utka/Documents/Projects/aes-ultra96-v2-playground/LED_Blink/design_1_wrapper/hw/design_1_wrapper.xsa
TRACE::2025-07-24.17:30:07::SCWPlatform::DSA given /home/call_me_utka/Documents/Projects/aes-ultra96-v2-playground/LED_Blink/design_1_wrapper/hw/design_1_wrapper.xsa
TRACE::2025-07-24.17:30:07::SCWPlatform::DSA absoulate path /home/call_me_utka/Documents/Projects/aes-ultra96-v2-playground/LED_Blink/design_1_wrapper/hw/design_1_wrapper.xsa
TRACE::2025-07-24.17:30:07::SCWPlatform::DSA directory /home/call_me_utka/Documents/Projects/aes-ultra96-v2-playground/LED_Blink/design_1_wrapper/hw
TRACE::2025-07-24.17:30:07::SCWPlatform:: Platform Path /home/call_me_utka/Documents/Projects/aes-ultra96-v2-playground/LED_Blink/design_1_wrapper/hw/design_1_wrapper.xsa
TRACE::2025-07-24.17:30:07::SCWPlatform:: Unique name xilinx:ultra96v2::0.0
TRACE::2025-07-24.17:30:07::SCWPlatform::Trying to set the existing hwdb with name design_1_wrapper_3
TRACE::2025-07-24.17:30:07::SCWPlatform::Opened existing hwdb design_1_wrapper_3
TRACE::2025-07-24.17:30:07::SCWPlatform::Found the Hw Db part of the input DSA
TRACE::2025-07-24.17:30:07::SCWMssOS::Checking the sw design at  /home/call_me_utka/Documents/Projects/aes-ultra96-v2-playground/LED_Blink/design_1_wrapper/zynqmp_fsbl/zynqmp_fsbl_bsp/system.mss
TRACE::2025-07-24.17:30:07::SCWMssOS::DEBUG:  swdes dump  /home/call_me_utka/Documents/Projects/aes-ultra96-v2-playground/LED_Blink/design_1_wrapper/zynqmp_fsbl/zynqmp_fsbl_bsp/system.mss|system||
/home/call_me_utka/Documents/Projects/aes-ultra96-v2-playground/LED_Blink/design_1_wrapper/zynqmp_pmufw/zynqmp_pmufw_bsp/system.mss|system_0||

TRACE::2025-07-24.17:30:07::SCWMssOS::Sw design exists and opened at  /home/call_me_utka/Documents/Projects/aes-ultra96-v2-playground/LED_Blink/design_1_wrapper/zynqmp_fsbl/zynqmp_fsbl_bsp/system.mss
TRACE::2025-07-24.17:30:07::SCWPlatform::Trying to open the hw design at /home/call_me_utka/Documents/Projects/aes-ultra96-v2-playground/LED_Blink/design_1_wrapper/hw/design_1_wrapper.xsa
TRACE::2025-07-24.17:30:07::SCWPlatform::DSA given /home/call_me_utka/Documents/Projects/aes-ultra96-v2-playground/LED_Blink/design_1_wrapper/hw/design_1_wrapper.xsa
TRACE::2025-07-24.17:30:07::SCWPlatform::DSA absoulate path /home/call_me_utka/Documents/Projects/aes-ultra96-v2-playground/LED_Blink/design_1_wrapper/hw/design_1_wrapper.xsa
TRACE::2025-07-24.17:30:07::SCWPlatform::DSA directory /home/call_me_utka/Documents/Projects/aes-ultra96-v2-playground/LED_Blink/design_1_wrapper/hw
TRACE::2025-07-24.17:30:07::SCWPlatform:: Platform Path /home/call_me_utka/Documents/Projects/aes-ultra96-v2-playground/LED_Blink/design_1_wrapper/hw/design_1_wrapper.xsa
TRACE::2025-07-24.17:30:07::SCWPlatform:: Unique name xilinx:ultra96v2::0.0
TRACE::2025-07-24.17:30:07::SCWPlatform::Trying to set the existing hwdb with name design_1_wrapper_3
TRACE::2025-07-24.17:30:07::SCWPlatform::Opened existing hwdb design_1_wrapper_3
TRACE::2025-07-24.17:30:07::SCWPlatform::Found the Hw Db part of the input DSA
TRACE::2025-07-24.17:30:07::SCWMssOS::Checking the sw design at  /home/call_me_utka/Documents/Projects/aes-ultra96-v2-playground/LED_Blink/design_1_wrapper/zynqmp_pmufw/zynqmp_pmufw_bsp/system.mss
TRACE::2025-07-24.17:30:07::SCWMssOS::DEBUG:  swdes dump  /home/call_me_utka/Documents/Projects/aes-ultra96-v2-playground/LED_Blink/design_1_wrapper/zynqmp_fsbl/zynqmp_fsbl_bsp/system.mss|system||
/home/call_me_utka/Documents/Projects/aes-ultra96-v2-playground/LED_Blink/design_1_wrapper/zynqmp_pmufw/zynqmp_pmufw_bsp/system.mss|system_0||

TRACE::2025-07-24.17:30:07::SCWMssOS::Sw design exists and opened at  /home/call_me_utka/Documents/Projects/aes-ultra96-v2-playground/LED_Blink/design_1_wrapper/zynqmp_pmufw/zynqmp_pmufw_bsp/system.mss
TRACE::2025-07-24.17:30:07::SCWPlatform::Trying to open the hw design at /home/call_me_utka/Documents/Projects/aes-ultra96-v2-playground/LED_Blink/design_1_wrapper/hw/design_1_wrapper.xsa
TRACE::2025-07-24.17:30:07::SCWPlatform::DSA given /home/call_me_utka/Documents/Projects/aes-ultra96-v2-playground/LED_Blink/design_1_wrapper/hw/design_1_wrapper.xsa
TRACE::2025-07-24.17:30:07::SCWPlatform::DSA absoulate path /home/call_me_utka/Documents/Projects/aes-ultra96-v2-playground/LED_Blink/design_1_wrapper/hw/design_1_wrapper.xsa
TRACE::2025-07-24.17:30:07::SCWPlatform::DSA directory /home/call_me_utka/Documents/Projects/aes-ultra96-v2-playground/LED_Blink/design_1_wrapper/hw
TRACE::2025-07-24.17:30:07::SCWPlatform:: Platform Path /home/call_me_utka/Documents/Projects/aes-ultra96-v2-playground/LED_Blink/design_1_wrapper/hw/design_1_wrapper.xsa
TRACE::2025-07-24.17:30:07::SCWPlatform:: Unique name xilinx:ultra96v2::0.0
TRACE::2025-07-24.17:30:07::SCWPlatform::Trying to set the existing hwdb with name design_1_wrapper_3
TRACE::2025-07-24.17:30:07::SCWPlatform::Opened existing hwdb design_1_wrapper_3
TRACE::2025-07-24.17:30:07::SCWPlatform::Found the Hw Db part of the input DSA
TRACE::2025-07-24.17:30:07::SCWMssOS::Checking the sw design at  /home/call_me_utka/Documents/Projects/aes-ultra96-v2-playground/LED_Blink/design_1_wrapper/zynqmp_pmufw/zynqmp_pmufw_bsp/system.mss
TRACE::2025-07-24.17:30:07::SCWMssOS::DEBUG:  swdes dump  /home/call_me_utka/Documents/Projects/aes-ultra96-v2-playground/LED_Blink/design_1_wrapper/zynqmp_fsbl/zynqmp_fsbl_bsp/system.mss|system||
/home/call_me_utka/Documents/Projects/aes-ultra96-v2-playground/LED_Blink/design_1_wrapper/zynqmp_pmufw/zynqmp_pmufw_bsp/system.mss|system_0||

TRACE::2025-07-24.17:30:07::SCWMssOS::Sw design exists and opened at  /home/call_me_utka/Documents/Projects/aes-ultra96-v2-playground/LED_Blink/design_1_wrapper/zynqmp_pmufw/zynqmp_pmufw_bsp/system.mss
TRACE::2025-07-24.17:30:07::SCWPlatform::Trying to open the hw design at /home/call_me_utka/Documents/Projects/aes-ultra96-v2-playground/LED_Blink/design_1_wrapper/hw/design_1_wrapper.xsa
TRACE::2025-07-24.17:30:07::SCWPlatform::DSA given /home/call_me_utka/Documents/Projects/aes-ultra96-v2-playground/LED_Blink/design_1_wrapper/hw/design_1_wrapper.xsa
TRACE::2025-07-24.17:30:07::SCWPlatform::DSA absoulate path /home/call_me_utka/Documents/Projects/aes-ultra96-v2-playground/LED_Blink/design_1_wrapper/hw/design_1_wrapper.xsa
TRACE::2025-07-24.17:30:07::SCWPlatform::DSA directory /home/call_me_utka/Documents/Projects/aes-ultra96-v2-playground/LED_Blink/design_1_wrapper/hw
TRACE::2025-07-24.17:30:07::SCWPlatform:: Platform Path /home/call_me_utka/Documents/Projects/aes-ultra96-v2-playground/LED_Blink/design_1_wrapper/hw/design_1_wrapper.xsa
TRACE::2025-07-24.17:30:07::SCWPlatform:: Unique name xilinx:ultra96v2::0.0
TRACE::2025-07-24.17:30:07::SCWPlatform::Trying to set the existing hwdb with name design_1_wrapper_3
TRACE::2025-07-24.17:30:07::SCWPlatform::Opened existing hwdb design_1_wrapper_3
TRACE::2025-07-24.17:30:07::SCWPlatform::Found the Hw Db part of the input DSA
TRACE::2025-07-24.17:30:07::SCWMssOS::Checking the sw design at  /home/call_me_utka/Documents/Projects/aes-ultra96-v2-playground/LED_Blink/design_1_wrapper/zynqmp_pmufw/zynqmp_pmufw_bsp/system.mss
TRACE::2025-07-24.17:30:07::SCWMssOS::DEBUG:  swdes dump  /home/call_me_utka/Documents/Projects/aes-ultra96-v2-playground/LED_Blink/design_1_wrapper/zynqmp_fsbl/zynqmp_fsbl_bsp/system.mss|system||
/home/call_me_utka/Documents/Projects/aes-ultra96-v2-playground/LED_Blink/design_1_wrapper/zynqmp_pmufw/zynqmp_pmufw_bsp/system.mss|system_0||

TRACE::2025-07-24.17:30:07::SCWMssOS::Sw design exists and opened at  /home/call_me_utka/Documents/Projects/aes-ultra96-v2-playground/LED_Blink/design_1_wrapper/zynqmp_pmufw/zynqmp_pmufw_bsp/system.mss
TRACE::2025-07-24.17:30:07::SCWWriter::formatted JSON is {
	"platformName":	"design_1_wrapper",
	"sprVersion":	"2.0",
	"mode":	"gui",
	"dsaType":	"Fixed",
	"platformDesc":	"design_1_wrapper",
	"platHandOff":	"/home/call_me_utka/Documents/Projects/aes-ultra96-v2-playground/Custom_IP/design_1_wrapper.xsa",
	"platIntHandOff":	"<platformDir>/hw/design_1_wrapper.xsa",
	"deviceType":	"zynqMP",
	"platIsPrebuiltAutogen":	"false",
	"platIsNoBootBsp":	"false",
	"platFsblTarget":	"psu_cortexa53_0",
	"hasFsblMakeHasChanges":	"false",
	"hasPmufwMakeHasChanges":	"false",
	"fsblExtraCompilerFlags":	"-MMD -MP      -Wall -fmessage-length=0 -DARMA53_64 -Os -flto -ffat-lto-objects  ",
	"pmufwExtraCompilerFlags":	"-MMD -MP      -mlittle-endian -mxl-barrel-shift -mxl-pattern-compare -mcpu=v9.2 -mxl-soft-mul -Os -flto -ffat-lto-objects  ",
	"platPreBuiltFlag":	false,
	"platformSamplesDir":	"",
	"platActiveSys":	"design_1_wrapper",
	"systems":	[{
			"systemName":	"design_1_wrapper",
			"systemDesc":	"design_1_wrapper",
			"sysIsBootAutoGen":	"true",
			"systemDispName":	"design_1_wrapper",
			"sysActiveDom":	"zynqmp_pmufw",
			"sysDefaultDom":	"",
			"domains":	[{
					"domainName":	"zynqmp_fsbl",
					"domainDispName":	"zynqmp_fsbl",
					"domainDesc":	"FSBL Application BSP - Auto Generated.",
					"processors":	"psu_cortexa53_0",
					"os":	"standalone",
					"sdxOs":	"standalone",
					"debugEnable":	"",
					"domRuntimes":	["cpp"],
					"swRepo":	"",
					"mssOsVer":	"7.7",
					"mssFile":	"",
					"md5Digest":	"aa376723b3fc27c4732a5c93a0b64950",
					"compatibleApp":	"zynqmp_fsbl",
					"domType":	"bootDomain",
					"arch":	"64-bit",
					"appSettings":	{
						"appCompilerFlags":	"",
						"appLinkerFlags":	""
					},
					"addedLibs":	["xilffs:4.7", "xilsecure:4.7", "xilpm:4.0"],
					"libOptions":	{
						"standalone":	{
							"zynqmp_fsbl_bsp":	"true",
							"libOptionNames":	["zynqmp_fsbl_bsp"]
						},
						"xilffs":	{
							"read_only":	"true",
							"use_mkfs":	"false",
							"libOptionNames":	["read_only", "use_mkfs"]
						},
						"xilsecure":	{
							"tpm_support":	"true",
							"libOptionNames":	["tpm_support"]
						},
						"libsContainingOptions":	["standalone", "xilffs", "xilsecure"]
					},
					"prebuiltLibs":	{
						"prebuiltIncPath":	[],
						"prebuiltLibPath":	[]
					},
					"isolation":	{
					}
				}, {
					"domainName":	"zynqmp_pmufw",
					"domainDispName":	"zynqmp_pmufw",
					"domainDesc":	"PMUFW Application BSP - Auto Generated.",
					"processors":	"psu_pmu_0",
					"os":	"standalone",
					"sdxOs":	"standalone",
					"debugEnable":	"",
					"domRuntimes":	["cpp"],
					"swRepo":	"",
					"mssOsVer":	"7.7",
					"mssFile":	"",
					"md5Digest":	"74f37d2df90ed5543bc2becd26dc4eb2",
					"compatibleApp":	"zynqmp_pmufw",
					"domType":	"bootDomain",
					"arch":	"32-bit",
					"appSettings":	{
						"appCompilerFlags":	"",
						"appLinkerFlags":	""
					},
					"addedLibs":	["xilfpga:6.2", "xilsecure:4.7", "xilskey:7.3"],
					"libOptions":	{
						"psu_pmu_0":	{
							"extra_compiler_flags":	"-g -ffunction-sections -fdata-sections -Wall -Wextra -fno-tree-loop-distribute-patterns  -Os -flto -ffat-lto-objects",
							"libOptionNames":	["extra_compiler_flags"]
						},
						"libsContainingOptions":	["psu_pmu_0"]
					},
					"prebuiltLibs":	{
						"prebuiltIncPath":	[],
						"prebuiltLibPath":	[]
					},
					"isolation":	{
					}
				}]
		}]
}
TRACE::2025-07-24.17:30:07::SCWPlatform::Trying to open the hw design at /home/call_me_utka/Documents/Projects/aes-ultra96-v2-playground/LED_Blink/design_1_wrapper/hw/design_1_wrapper.xsa
TRACE::2025-07-24.17:30:07::SCWPlatform::DSA given /home/call_me_utka/Documents/Projects/aes-ultra96-v2-playground/LED_Blink/design_1_wrapper/hw/design_1_wrapper.xsa
TRACE::2025-07-24.17:30:07::SCWPlatform::DSA absoulate path /home/call_me_utka/Documents/Projects/aes-ultra96-v2-playground/LED_Blink/design_1_wrapper/hw/design_1_wrapper.xsa
TRACE::2025-07-24.17:30:07::SCWPlatform::DSA directory /home/call_me_utka/Documents/Projects/aes-ultra96-v2-playground/LED_Blink/design_1_wrapper/hw
TRACE::2025-07-24.17:30:07::SCWPlatform:: Platform Path /home/call_me_utka/Documents/Projects/aes-ultra96-v2-playground/LED_Blink/design_1_wrapper/hw/design_1_wrapper.xsa
TRACE::2025-07-24.17:30:07::SCWPlatform:: Unique name xilinx:ultra96v2::0.0
TRACE::2025-07-24.17:30:07::SCWPlatform::Trying to set the existing hwdb with name design_1_wrapper_3
TRACE::2025-07-24.17:30:07::SCWPlatform::Opened existing hwdb design_1_wrapper_3
TRACE::2025-07-24.17:30:07::SCWPlatform::Found the Hw Db part of the input DSA
TRACE::2025-07-24.17:30:07::SCWDomain::checking for install qemu data   : 
TRACE::2025-07-24.17:30:07::SCWDomain:: Using the QEMU Data from install at  : /tools/Xilinx/Vitis/2022.1/data/emulation/platforms/zynqmp/sw/a53_standalone/qemu/
TRACE::2025-07-24.17:30:07::SCWDomain:: Using the QEMU args  from install at  : /tools/Xilinx/Vitis/2022.1/data/emulation/platforms/zynqmp/sw/a53_standalone/qemu/qemu_args.txt
TRACE::2025-07-24.17:30:07::SCWDomain:: Using the PMUQEMU args from install at  : /tools/Xilinx/Vitis/2022.1/data/emulation/platforms/zynqmp/sw/a53_standalone/qemu/pmu_args.txt
TRACE::2025-07-24.17:30:07::SCWPlatform::Trying to open the hw design at /home/call_me_utka/Documents/Projects/aes-ultra96-v2-playground/LED_Blink/design_1_wrapper/hw/design_1_wrapper.xsa
TRACE::2025-07-24.17:30:07::SCWPlatform::DSA given /home/call_me_utka/Documents/Projects/aes-ultra96-v2-playground/LED_Blink/design_1_wrapper/hw/design_1_wrapper.xsa
TRACE::2025-07-24.17:30:07::SCWPlatform::DSA absoulate path /home/call_me_utka/Documents/Projects/aes-ultra96-v2-playground/LED_Blink/design_1_wrapper/hw/design_1_wrapper.xsa
TRACE::2025-07-24.17:30:07::SCWPlatform::DSA directory /home/call_me_utka/Documents/Projects/aes-ultra96-v2-playground/LED_Blink/design_1_wrapper/hw
TRACE::2025-07-24.17:30:07::SCWPlatform:: Platform Path /home/call_me_utka/Documents/Projects/aes-ultra96-v2-playground/LED_Blink/design_1_wrapper/hw/design_1_wrapper.xsa
TRACE::2025-07-24.17:30:07::SCWPlatform:: Unique name xilinx:ultra96v2::0.0
TRACE::2025-07-24.17:30:07::SCWPlatform::Trying to set the existing hwdb with name design_1_wrapper_3
TRACE::2025-07-24.17:30:07::SCWPlatform::Opened existing hwdb design_1_wrapper_3
TRACE::2025-07-24.17:30:07::SCWPlatform::Found the Hw Db part of the input DSA
TRACE::2025-07-24.17:30:07::SCWPlatform::Trying to open the hw design at /home/call_me_utka/Documents/Projects/aes-ultra96-v2-playground/LED_Blink/design_1_wrapper/hw/design_1_wrapper.xsa
TRACE::2025-07-24.17:30:07::SCWPlatform::DSA given /home/call_me_utka/Documents/Projects/aes-ultra96-v2-playground/LED_Blink/design_1_wrapper/hw/design_1_wrapper.xsa
TRACE::2025-07-24.17:30:07::SCWPlatform::DSA absoulate path /home/call_me_utka/Documents/Projects/aes-ultra96-v2-playground/LED_Blink/design_1_wrapper/hw/design_1_wrapper.xsa
TRACE::2025-07-24.17:30:07::SCWPlatform::DSA directory /home/call_me_utka/Documents/Projects/aes-ultra96-v2-playground/LED_Blink/design_1_wrapper/hw
TRACE::2025-07-24.17:30:07::SCWPlatform:: Platform Path /home/call_me_utka/Documents/Projects/aes-ultra96-v2-playground/LED_Blink/design_1_wrapper/hw/design_1_wrapper.xsa
TRACE::2025-07-24.17:30:07::SCWPlatform:: Unique name xilinx:ultra96v2::0.0
TRACE::2025-07-24.17:30:07::SCWPlatform::Trying to set the existing hwdb with name design_1_wrapper_3
TRACE::2025-07-24.17:30:07::SCWPlatform::Opened existing hwdb design_1_wrapper_3
TRACE::2025-07-24.17:30:07::SCWPlatform::Found the Hw Db part of the input DSA
TRACE::2025-07-24.17:30:07::SCWDomain::Qemu Directory name is changed from "" to "qemu"
TRACE::2025-07-24.17:30:07::SCWPlatform::Trying to open the hw design at /home/call_me_utka/Documents/Projects/aes-ultra96-v2-playground/LED_Blink/design_1_wrapper/hw/design_1_wrapper.xsa
TRACE::2025-07-24.17:30:07::SCWPlatform::DSA given /home/call_me_utka/Documents/Projects/aes-ultra96-v2-playground/LED_Blink/design_1_wrapper/hw/design_1_wrapper.xsa
TRACE::2025-07-24.17:30:07::SCWPlatform::DSA absoulate path /home/call_me_utka/Documents/Projects/aes-ultra96-v2-playground/LED_Blink/design_1_wrapper/hw/design_1_wrapper.xsa
TRACE::2025-07-24.17:30:07::SCWPlatform::DSA directory /home/call_me_utka/Documents/Projects/aes-ultra96-v2-playground/LED_Blink/design_1_wrapper/hw
TRACE::2025-07-24.17:30:07::SCWPlatform:: Platform Path /home/call_me_utka/Documents/Projects/aes-ultra96-v2-playground/LED_Blink/design_1_wrapper/hw/design_1_wrapper.xsa
TRACE::2025-07-24.17:30:07::SCWPlatform:: Unique name xilinx:ultra96v2::0.0
TRACE::2025-07-24.17:30:07::SCWPlatform::Trying to set the existing hwdb with name design_1_wrapper_3
TRACE::2025-07-24.17:30:07::SCWPlatform::Opened existing hwdb design_1_wrapper_3
TRACE::2025-07-24.17:30:07::SCWPlatform::Found the Hw Db part of the input DSA
TRACE::2025-07-24.17:30:07::SCWMssOS::Checking the sw design at  /home/call_me_utka/Documents/Projects/aes-ultra96-v2-playground/LED_Blink/design_1_wrapper/psu_cortexa53_0/standalone_psu_cortexa53_0/bsp/system.mss
TRACE::2025-07-24.17:30:07::SCWMssOS::DEBUG:  swdes dump  /home/call_me_utka/Documents/Projects/aes-ultra96-v2-playground/LED_Blink/design_1_wrapper/zynqmp_fsbl/zynqmp_fsbl_bsp/system.mss|system||
/home/call_me_utka/Documents/Projects/aes-ultra96-v2-playground/LED_Blink/design_1_wrapper/zynqmp_pmufw/zynqmp_pmufw_bsp/system.mss|system_0||

TRACE::2025-07-24.17:30:07::SCWMssOS::No sw design opened at  /home/call_me_utka/Documents/Projects/aes-ultra96-v2-playground/LED_Blink/design_1_wrapper/psu_cortexa53_0/standalone_psu_cortexa53_0/bsp/system.mss
TRACE::2025-07-24.17:30:07::SCWMssOS::mss does not exists at /home/call_me_utka/Documents/Projects/aes-ultra96-v2-playground/LED_Blink/design_1_wrapper/psu_cortexa53_0/standalone_psu_cortexa53_0/bsp/system.mss
TRACE::2025-07-24.17:30:07::SCWMssOS::Creating sw design at  /home/call_me_utka/Documents/Projects/aes-ultra96-v2-playground/LED_Blink/design_1_wrapper/psu_cortexa53_0/standalone_psu_cortexa53_0/bsp/system.mss
TRACE::2025-07-24.17:30:07::SCWMssOS::Adding the swdes entry, created swdb /home/call_me_utka/Documents/Projects/aes-ultra96-v2-playground/LED_Blink/design_1_wrapper/psu_cortexa53_0/standalone_psu_cortexa53_0/bsp/system.mss with des name /home/call_me_utka/Documents/Projects/aes-ultra96-v2-playground/LED_Blink/design_1_wrapper/psu_cortexa53_0/standalone_psu_cortexa53_0/bsp/system.mss
TRACE::2025-07-24.17:30:07::SCWMssOS::updating the scw layer changes to swdes at   /home/call_me_utka/Documents/Projects/aes-ultra96-v2-playground/LED_Blink/design_1_wrapper/psu_cortexa53_0/standalone_psu_cortexa53_0/bsp/system.mss
TRACE::2025-07-24.17:30:07::SCWMssOS::Writing mss at /home/call_me_utka/Documents/Projects/aes-ultra96-v2-playground/LED_Blink/design_1_wrapper/psu_cortexa53_0/standalone_psu_cortexa53_0/bsp/system.mss
TRACE::2025-07-24.17:30:07::SCWMssOS::Completed writing the mss file at /home/call_me_utka/Documents/Projects/aes-ultra96-v2-playground/LED_Blink/design_1_wrapper/psu_cortexa53_0/standalone_psu_cortexa53_0/bsp
TRACE::2025-07-24.17:30:07::SCWMssOS::Picking up changes from newly written mss file into SCW Layer. 
TRACE::2025-07-24.17:30:07::SCWMssOS::Updated the changes from newly written mss file into SCW Layer. 
TRACE::2025-07-24.17:30:07::SCWMssOS::Completed writing the mss file at /home/call_me_utka/Documents/Projects/aes-ultra96-v2-playground/LED_Blink/design_1_wrapper/psu_cortexa53_0/standalone_psu_cortexa53_0/bsp
TRACE::2025-07-24.17:30:07::SCWMssOS::Forcing BSP Sources regeneration.
TRACE::2025-07-24.17:30:07::SCWMssOS::Saving the mss changes /home/call_me_utka/Documents/Projects/aes-ultra96-v2-playground/LED_Blink/design_1_wrapper/zynqmp_fsbl/zynqmp_fsbl_bsp/system.mss
TRACE::2025-07-24.17:30:07::SCWMssOS::Found a swdesign opened with the mssfile.
TRACE::2025-07-24.17:30:07::SCWMssOS::Completed writemss as part of save.
TRACE::2025-07-24.17:30:07::SCWMssOS::Commit changes completed.
TRACE::2025-07-24.17:30:07::SCWMssOS::Saving the mss changes /home/call_me_utka/Documents/Projects/aes-ultra96-v2-playground/LED_Blink/design_1_wrapper/zynqmp_pmufw/zynqmp_pmufw_bsp/system.mss
TRACE::2025-07-24.17:30:07::SCWMssOS::Found a swdesign opened with the mssfile.
TRACE::2025-07-24.17:30:07::SCWMssOS::Completed writemss as part of save.
TRACE::2025-07-24.17:30:07::SCWMssOS::Commit changes completed.
TRACE::2025-07-24.17:30:07::SCWMssOS::Saving the mss changes /home/call_me_utka/Documents/Projects/aes-ultra96-v2-playground/LED_Blink/design_1_wrapper/psu_cortexa53_0/standalone_psu_cortexa53_0/bsp/system.mss
TRACE::2025-07-24.17:30:07::SCWMssOS::Adding the swdes entry, mss present, able to open swdb /home/call_me_utka/Documents/Projects/aes-ultra96-v2-playground/LED_Blink/design_1_wrapper/psu_cortexa53_0/standalone_psu_cortexa53_0/bsp/system.mss with des name system_1
TRACE::2025-07-24.17:30:07::SCWMssOS::Writing the mss file completed /home/call_me_utka/Documents/Projects/aes-ultra96-v2-playground/LED_Blink/design_1_wrapper/psu_cortexa53_0/standalone_psu_cortexa53_0/bsp/system.mss
TRACE::2025-07-24.17:30:07::SCWMssOS::Commit changes completed.
TRACE::2025-07-24.17:30:07::SCWPlatform::Trying to open the hw design at /home/call_me_utka/Documents/Projects/aes-ultra96-v2-playground/LED_Blink/design_1_wrapper/hw/design_1_wrapper.xsa
TRACE::2025-07-24.17:30:07::SCWPlatform::DSA given /home/call_me_utka/Documents/Projects/aes-ultra96-v2-playground/LED_Blink/design_1_wrapper/hw/design_1_wrapper.xsa
TRACE::2025-07-24.17:30:07::SCWPlatform::DSA absoulate path /home/call_me_utka/Documents/Projects/aes-ultra96-v2-playground/LED_Blink/design_1_wrapper/hw/design_1_wrapper.xsa
TRACE::2025-07-24.17:30:07::SCWPlatform::DSA directory /home/call_me_utka/Documents/Projects/aes-ultra96-v2-playground/LED_Blink/design_1_wrapper/hw
TRACE::2025-07-24.17:30:07::SCWPlatform:: Platform Path /home/call_me_utka/Documents/Projects/aes-ultra96-v2-playground/LED_Blink/design_1_wrapper/hw/design_1_wrapper.xsa
TRACE::2025-07-24.17:30:07::SCWPlatform:: Unique name xilinx:ultra96v2::0.0
TRACE::2025-07-24.17:30:07::SCWPlatform::Trying to set the existing hwdb with name design_1_wrapper_3
TRACE::2025-07-24.17:30:07::SCWPlatform::Opened existing hwdb design_1_wrapper_3
TRACE::2025-07-24.17:30:07::SCWPlatform::Found the Hw Db part of the input DSA
TRACE::2025-07-24.17:30:07::SCWMssOS::Checking the sw design at  /home/call_me_utka/Documents/Projects/aes-ultra96-v2-playground/LED_Blink/design_1_wrapper/zynqmp_fsbl/zynqmp_fsbl_bsp/system.mss
TRACE::2025-07-24.17:30:07::SCWMssOS::DEBUG:  swdes dump  /home/call_me_utka/Documents/Projects/aes-ultra96-v2-playground/LED_Blink/design_1_wrapper/psu_cortexa53_0/standalone_psu_cortexa53_0/bsp/system.mss|system_1||
/home/call_me_utka/Documents/Projects/aes-ultra96-v2-playground/LED_Blink/design_1_wrapper/zynqmp_fsbl/zynqmp_fsbl_bsp/system.mss|system||
/home/call_me_utka/Documents/Projects/aes-ultra96-v2-playground/LED_Blink/design_1_wrapper/zynqmp_pmufw/zynqmp_pmufw_bsp/system.mss|system_0||

TRACE::2025-07-24.17:30:07::SCWMssOS::Sw design exists and opened at  /home/call_me_utka/Documents/Projects/aes-ultra96-v2-playground/LED_Blink/design_1_wrapper/zynqmp_fsbl/zynqmp_fsbl_bsp/system.mss
TRACE::2025-07-24.17:30:07::SCWPlatform::Trying to open the hw design at /home/call_me_utka/Documents/Projects/aes-ultra96-v2-playground/LED_Blink/design_1_wrapper/hw/design_1_wrapper.xsa
TRACE::2025-07-24.17:30:07::SCWPlatform::DSA given /home/call_me_utka/Documents/Projects/aes-ultra96-v2-playground/LED_Blink/design_1_wrapper/hw/design_1_wrapper.xsa
TRACE::2025-07-24.17:30:07::SCWPlatform::DSA absoulate path /home/call_me_utka/Documents/Projects/aes-ultra96-v2-playground/LED_Blink/design_1_wrapper/hw/design_1_wrapper.xsa
TRACE::2025-07-24.17:30:07::SCWPlatform::DSA directory /home/call_me_utka/Documents/Projects/aes-ultra96-v2-playground/LED_Blink/design_1_wrapper/hw
TRACE::2025-07-24.17:30:07::SCWPlatform:: Platform Path /home/call_me_utka/Documents/Projects/aes-ultra96-v2-playground/LED_Blink/design_1_wrapper/hw/design_1_wrapper.xsa
TRACE::2025-07-24.17:30:07::SCWPlatform:: Unique name xilinx:ultra96v2::0.0
TRACE::2025-07-24.17:30:07::SCWPlatform::Trying to set the existing hwdb with name design_1_wrapper_3
TRACE::2025-07-24.17:30:07::SCWPlatform::Opened existing hwdb design_1_wrapper_3
TRACE::2025-07-24.17:30:07::SCWPlatform::Found the Hw Db part of the input DSA
TRACE::2025-07-24.17:30:07::SCWMssOS::Checking the sw design at  /home/call_me_utka/Documents/Projects/aes-ultra96-v2-playground/LED_Blink/design_1_wrapper/zynqmp_fsbl/zynqmp_fsbl_bsp/system.mss
TRACE::2025-07-24.17:30:07::SCWMssOS::DEBUG:  swdes dump  /home/call_me_utka/Documents/Projects/aes-ultra96-v2-playground/LED_Blink/design_1_wrapper/psu_cortexa53_0/standalone_psu_cortexa53_0/bsp/system.mss|system_1||
/home/call_me_utka/Documents/Projects/aes-ultra96-v2-playground/LED_Blink/design_1_wrapper/zynqmp_fsbl/zynqmp_fsbl_bsp/system.mss|system||
/home/call_me_utka/Documents/Projects/aes-ultra96-v2-playground/LED_Blink/design_1_wrapper/zynqmp_pmufw/zynqmp_pmufw_bsp/system.mss|system_0||

TRACE::2025-07-24.17:30:07::SCWMssOS::Sw design exists and opened at  /home/call_me_utka/Documents/Projects/aes-ultra96-v2-playground/LED_Blink/design_1_wrapper/zynqmp_fsbl/zynqmp_fsbl_bsp/system.mss
TRACE::2025-07-24.17:30:07::SCWPlatform::Trying to open the hw design at /home/call_me_utka/Documents/Projects/aes-ultra96-v2-playground/LED_Blink/design_1_wrapper/hw/design_1_wrapper.xsa
TRACE::2025-07-24.17:30:07::SCWPlatform::DSA given /home/call_me_utka/Documents/Projects/aes-ultra96-v2-playground/LED_Blink/design_1_wrapper/hw/design_1_wrapper.xsa
TRACE::2025-07-24.17:30:07::SCWPlatform::DSA absoulate path /home/call_me_utka/Documents/Projects/aes-ultra96-v2-playground/LED_Blink/design_1_wrapper/hw/design_1_wrapper.xsa
TRACE::2025-07-24.17:30:07::SCWPlatform::DSA directory /home/call_me_utka/Documents/Projects/aes-ultra96-v2-playground/LED_Blink/design_1_wrapper/hw
TRACE::2025-07-24.17:30:07::SCWPlatform:: Platform Path /home/call_me_utka/Documents/Projects/aes-ultra96-v2-playground/LED_Blink/design_1_wrapper/hw/design_1_wrapper.xsa
TRACE::2025-07-24.17:30:07::SCWPlatform:: Unique name xilinx:ultra96v2::0.0
TRACE::2025-07-24.17:30:07::SCWPlatform::Trying to set the existing hwdb with name design_1_wrapper_3
TRACE::2025-07-24.17:30:07::SCWPlatform::Opened existing hwdb design_1_wrapper_3
TRACE::2025-07-24.17:30:07::SCWPlatform::Found the Hw Db part of the input DSA
TRACE::2025-07-24.17:30:07::SCWMssOS::Checking the sw design at  /home/call_me_utka/Documents/Projects/aes-ultra96-v2-playground/LED_Blink/design_1_wrapper/zynqmp_fsbl/zynqmp_fsbl_bsp/system.mss
TRACE::2025-07-24.17:30:07::SCWMssOS::DEBUG:  swdes dump  /home/call_me_utka/Documents/Projects/aes-ultra96-v2-playground/LED_Blink/design_1_wrapper/psu_cortexa53_0/standalone_psu_cortexa53_0/bsp/system.mss|system_1||
/home/call_me_utka/Documents/Projects/aes-ultra96-v2-playground/LED_Blink/design_1_wrapper/zynqmp_fsbl/zynqmp_fsbl_bsp/system.mss|system||
/home/call_me_utka/Documents/Projects/aes-ultra96-v2-playground/LED_Blink/design_1_wrapper/zynqmp_pmufw/zynqmp_pmufw_bsp/system.mss|system_0||

TRACE::2025-07-24.17:30:07::SCWMssOS::Sw design exists and opened at  /home/call_me_utka/Documents/Projects/aes-ultra96-v2-playground/LED_Blink/design_1_wrapper/zynqmp_fsbl/zynqmp_fsbl_bsp/system.mss
TRACE::2025-07-24.17:30:07::SCWPlatform::Trying to open the hw design at /home/call_me_utka/Documents/Projects/aes-ultra96-v2-playground/LED_Blink/design_1_wrapper/hw/design_1_wrapper.xsa
TRACE::2025-07-24.17:30:07::SCWPlatform::DSA given /home/call_me_utka/Documents/Projects/aes-ultra96-v2-playground/LED_Blink/design_1_wrapper/hw/design_1_wrapper.xsa
TRACE::2025-07-24.17:30:07::SCWPlatform::DSA absoulate path /home/call_me_utka/Documents/Projects/aes-ultra96-v2-playground/LED_Blink/design_1_wrapper/hw/design_1_wrapper.xsa
TRACE::2025-07-24.17:30:07::SCWPlatform::DSA directory /home/call_me_utka/Documents/Projects/aes-ultra96-v2-playground/LED_Blink/design_1_wrapper/hw
TRACE::2025-07-24.17:30:07::SCWPlatform:: Platform Path /home/call_me_utka/Documents/Projects/aes-ultra96-v2-playground/LED_Blink/design_1_wrapper/hw/design_1_wrapper.xsa
TRACE::2025-07-24.17:30:07::SCWPlatform:: Unique name xilinx:ultra96v2::0.0
TRACE::2025-07-24.17:30:07::SCWPlatform::Trying to set the existing hwdb with name design_1_wrapper_3
TRACE::2025-07-24.17:30:07::SCWPlatform::Opened existing hwdb design_1_wrapper_3
TRACE::2025-07-24.17:30:07::SCWPlatform::Found the Hw Db part of the input DSA
TRACE::2025-07-24.17:30:07::SCWMssOS::Checking the sw design at  /home/call_me_utka/Documents/Projects/aes-ultra96-v2-playground/LED_Blink/design_1_wrapper/zynqmp_pmufw/zynqmp_pmufw_bsp/system.mss
TRACE::2025-07-24.17:30:07::SCWMssOS::DEBUG:  swdes dump  /home/call_me_utka/Documents/Projects/aes-ultra96-v2-playground/LED_Blink/design_1_wrapper/psu_cortexa53_0/standalone_psu_cortexa53_0/bsp/system.mss|system_1||
/home/call_me_utka/Documents/Projects/aes-ultra96-v2-playground/LED_Blink/design_1_wrapper/zynqmp_fsbl/zynqmp_fsbl_bsp/system.mss|system||
/home/call_me_utka/Documents/Projects/aes-ultra96-v2-playground/LED_Blink/design_1_wrapper/zynqmp_pmufw/zynqmp_pmufw_bsp/system.mss|system_0||

TRACE::2025-07-24.17:30:07::SCWMssOS::Sw design exists and opened at  /home/call_me_utka/Documents/Projects/aes-ultra96-v2-playground/LED_Blink/design_1_wrapper/zynqmp_pmufw/zynqmp_pmufw_bsp/system.mss
TRACE::2025-07-24.17:30:07::SCWPlatform::Trying to open the hw design at /home/call_me_utka/Documents/Projects/aes-ultra96-v2-playground/LED_Blink/design_1_wrapper/hw/design_1_wrapper.xsa
TRACE::2025-07-24.17:30:07::SCWPlatform::DSA given /home/call_me_utka/Documents/Projects/aes-ultra96-v2-playground/LED_Blink/design_1_wrapper/hw/design_1_wrapper.xsa
TRACE::2025-07-24.17:30:07::SCWPlatform::DSA absoulate path /home/call_me_utka/Documents/Projects/aes-ultra96-v2-playground/LED_Blink/design_1_wrapper/hw/design_1_wrapper.xsa
TRACE::2025-07-24.17:30:07::SCWPlatform::DSA directory /home/call_me_utka/Documents/Projects/aes-ultra96-v2-playground/LED_Blink/design_1_wrapper/hw
TRACE::2025-07-24.17:30:07::SCWPlatform:: Platform Path /home/call_me_utka/Documents/Projects/aes-ultra96-v2-playground/LED_Blink/design_1_wrapper/hw/design_1_wrapper.xsa
TRACE::2025-07-24.17:30:07::SCWPlatform:: Unique name xilinx:ultra96v2::0.0
TRACE::2025-07-24.17:30:07::SCWPlatform::Trying to set the existing hwdb with name design_1_wrapper_3
TRACE::2025-07-24.17:30:07::SCWPlatform::Opened existing hwdb design_1_wrapper_3
TRACE::2025-07-24.17:30:07::SCWPlatform::Found the Hw Db part of the input DSA
TRACE::2025-07-24.17:30:07::SCWMssOS::Checking the sw design at  /home/call_me_utka/Documents/Projects/aes-ultra96-v2-playground/LED_Blink/design_1_wrapper/zynqmp_pmufw/zynqmp_pmufw_bsp/system.mss
TRACE::2025-07-24.17:30:07::SCWMssOS::DEBUG:  swdes dump  /home/call_me_utka/Documents/Projects/aes-ultra96-v2-playground/LED_Blink/design_1_wrapper/psu_cortexa53_0/standalone_psu_cortexa53_0/bsp/system.mss|system_1||
/home/call_me_utka/Documents/Projects/aes-ultra96-v2-playground/LED_Blink/design_1_wrapper/zynqmp_fsbl/zynqmp_fsbl_bsp/system.mss|system||
/home/call_me_utka/Documents/Projects/aes-ultra96-v2-playground/LED_Blink/design_1_wrapper/zynqmp_pmufw/zynqmp_pmufw_bsp/system.mss|system_0||

TRACE::2025-07-24.17:30:07::SCWMssOS::Sw design exists and opened at  /home/call_me_utka/Documents/Projects/aes-ultra96-v2-playground/LED_Blink/design_1_wrapper/zynqmp_pmufw/zynqmp_pmufw_bsp/system.mss
TRACE::2025-07-24.17:30:07::SCWPlatform::Trying to open the hw design at /home/call_me_utka/Documents/Projects/aes-ultra96-v2-playground/LED_Blink/design_1_wrapper/hw/design_1_wrapper.xsa
TRACE::2025-07-24.17:30:07::SCWPlatform::DSA given /home/call_me_utka/Documents/Projects/aes-ultra96-v2-playground/LED_Blink/design_1_wrapper/hw/design_1_wrapper.xsa
TRACE::2025-07-24.17:30:07::SCWPlatform::DSA absoulate path /home/call_me_utka/Documents/Projects/aes-ultra96-v2-playground/LED_Blink/design_1_wrapper/hw/design_1_wrapper.xsa
TRACE::2025-07-24.17:30:07::SCWPlatform::DSA directory /home/call_me_utka/Documents/Projects/aes-ultra96-v2-playground/LED_Blink/design_1_wrapper/hw
TRACE::2025-07-24.17:30:07::SCWPlatform:: Platform Path /home/call_me_utka/Documents/Projects/aes-ultra96-v2-playground/LED_Blink/design_1_wrapper/hw/design_1_wrapper.xsa
TRACE::2025-07-24.17:30:07::SCWPlatform:: Unique name xilinx:ultra96v2::0.0
TRACE::2025-07-24.17:30:07::SCWPlatform::Trying to set the existing hwdb with name design_1_wrapper_3
TRACE::2025-07-24.17:30:07::SCWPlatform::Opened existing hwdb design_1_wrapper_3
TRACE::2025-07-24.17:30:07::SCWPlatform::Found the Hw Db part of the input DSA
TRACE::2025-07-24.17:30:07::SCWMssOS::Checking the sw design at  /home/call_me_utka/Documents/Projects/aes-ultra96-v2-playground/LED_Blink/design_1_wrapper/zynqmp_pmufw/zynqmp_pmufw_bsp/system.mss
TRACE::2025-07-24.17:30:07::SCWMssOS::DEBUG:  swdes dump  /home/call_me_utka/Documents/Projects/aes-ultra96-v2-playground/LED_Blink/design_1_wrapper/psu_cortexa53_0/standalone_psu_cortexa53_0/bsp/system.mss|system_1||
/home/call_me_utka/Documents/Projects/aes-ultra96-v2-playground/LED_Blink/design_1_wrapper/zynqmp_fsbl/zynqmp_fsbl_bsp/system.mss|system||
/home/call_me_utka/Documents/Projects/aes-ultra96-v2-playground/LED_Blink/design_1_wrapper/zynqmp_pmufw/zynqmp_pmufw_bsp/system.mss|system_0||

TRACE::2025-07-24.17:30:07::SCWMssOS::Sw design exists and opened at  /home/call_me_utka/Documents/Projects/aes-ultra96-v2-playground/LED_Blink/design_1_wrapper/zynqmp_pmufw/zynqmp_pmufw_bsp/system.mss
TRACE::2025-07-24.17:30:07::SCWPlatform::Trying to open the hw design at /home/call_me_utka/Documents/Projects/aes-ultra96-v2-playground/LED_Blink/design_1_wrapper/hw/design_1_wrapper.xsa
TRACE::2025-07-24.17:30:07::SCWPlatform::DSA given /home/call_me_utka/Documents/Projects/aes-ultra96-v2-playground/LED_Blink/design_1_wrapper/hw/design_1_wrapper.xsa
TRACE::2025-07-24.17:30:07::SCWPlatform::DSA absoulate path /home/call_me_utka/Documents/Projects/aes-ultra96-v2-playground/LED_Blink/design_1_wrapper/hw/design_1_wrapper.xsa
TRACE::2025-07-24.17:30:07::SCWPlatform::DSA directory /home/call_me_utka/Documents/Projects/aes-ultra96-v2-playground/LED_Blink/design_1_wrapper/hw
TRACE::2025-07-24.17:30:07::SCWPlatform:: Platform Path /home/call_me_utka/Documents/Projects/aes-ultra96-v2-playground/LED_Blink/design_1_wrapper/hw/design_1_wrapper.xsa
TRACE::2025-07-24.17:30:07::SCWPlatform:: Unique name xilinx:ultra96v2::0.0
TRACE::2025-07-24.17:30:07::SCWPlatform::Trying to set the existing hwdb with name design_1_wrapper_3
TRACE::2025-07-24.17:30:07::SCWPlatform::Opened existing hwdb design_1_wrapper_3
TRACE::2025-07-24.17:30:07::SCWPlatform::Found the Hw Db part of the input DSA
TRACE::2025-07-24.17:30:07::SCWMssOS::Checking the sw design at  /home/call_me_utka/Documents/Projects/aes-ultra96-v2-playground/LED_Blink/design_1_wrapper/psu_cortexa53_0/standalone_psu_cortexa53_0/bsp/system.mss
TRACE::2025-07-24.17:30:07::SCWMssOS::DEBUG:  swdes dump  /home/call_me_utka/Documents/Projects/aes-ultra96-v2-playground/LED_Blink/design_1_wrapper/psu_cortexa53_0/standalone_psu_cortexa53_0/bsp/system.mss|system_1||
/home/call_me_utka/Documents/Projects/aes-ultra96-v2-playground/LED_Blink/design_1_wrapper/zynqmp_fsbl/zynqmp_fsbl_bsp/system.mss|system||
/home/call_me_utka/Documents/Projects/aes-ultra96-v2-playground/LED_Blink/design_1_wrapper/zynqmp_pmufw/zynqmp_pmufw_bsp/system.mss|system_0||

TRACE::2025-07-24.17:30:07::SCWMssOS::Sw design exists and opened at  /home/call_me_utka/Documents/Projects/aes-ultra96-v2-playground/LED_Blink/design_1_wrapper/psu_cortexa53_0/standalone_psu_cortexa53_0/bsp/system.mss
TRACE::2025-07-24.17:30:07::SCWPlatform::Trying to open the hw design at /home/call_me_utka/Documents/Projects/aes-ultra96-v2-playground/LED_Blink/design_1_wrapper/hw/design_1_wrapper.xsa
TRACE::2025-07-24.17:30:07::SCWPlatform::DSA given /home/call_me_utka/Documents/Projects/aes-ultra96-v2-playground/LED_Blink/design_1_wrapper/hw/design_1_wrapper.xsa
TRACE::2025-07-24.17:30:07::SCWPlatform::DSA absoulate path /home/call_me_utka/Documents/Projects/aes-ultra96-v2-playground/LED_Blink/design_1_wrapper/hw/design_1_wrapper.xsa
TRACE::2025-07-24.17:30:07::SCWPlatform::DSA directory /home/call_me_utka/Documents/Projects/aes-ultra96-v2-playground/LED_Blink/design_1_wrapper/hw
TRACE::2025-07-24.17:30:07::SCWPlatform:: Platform Path /home/call_me_utka/Documents/Projects/aes-ultra96-v2-playground/LED_Blink/design_1_wrapper/hw/design_1_wrapper.xsa
TRACE::2025-07-24.17:30:07::SCWPlatform:: Unique name xilinx:ultra96v2::0.0
TRACE::2025-07-24.17:30:07::SCWPlatform::Trying to set the existing hwdb with name design_1_wrapper_3
TRACE::2025-07-24.17:30:07::SCWPlatform::Opened existing hwdb design_1_wrapper_3
TRACE::2025-07-24.17:30:07::SCWPlatform::Found the Hw Db part of the input DSA
TRACE::2025-07-24.17:30:07::SCWMssOS::Checking the sw design at  /home/call_me_utka/Documents/Projects/aes-ultra96-v2-playground/LED_Blink/design_1_wrapper/psu_cortexa53_0/standalone_psu_cortexa53_0/bsp/system.mss
TRACE::2025-07-24.17:30:07::SCWMssOS::DEBUG:  swdes dump  /home/call_me_utka/Documents/Projects/aes-ultra96-v2-playground/LED_Blink/design_1_wrapper/psu_cortexa53_0/standalone_psu_cortexa53_0/bsp/system.mss|system_1||
/home/call_me_utka/Documents/Projects/aes-ultra96-v2-playground/LED_Blink/design_1_wrapper/zynqmp_fsbl/zynqmp_fsbl_bsp/system.mss|system||
/home/call_me_utka/Documents/Projects/aes-ultra96-v2-playground/LED_Blink/design_1_wrapper/zynqmp_pmufw/zynqmp_pmufw_bsp/system.mss|system_0||

TRACE::2025-07-24.17:30:07::SCWMssOS::Sw design exists and opened at  /home/call_me_utka/Documents/Projects/aes-ultra96-v2-playground/LED_Blink/design_1_wrapper/psu_cortexa53_0/standalone_psu_cortexa53_0/bsp/system.mss
TRACE::2025-07-24.17:30:07::SCWPlatform::Trying to open the hw design at /home/call_me_utka/Documents/Projects/aes-ultra96-v2-playground/LED_Blink/design_1_wrapper/hw/design_1_wrapper.xsa
TRACE::2025-07-24.17:30:07::SCWPlatform::DSA given /home/call_me_utka/Documents/Projects/aes-ultra96-v2-playground/LED_Blink/design_1_wrapper/hw/design_1_wrapper.xsa
TRACE::2025-07-24.17:30:07::SCWPlatform::DSA absoulate path /home/call_me_utka/Documents/Projects/aes-ultra96-v2-playground/LED_Blink/design_1_wrapper/hw/design_1_wrapper.xsa
TRACE::2025-07-24.17:30:07::SCWPlatform::DSA directory /home/call_me_utka/Documents/Projects/aes-ultra96-v2-playground/LED_Blink/design_1_wrapper/hw
TRACE::2025-07-24.17:30:07::SCWPlatform:: Platform Path /home/call_me_utka/Documents/Projects/aes-ultra96-v2-playground/LED_Blink/design_1_wrapper/hw/design_1_wrapper.xsa
TRACE::2025-07-24.17:30:07::SCWPlatform:: Unique name xilinx:ultra96v2::0.0
TRACE::2025-07-24.17:30:07::SCWPlatform::Trying to set the existing hwdb with name design_1_wrapper_3
TRACE::2025-07-24.17:30:07::SCWPlatform::Opened existing hwdb design_1_wrapper_3
TRACE::2025-07-24.17:30:07::SCWPlatform::Found the Hw Db part of the input DSA
TRACE::2025-07-24.17:30:07::SCWMssOS::Checking the sw design at  /home/call_me_utka/Documents/Projects/aes-ultra96-v2-playground/LED_Blink/design_1_wrapper/psu_cortexa53_0/standalone_psu_cortexa53_0/bsp/system.mss
TRACE::2025-07-24.17:30:07::SCWMssOS::DEBUG:  swdes dump  /home/call_me_utka/Documents/Projects/aes-ultra96-v2-playground/LED_Blink/design_1_wrapper/psu_cortexa53_0/standalone_psu_cortexa53_0/bsp/system.mss|system_1||
/home/call_me_utka/Documents/Projects/aes-ultra96-v2-playground/LED_Blink/design_1_wrapper/zynqmp_fsbl/zynqmp_fsbl_bsp/system.mss|system||
/home/call_me_utka/Documents/Projects/aes-ultra96-v2-playground/LED_Blink/design_1_wrapper/zynqmp_pmufw/zynqmp_pmufw_bsp/system.mss|system_0||

TRACE::2025-07-24.17:30:07::SCWMssOS::Sw design exists and opened at  /home/call_me_utka/Documents/Projects/aes-ultra96-v2-playground/LED_Blink/design_1_wrapper/psu_cortexa53_0/standalone_psu_cortexa53_0/bsp/system.mss
TRACE::2025-07-24.17:30:07::SCWWriter::formatted JSON is {
	"platformName":	"design_1_wrapper",
	"sprVersion":	"2.0",
	"mode":	"gui",
	"dsaType":	"Fixed",
	"platformDesc":	"design_1_wrapper",
	"platHandOff":	"/home/call_me_utka/Documents/Projects/aes-ultra96-v2-playground/Custom_IP/design_1_wrapper.xsa",
	"platIntHandOff":	"<platformDir>/hw/design_1_wrapper.xsa",
	"deviceType":	"zynqMP",
	"platIsPrebuiltAutogen":	"false",
	"platIsNoBootBsp":	"false",
	"platFsblTarget":	"psu_cortexa53_0",
	"hasFsblMakeHasChanges":	"false",
	"hasPmufwMakeHasChanges":	"false",
	"fsblExtraCompilerFlags":	"-MMD -MP      -Wall -fmessage-length=0 -DARMA53_64 -Os -flto -ffat-lto-objects  ",
	"pmufwExtraCompilerFlags":	"-MMD -MP      -mlittle-endian -mxl-barrel-shift -mxl-pattern-compare -mcpu=v9.2 -mxl-soft-mul -Os -flto -ffat-lto-objects  ",
	"platPreBuiltFlag":	false,
	"platformSamplesDir":	"",
	"platActiveSys":	"design_1_wrapper",
	"systems":	[{
			"systemName":	"design_1_wrapper",
			"systemDesc":	"design_1_wrapper",
			"sysIsBootAutoGen":	"true",
			"systemDispName":	"design_1_wrapper",
			"sysActiveDom":	"standalone_psu_cortexa53_0",
			"sysDefaultDom":	"standalone_psu_cortexa53_0",
			"domains":	[{
					"domainName":	"zynqmp_fsbl",
					"domainDispName":	"zynqmp_fsbl",
					"domainDesc":	"FSBL Application BSP - Auto Generated.",
					"processors":	"psu_cortexa53_0",
					"os":	"standalone",
					"sdxOs":	"standalone",
					"debugEnable":	"",
					"domRuntimes":	["cpp"],
					"swRepo":	"",
					"mssOsVer":	"7.7",
					"mssFile":	"",
					"md5Digest":	"aa376723b3fc27c4732a5c93a0b64950",
					"compatibleApp":	"zynqmp_fsbl",
					"domType":	"bootDomain",
					"arch":	"64-bit",
					"appSettings":	{
						"appCompilerFlags":	"",
						"appLinkerFlags":	""
					},
					"addedLibs":	["xilffs:4.7", "xilsecure:4.7", "xilpm:4.0"],
					"libOptions":	{
						"standalone":	{
							"zynqmp_fsbl_bsp":	"true",
							"libOptionNames":	["zynqmp_fsbl_bsp"]
						},
						"xilffs":	{
							"read_only":	"true",
							"use_mkfs":	"false",
							"libOptionNames":	["read_only", "use_mkfs"]
						},
						"xilsecure":	{
							"tpm_support":	"true",
							"libOptionNames":	["tpm_support"]
						},
						"libsContainingOptions":	["standalone", "xilffs", "xilsecure"]
					},
					"prebuiltLibs":	{
						"prebuiltIncPath":	[],
						"prebuiltLibPath":	[]
					},
					"isolation":	{
					}
				}, {
					"domainName":	"zynqmp_pmufw",
					"domainDispName":	"zynqmp_pmufw",
					"domainDesc":	"PMUFW Application BSP - Auto Generated.",
					"processors":	"psu_pmu_0",
					"os":	"standalone",
					"sdxOs":	"standalone",
					"debugEnable":	"",
					"domRuntimes":	["cpp"],
					"swRepo":	"",
					"mssOsVer":	"7.7",
					"mssFile":	"",
					"md5Digest":	"74f37d2df90ed5543bc2becd26dc4eb2",
					"compatibleApp":	"zynqmp_pmufw",
					"domType":	"bootDomain",
					"arch":	"32-bit",
					"appSettings":	{
						"appCompilerFlags":	"",
						"appLinkerFlags":	""
					},
					"addedLibs":	["xilfpga:6.2", "xilsecure:4.7", "xilskey:7.3"],
					"libOptions":	{
						"psu_pmu_0":	{
							"extra_compiler_flags":	"-g -ffunction-sections -fdata-sections -Wall -Wextra -fno-tree-loop-distribute-patterns  -Os -flto -ffat-lto-objects",
							"libOptionNames":	["extra_compiler_flags"]
						},
						"libsContainingOptions":	["psu_pmu_0"]
					},
					"prebuiltLibs":	{
						"prebuiltIncPath":	[],
						"prebuiltLibPath":	[]
					},
					"isolation":	{
					}
				}, {
					"domainName":	"standalone_psu_cortexa53_0",
					"domainDispName":	"standalone_psu_cortexa53_0",
					"domainDesc":	"standalone_psu_cortexa53_0",
					"processors":	"psu_cortexa53_0",
					"os":	"standalone",
					"sdxOs":	"standalone",
					"qemuArgs":	"<platformDir>/resources/design_1_wrapper/standalone_psu_cortexa53_0/qemu_args.txt",
					"qemuData":	"<platformDir>/resources/design_1_wrapper/standalone_psu_cortexa53_0/qemu",
					"pmuQemuArgs":	"<platformDir>/resources/design_1_wrapper/standalone_psu_cortexa53_0/pmu_args.txt",
					"debugEnable":	"False",
					"domRuntimes":	["cpp"],
					"swRepo":	"",
					"mssOsVer":	"7.7",
					"mssFile":	"",
					"md5Digest":	"8b736d9b4ee00eff11c2536082f6b570",
					"compatibleApp":	"hello_world",
					"domType":	"mssDomain",
					"arch":	"64-bit",
					"appSettings":	{
						"appCompilerFlags":	"",
						"appLinkerFlags":	""
					},
					"addedLibs":	[],
					"libOptions":	{
						"libsContainingOptions":	[]
					},
					"prebuiltLibs":	{
						"prebuiltIncPath":	[],
						"prebuiltLibPath":	[]
					},
					"isolation":	{
					}
				}]
		}]
}
LOG::2025-07-24.17:30:07::SCWPlatform::Started generating the artifacts platform design_1_wrapper
TRACE::2025-07-24.17:30:07::SCWPlatform::Sanity checking of platform is completed
LOG::2025-07-24.17:30:07::SCWPlatform::Started generating the artifacts for system configuration design_1_wrapper
LOG::2025-07-24.17:30:07::SCWSystem::Checking the domain zynqmp_fsbl
LOG::2025-07-24.17:30:07::SCWSystem::Doing application build for :  zynqmp_fsbl
TRACE::2025-07-24.17:30:07::SCWBDomain::Not a forced makefile updation, No changes are present. 
TRACE::2025-07-24.17:30:07::SCWDomain::Skipping the build for domain :  zynqmp_fsbl
LOG::2025-07-24.17:30:07::SCWSystem::Checking the domain zynqmp_pmufw
LOG::2025-07-24.17:30:07::SCWSystem::Doing application build for :  zynqmp_pmufw
TRACE::2025-07-24.17:30:07::SCWBDomain::Not a forced makefile updation, No changes are present. 
TRACE::2025-07-24.17:30:07::SCWDomain::Skipping the build for domain :  zynqmp_pmufw
LOG::2025-07-24.17:30:07::SCWSystem::Checking the domain standalone_psu_cortexa53_0
LOG::2025-07-24.17:30:07::SCWSystem::Not a boot domain 
LOG::2025-07-24.17:30:07::SCWSystem::Started Processing the domain standalone_psu_cortexa53_0
TRACE::2025-07-24.17:30:07::SCWDomain::Generating domain artifcats
TRACE::2025-07-24.17:30:07::SCWMssOS::Generating standalone artifcats
TRACE::2025-07-24.17:30:07::SCWMssOS::Copying the qemu file from  /home/call_me_utka/Documents/Projects/aes-ultra96-v2-playground/LED_Blink/design_1_wrapper/resources/design_1_wrapper/standalone_psu_cortexa53_0/qemu_args.txt To /home/call_me_utka/Documents/Projects/aes-ultra96-v2-playground/LED_Blink/design_1_wrapper/export/design_1_wrapper/sw/design_1_wrapper/qemu/
TRACE::2025-07-24.17:30:07::SCWMssOS::Copying the qemu file from  /home/call_me_utka/Documents/Projects/aes-ultra96-v2-playground/LED_Blink/design_1_wrapper/resources/design_1_wrapper/standalone_psu_cortexa53_0/qemu_args.txt To /home/call_me_utka/Documents/Projects/aes-ultra96-v2-playground/LED_Blink/design_1_wrapper/export/design_1_wrapper/sw/design_1_wrapper/qemu/
TRACE::2025-07-24.17:30:07::SCWMssOS::Copying the qemu file from  /home/call_me_utka/Documents/Projects/aes-ultra96-v2-playground/LED_Blink/design_1_wrapper/resources/design_1_wrapper/standalone_psu_cortexa53_0/qemu_args.txt To /home/call_me_utka/Documents/Projects/aes-ultra96-v2-playground/LED_Blink/design_1_wrapper/export/design_1_wrapper/sw/design_1_wrapper/standalone_psu_cortexa53_0/qemu/
TRACE::2025-07-24.17:30:07::SCWMssOS::Copying the qemu file from  /home/call_me_utka/Documents/Projects/aes-ultra96-v2-playground/LED_Blink/design_1_wrapper/resources/design_1_wrapper/standalone_psu_cortexa53_0/qemu_args.txt To /home/call_me_utka/Documents/Projects/aes-ultra96-v2-playground/LED_Blink/design_1_wrapper/export/design_1_wrapper/sw/design_1_wrapper/standalone_psu_cortexa53_0/qemu/
TRACE::2025-07-24.17:30:07::SCWMssOS:: Copying the user libraries. 
TRACE::2025-07-24.17:30:07::SCWPlatform::Trying to open the hw design at /home/call_me_utka/Documents/Projects/aes-ultra96-v2-playground/LED_Blink/design_1_wrapper/hw/design_1_wrapper.xsa
TRACE::2025-07-24.17:30:07::SCWPlatform::DSA given /home/call_me_utka/Documents/Projects/aes-ultra96-v2-playground/LED_Blink/design_1_wrapper/hw/design_1_wrapper.xsa
TRACE::2025-07-24.17:30:07::SCWPlatform::DSA absoulate path /home/call_me_utka/Documents/Projects/aes-ultra96-v2-playground/LED_Blink/design_1_wrapper/hw/design_1_wrapper.xsa
TRACE::2025-07-24.17:30:07::SCWPlatform::DSA directory /home/call_me_utka/Documents/Projects/aes-ultra96-v2-playground/LED_Blink/design_1_wrapper/hw
TRACE::2025-07-24.17:30:07::SCWPlatform:: Platform Path /home/call_me_utka/Documents/Projects/aes-ultra96-v2-playground/LED_Blink/design_1_wrapper/hw/design_1_wrapper.xsa
TRACE::2025-07-24.17:30:07::SCWPlatform:: Unique name xilinx:ultra96v2::0.0
TRACE::2025-07-24.17:30:07::SCWPlatform::Trying to set the existing hwdb with name design_1_wrapper_3
TRACE::2025-07-24.17:30:07::SCWPlatform::Opened existing hwdb design_1_wrapper_3
TRACE::2025-07-24.17:30:07::SCWPlatform::Found the Hw Db part of the input DSA
TRACE::2025-07-24.17:30:07::SCWMssOS::Checking the sw design at  /home/call_me_utka/Documents/Projects/aes-ultra96-v2-playground/LED_Blink/design_1_wrapper/psu_cortexa53_0/standalone_psu_cortexa53_0/bsp/system.mss
TRACE::2025-07-24.17:30:07::SCWMssOS::DEBUG:  swdes dump  /home/call_me_utka/Documents/Projects/aes-ultra96-v2-playground/LED_Blink/design_1_wrapper/psu_cortexa53_0/standalone_psu_cortexa53_0/bsp/system.mss|system_1||
/home/call_me_utka/Documents/Projects/aes-ultra96-v2-playground/LED_Blink/design_1_wrapper/zynqmp_fsbl/zynqmp_fsbl_bsp/system.mss|system||
/home/call_me_utka/Documents/Projects/aes-ultra96-v2-playground/LED_Blink/design_1_wrapper/zynqmp_pmufw/zynqmp_pmufw_bsp/system.mss|system_0||

TRACE::2025-07-24.17:30:07::SCWMssOS::Sw design exists and opened at  /home/call_me_utka/Documents/Projects/aes-ultra96-v2-playground/LED_Blink/design_1_wrapper/psu_cortexa53_0/standalone_psu_cortexa53_0/bsp/system.mss
TRACE::2025-07-24.17:30:07::SCWMssOS::Completed writing the mss file at /home/call_me_utka/Documents/Projects/aes-ultra96-v2-playground/LED_Blink/design_1_wrapper/psu_cortexa53_0/standalone_psu_cortexa53_0/bsp
TRACE::2025-07-24.17:30:07::SCWMssOS::Mss edits present, copying mssfile into export location /home/call_me_utka/Documents/Projects/aes-ultra96-v2-playground/LED_Blink/design_1_wrapper/psu_cortexa53_0/standalone_psu_cortexa53_0/bsp/system.mss
TRACE::2025-07-24.17:30:07::SCWMssOS::bsp generated is upto date with the mss file. Skipping bsp generation.
TRACE::2025-07-24.17:30:07::SCWMssOS::BSP is already built. skipping the bsp build ... 
TRACE::2025-07-24.17:30:07::SCWDomain::Skipping the build for domain :  standalone_psu_cortexa53_0
TRACE::2025-07-24.17:30:07::SCWMssOS::skipping the bsp build ... 
TRACE::2025-07-24.17:30:07::SCWMssOS::Copying to export directory.
TRACE::2025-07-24.17:30:07::SCWMssOS:: Checking if to create the Supporting Applications
TRACE::2025-07-24.17:30:07::SCWMssOS:: No Linux domain exists, trying to generate FSBL 
TRACE::2025-07-24.17:30:07::SCWMssOS:: Completed Standalone Artifacts creation 
LOG::2025-07-24.17:30:07::SCWSystem::Completed Processing the domain standalone_psu_cortexa53_0
LOG::2025-07-24.17:30:07::SCWSystem::Completed Processing the sysconfig design_1_wrapper
LOG::2025-07-24.17:30:07::SCWPlatform::Completed generating the artifacts for system configuration design_1_wrapper
TRACE::2025-07-24.17:30:07::SCWPlatform::Started preparing the platform 
TRACE::2025-07-24.17:30:07::SCWSystem::Writing the bif file for system config design_1_wrapper
TRACE::2025-07-24.17:30:07::SCWSystem::dir created 
TRACE::2025-07-24.17:30:07::SCWSystem::Writing the bif 
TRACE::2025-07-24.17:30:07::SCWPlatform::Started writing the spfm file 
TRACE::2025-07-24.17:30:07::SCWPlatform::Started writing the xpfm file 
TRACE::2025-07-24.17:30:07::SCWPlatform::Completed generating the platform
TRACE::2025-07-24.17:30:07::SCWMssOS::Saving the mss changes /home/call_me_utka/Documents/Projects/aes-ultra96-v2-playground/LED_Blink/design_1_wrapper/zynqmp_fsbl/zynqmp_fsbl_bsp/system.mss
TRACE::2025-07-24.17:30:07::SCWMssOS::Found a swdesign opened with the mssfile.
TRACE::2025-07-24.17:30:07::SCWMssOS::Completed writemss as part of save.
TRACE::2025-07-24.17:30:07::SCWMssOS::Commit changes completed.
TRACE::2025-07-24.17:30:07::SCWMssOS::Saving the mss changes /home/call_me_utka/Documents/Projects/aes-ultra96-v2-playground/LED_Blink/design_1_wrapper/zynqmp_pmufw/zynqmp_pmufw_bsp/system.mss
TRACE::2025-07-24.17:30:07::SCWMssOS::Found a swdesign opened with the mssfile.
TRACE::2025-07-24.17:30:07::SCWMssOS::Completed writemss as part of save.
TRACE::2025-07-24.17:30:07::SCWMssOS::Commit changes completed.
TRACE::2025-07-24.17:30:07::SCWMssOS::Saving the mss changes /home/call_me_utka/Documents/Projects/aes-ultra96-v2-playground/LED_Blink/design_1_wrapper/psu_cortexa53_0/standalone_psu_cortexa53_0/bsp/system.mss
TRACE::2025-07-24.17:30:07::SCWMssOS::Found a swdesign opened with the mssfile.
TRACE::2025-07-24.17:30:07::SCWMssOS::Completed writemss as part of save.
TRACE::2025-07-24.17:30:07::SCWMssOS::Commit changes completed.
TRACE::2025-07-24.17:30:07::SCWPlatform::Trying to open the hw design at /home/call_me_utka/Documents/Projects/aes-ultra96-v2-playground/LED_Blink/design_1_wrapper/hw/design_1_wrapper.xsa
TRACE::2025-07-24.17:30:07::SCWPlatform::DSA given /home/call_me_utka/Documents/Projects/aes-ultra96-v2-playground/LED_Blink/design_1_wrapper/hw/design_1_wrapper.xsa
TRACE::2025-07-24.17:30:07::SCWPlatform::DSA absoulate path /home/call_me_utka/Documents/Projects/aes-ultra96-v2-playground/LED_Blink/design_1_wrapper/hw/design_1_wrapper.xsa
TRACE::2025-07-24.17:30:07::SCWPlatform::DSA directory /home/call_me_utka/Documents/Projects/aes-ultra96-v2-playground/LED_Blink/design_1_wrapper/hw
TRACE::2025-07-24.17:30:07::SCWPlatform:: Platform Path /home/call_me_utka/Documents/Projects/aes-ultra96-v2-playground/LED_Blink/design_1_wrapper/hw/design_1_wrapper.xsa
TRACE::2025-07-24.17:30:07::SCWPlatform:: Unique name xilinx:ultra96v2::0.0
TRACE::2025-07-24.17:30:07::SCWPlatform::Trying to set the existing hwdb with name design_1_wrapper_3
TRACE::2025-07-24.17:30:07::SCWPlatform::Opened existing hwdb design_1_wrapper_3
TRACE::2025-07-24.17:30:07::SCWPlatform::Found the Hw Db part of the input DSA
TRACE::2025-07-24.17:30:07::SCWMssOS::Checking the sw design at  /home/call_me_utka/Documents/Projects/aes-ultra96-v2-playground/LED_Blink/design_1_wrapper/zynqmp_fsbl/zynqmp_fsbl_bsp/system.mss
TRACE::2025-07-24.17:30:07::SCWMssOS::DEBUG:  swdes dump  /home/call_me_utka/Documents/Projects/aes-ultra96-v2-playground/LED_Blink/design_1_wrapper/psu_cortexa53_0/standalone_psu_cortexa53_0/bsp/system.mss|system_1||
/home/call_me_utka/Documents/Projects/aes-ultra96-v2-playground/LED_Blink/design_1_wrapper/zynqmp_fsbl/zynqmp_fsbl_bsp/system.mss|system||
/home/call_me_utka/Documents/Projects/aes-ultra96-v2-playground/LED_Blink/design_1_wrapper/zynqmp_pmufw/zynqmp_pmufw_bsp/system.mss|system_0||

TRACE::2025-07-24.17:30:07::SCWMssOS::Sw design exists and opened at  /home/call_me_utka/Documents/Projects/aes-ultra96-v2-playground/LED_Blink/design_1_wrapper/zynqmp_fsbl/zynqmp_fsbl_bsp/system.mss
TRACE::2025-07-24.17:30:07::SCWPlatform::Trying to open the hw design at /home/call_me_utka/Documents/Projects/aes-ultra96-v2-playground/LED_Blink/design_1_wrapper/hw/design_1_wrapper.xsa
TRACE::2025-07-24.17:30:07::SCWPlatform::DSA given /home/call_me_utka/Documents/Projects/aes-ultra96-v2-playground/LED_Blink/design_1_wrapper/hw/design_1_wrapper.xsa
TRACE::2025-07-24.17:30:07::SCWPlatform::DSA absoulate path /home/call_me_utka/Documents/Projects/aes-ultra96-v2-playground/LED_Blink/design_1_wrapper/hw/design_1_wrapper.xsa
TRACE::2025-07-24.17:30:07::SCWPlatform::DSA directory /home/call_me_utka/Documents/Projects/aes-ultra96-v2-playground/LED_Blink/design_1_wrapper/hw
TRACE::2025-07-24.17:30:07::SCWPlatform:: Platform Path /home/call_me_utka/Documents/Projects/aes-ultra96-v2-playground/LED_Blink/design_1_wrapper/hw/design_1_wrapper.xsa
TRACE::2025-07-24.17:30:07::SCWPlatform:: Unique name xilinx:ultra96v2::0.0
TRACE::2025-07-24.17:30:07::SCWPlatform::Trying to set the existing hwdb with name design_1_wrapper_3
TRACE::2025-07-24.17:30:07::SCWPlatform::Opened existing hwdb design_1_wrapper_3
TRACE::2025-07-24.17:30:07::SCWPlatform::Found the Hw Db part of the input DSA
TRACE::2025-07-24.17:30:07::SCWMssOS::Checking the sw design at  /home/call_me_utka/Documents/Projects/aes-ultra96-v2-playground/LED_Blink/design_1_wrapper/zynqmp_fsbl/zynqmp_fsbl_bsp/system.mss
TRACE::2025-07-24.17:30:07::SCWMssOS::DEBUG:  swdes dump  /home/call_me_utka/Documents/Projects/aes-ultra96-v2-playground/LED_Blink/design_1_wrapper/psu_cortexa53_0/standalone_psu_cortexa53_0/bsp/system.mss|system_1||
/home/call_me_utka/Documents/Projects/aes-ultra96-v2-playground/LED_Blink/design_1_wrapper/zynqmp_fsbl/zynqmp_fsbl_bsp/system.mss|system||
/home/call_me_utka/Documents/Projects/aes-ultra96-v2-playground/LED_Blink/design_1_wrapper/zynqmp_pmufw/zynqmp_pmufw_bsp/system.mss|system_0||

TRACE::2025-07-24.17:30:07::SCWMssOS::Sw design exists and opened at  /home/call_me_utka/Documents/Projects/aes-ultra96-v2-playground/LED_Blink/design_1_wrapper/zynqmp_fsbl/zynqmp_fsbl_bsp/system.mss
TRACE::2025-07-24.17:30:07::SCWPlatform::Trying to open the hw design at /home/call_me_utka/Documents/Projects/aes-ultra96-v2-playground/LED_Blink/design_1_wrapper/hw/design_1_wrapper.xsa
TRACE::2025-07-24.17:30:07::SCWPlatform::DSA given /home/call_me_utka/Documents/Projects/aes-ultra96-v2-playground/LED_Blink/design_1_wrapper/hw/design_1_wrapper.xsa
TRACE::2025-07-24.17:30:07::SCWPlatform::DSA absoulate path /home/call_me_utka/Documents/Projects/aes-ultra96-v2-playground/LED_Blink/design_1_wrapper/hw/design_1_wrapper.xsa
TRACE::2025-07-24.17:30:07::SCWPlatform::DSA directory /home/call_me_utka/Documents/Projects/aes-ultra96-v2-playground/LED_Blink/design_1_wrapper/hw
TRACE::2025-07-24.17:30:07::SCWPlatform:: Platform Path /home/call_me_utka/Documents/Projects/aes-ultra96-v2-playground/LED_Blink/design_1_wrapper/hw/design_1_wrapper.xsa
TRACE::2025-07-24.17:30:07::SCWPlatform:: Unique name xilinx:ultra96v2::0.0
TRACE::2025-07-24.17:30:07::SCWPlatform::Trying to set the existing hwdb with name design_1_wrapper_3
TRACE::2025-07-24.17:30:07::SCWPlatform::Opened existing hwdb design_1_wrapper_3
TRACE::2025-07-24.17:30:07::SCWPlatform::Found the Hw Db part of the input DSA
TRACE::2025-07-24.17:30:07::SCWMssOS::Checking the sw design at  /home/call_me_utka/Documents/Projects/aes-ultra96-v2-playground/LED_Blink/design_1_wrapper/zynqmp_fsbl/zynqmp_fsbl_bsp/system.mss
TRACE::2025-07-24.17:30:07::SCWMssOS::DEBUG:  swdes dump  /home/call_me_utka/Documents/Projects/aes-ultra96-v2-playground/LED_Blink/design_1_wrapper/psu_cortexa53_0/standalone_psu_cortexa53_0/bsp/system.mss|system_1||
/home/call_me_utka/Documents/Projects/aes-ultra96-v2-playground/LED_Blink/design_1_wrapper/zynqmp_fsbl/zynqmp_fsbl_bsp/system.mss|system||
/home/call_me_utka/Documents/Projects/aes-ultra96-v2-playground/LED_Blink/design_1_wrapper/zynqmp_pmufw/zynqmp_pmufw_bsp/system.mss|system_0||

TRACE::2025-07-24.17:30:07::SCWMssOS::Sw design exists and opened at  /home/call_me_utka/Documents/Projects/aes-ultra96-v2-playground/LED_Blink/design_1_wrapper/zynqmp_fsbl/zynqmp_fsbl_bsp/system.mss
TRACE::2025-07-24.17:30:07::SCWPlatform::Trying to open the hw design at /home/call_me_utka/Documents/Projects/aes-ultra96-v2-playground/LED_Blink/design_1_wrapper/hw/design_1_wrapper.xsa
TRACE::2025-07-24.17:30:07::SCWPlatform::DSA given /home/call_me_utka/Documents/Projects/aes-ultra96-v2-playground/LED_Blink/design_1_wrapper/hw/design_1_wrapper.xsa
TRACE::2025-07-24.17:30:07::SCWPlatform::DSA absoulate path /home/call_me_utka/Documents/Projects/aes-ultra96-v2-playground/LED_Blink/design_1_wrapper/hw/design_1_wrapper.xsa
TRACE::2025-07-24.17:30:07::SCWPlatform::DSA directory /home/call_me_utka/Documents/Projects/aes-ultra96-v2-playground/LED_Blink/design_1_wrapper/hw
TRACE::2025-07-24.17:30:07::SCWPlatform:: Platform Path /home/call_me_utka/Documents/Projects/aes-ultra96-v2-playground/LED_Blink/design_1_wrapper/hw/design_1_wrapper.xsa
TRACE::2025-07-24.17:30:07::SCWPlatform:: Unique name xilinx:ultra96v2::0.0
TRACE::2025-07-24.17:30:07::SCWPlatform::Trying to set the existing hwdb with name design_1_wrapper_3
TRACE::2025-07-24.17:30:07::SCWPlatform::Opened existing hwdb design_1_wrapper_3
TRACE::2025-07-24.17:30:07::SCWPlatform::Found the Hw Db part of the input DSA
TRACE::2025-07-24.17:30:07::SCWMssOS::Checking the sw design at  /home/call_me_utka/Documents/Projects/aes-ultra96-v2-playground/LED_Blink/design_1_wrapper/zynqmp_pmufw/zynqmp_pmufw_bsp/system.mss
TRACE::2025-07-24.17:30:07::SCWMssOS::DEBUG:  swdes dump  /home/call_me_utka/Documents/Projects/aes-ultra96-v2-playground/LED_Blink/design_1_wrapper/psu_cortexa53_0/standalone_psu_cortexa53_0/bsp/system.mss|system_1||
/home/call_me_utka/Documents/Projects/aes-ultra96-v2-playground/LED_Blink/design_1_wrapper/zynqmp_fsbl/zynqmp_fsbl_bsp/system.mss|system||
/home/call_me_utka/Documents/Projects/aes-ultra96-v2-playground/LED_Blink/design_1_wrapper/zynqmp_pmufw/zynqmp_pmufw_bsp/system.mss|system_0||

TRACE::2025-07-24.17:30:07::SCWMssOS::Sw design exists and opened at  /home/call_me_utka/Documents/Projects/aes-ultra96-v2-playground/LED_Blink/design_1_wrapper/zynqmp_pmufw/zynqmp_pmufw_bsp/system.mss
TRACE::2025-07-24.17:30:07::SCWPlatform::Trying to open the hw design at /home/call_me_utka/Documents/Projects/aes-ultra96-v2-playground/LED_Blink/design_1_wrapper/hw/design_1_wrapper.xsa
TRACE::2025-07-24.17:30:07::SCWPlatform::DSA given /home/call_me_utka/Documents/Projects/aes-ultra96-v2-playground/LED_Blink/design_1_wrapper/hw/design_1_wrapper.xsa
TRACE::2025-07-24.17:30:07::SCWPlatform::DSA absoulate path /home/call_me_utka/Documents/Projects/aes-ultra96-v2-playground/LED_Blink/design_1_wrapper/hw/design_1_wrapper.xsa
TRACE::2025-07-24.17:30:07::SCWPlatform::DSA directory /home/call_me_utka/Documents/Projects/aes-ultra96-v2-playground/LED_Blink/design_1_wrapper/hw
TRACE::2025-07-24.17:30:07::SCWPlatform:: Platform Path /home/call_me_utka/Documents/Projects/aes-ultra96-v2-playground/LED_Blink/design_1_wrapper/hw/design_1_wrapper.xsa
TRACE::2025-07-24.17:30:07::SCWPlatform:: Unique name xilinx:ultra96v2::0.0
TRACE::2025-07-24.17:30:07::SCWPlatform::Trying to set the existing hwdb with name design_1_wrapper_3
TRACE::2025-07-24.17:30:07::SCWPlatform::Opened existing hwdb design_1_wrapper_3
TRACE::2025-07-24.17:30:07::SCWPlatform::Found the Hw Db part of the input DSA
TRACE::2025-07-24.17:30:07::SCWMssOS::Checking the sw design at  /home/call_me_utka/Documents/Projects/aes-ultra96-v2-playground/LED_Blink/design_1_wrapper/zynqmp_pmufw/zynqmp_pmufw_bsp/system.mss
TRACE::2025-07-24.17:30:07::SCWMssOS::DEBUG:  swdes dump  /home/call_me_utka/Documents/Projects/aes-ultra96-v2-playground/LED_Blink/design_1_wrapper/psu_cortexa53_0/standalone_psu_cortexa53_0/bsp/system.mss|system_1||
/home/call_me_utka/Documents/Projects/aes-ultra96-v2-playground/LED_Blink/design_1_wrapper/zynqmp_fsbl/zynqmp_fsbl_bsp/system.mss|system||
/home/call_me_utka/Documents/Projects/aes-ultra96-v2-playground/LED_Blink/design_1_wrapper/zynqmp_pmufw/zynqmp_pmufw_bsp/system.mss|system_0||

TRACE::2025-07-24.17:30:07::SCWMssOS::Sw design exists and opened at  /home/call_me_utka/Documents/Projects/aes-ultra96-v2-playground/LED_Blink/design_1_wrapper/zynqmp_pmufw/zynqmp_pmufw_bsp/system.mss
TRACE::2025-07-24.17:30:07::SCWPlatform::Trying to open the hw design at /home/call_me_utka/Documents/Projects/aes-ultra96-v2-playground/LED_Blink/design_1_wrapper/hw/design_1_wrapper.xsa
TRACE::2025-07-24.17:30:07::SCWPlatform::DSA given /home/call_me_utka/Documents/Projects/aes-ultra96-v2-playground/LED_Blink/design_1_wrapper/hw/design_1_wrapper.xsa
TRACE::2025-07-24.17:30:07::SCWPlatform::DSA absoulate path /home/call_me_utka/Documents/Projects/aes-ultra96-v2-playground/LED_Blink/design_1_wrapper/hw/design_1_wrapper.xsa
TRACE::2025-07-24.17:30:07::SCWPlatform::DSA directory /home/call_me_utka/Documents/Projects/aes-ultra96-v2-playground/LED_Blink/design_1_wrapper/hw
TRACE::2025-07-24.17:30:07::SCWPlatform:: Platform Path /home/call_me_utka/Documents/Projects/aes-ultra96-v2-playground/LED_Blink/design_1_wrapper/hw/design_1_wrapper.xsa
TRACE::2025-07-24.17:30:07::SCWPlatform:: Unique name xilinx:ultra96v2::0.0
TRACE::2025-07-24.17:30:07::SCWPlatform::Trying to set the existing hwdb with name design_1_wrapper_3
TRACE::2025-07-24.17:30:07::SCWPlatform::Opened existing hwdb design_1_wrapper_3
TRACE::2025-07-24.17:30:07::SCWPlatform::Found the Hw Db part of the input DSA
TRACE::2025-07-24.17:30:07::SCWMssOS::Checking the sw design at  /home/call_me_utka/Documents/Projects/aes-ultra96-v2-playground/LED_Blink/design_1_wrapper/zynqmp_pmufw/zynqmp_pmufw_bsp/system.mss
TRACE::2025-07-24.17:30:07::SCWMssOS::DEBUG:  swdes dump  /home/call_me_utka/Documents/Projects/aes-ultra96-v2-playground/LED_Blink/design_1_wrapper/psu_cortexa53_0/standalone_psu_cortexa53_0/bsp/system.mss|system_1||
/home/call_me_utka/Documents/Projects/aes-ultra96-v2-playground/LED_Blink/design_1_wrapper/zynqmp_fsbl/zynqmp_fsbl_bsp/system.mss|system||
/home/call_me_utka/Documents/Projects/aes-ultra96-v2-playground/LED_Blink/design_1_wrapper/zynqmp_pmufw/zynqmp_pmufw_bsp/system.mss|system_0||

TRACE::2025-07-24.17:30:07::SCWMssOS::Sw design exists and opened at  /home/call_me_utka/Documents/Projects/aes-ultra96-v2-playground/LED_Blink/design_1_wrapper/zynqmp_pmufw/zynqmp_pmufw_bsp/system.mss
TRACE::2025-07-24.17:30:07::SCWPlatform::Trying to open the hw design at /home/call_me_utka/Documents/Projects/aes-ultra96-v2-playground/LED_Blink/design_1_wrapper/hw/design_1_wrapper.xsa
TRACE::2025-07-24.17:30:07::SCWPlatform::DSA given /home/call_me_utka/Documents/Projects/aes-ultra96-v2-playground/LED_Blink/design_1_wrapper/hw/design_1_wrapper.xsa
TRACE::2025-07-24.17:30:07::SCWPlatform::DSA absoulate path /home/call_me_utka/Documents/Projects/aes-ultra96-v2-playground/LED_Blink/design_1_wrapper/hw/design_1_wrapper.xsa
TRACE::2025-07-24.17:30:07::SCWPlatform::DSA directory /home/call_me_utka/Documents/Projects/aes-ultra96-v2-playground/LED_Blink/design_1_wrapper/hw
TRACE::2025-07-24.17:30:07::SCWPlatform:: Platform Path /home/call_me_utka/Documents/Projects/aes-ultra96-v2-playground/LED_Blink/design_1_wrapper/hw/design_1_wrapper.xsa
TRACE::2025-07-24.17:30:07::SCWPlatform:: Unique name xilinx:ultra96v2::0.0
TRACE::2025-07-24.17:30:07::SCWPlatform::Trying to set the existing hwdb with name design_1_wrapper_3
TRACE::2025-07-24.17:30:07::SCWPlatform::Opened existing hwdb design_1_wrapper_3
TRACE::2025-07-24.17:30:07::SCWPlatform::Found the Hw Db part of the input DSA
TRACE::2025-07-24.17:30:07::SCWMssOS::Checking the sw design at  /home/call_me_utka/Documents/Projects/aes-ultra96-v2-playground/LED_Blink/design_1_wrapper/psu_cortexa53_0/standalone_psu_cortexa53_0/bsp/system.mss
TRACE::2025-07-24.17:30:07::SCWMssOS::DEBUG:  swdes dump  /home/call_me_utka/Documents/Projects/aes-ultra96-v2-playground/LED_Blink/design_1_wrapper/psu_cortexa53_0/standalone_psu_cortexa53_0/bsp/system.mss|system_1||
/home/call_me_utka/Documents/Projects/aes-ultra96-v2-playground/LED_Blink/design_1_wrapper/zynqmp_fsbl/zynqmp_fsbl_bsp/system.mss|system||
/home/call_me_utka/Documents/Projects/aes-ultra96-v2-playground/LED_Blink/design_1_wrapper/zynqmp_pmufw/zynqmp_pmufw_bsp/system.mss|system_0||

TRACE::2025-07-24.17:30:07::SCWMssOS::Sw design exists and opened at  /home/call_me_utka/Documents/Projects/aes-ultra96-v2-playground/LED_Blink/design_1_wrapper/psu_cortexa53_0/standalone_psu_cortexa53_0/bsp/system.mss
TRACE::2025-07-24.17:30:07::SCWPlatform::Trying to open the hw design at /home/call_me_utka/Documents/Projects/aes-ultra96-v2-playground/LED_Blink/design_1_wrapper/hw/design_1_wrapper.xsa
TRACE::2025-07-24.17:30:07::SCWPlatform::DSA given /home/call_me_utka/Documents/Projects/aes-ultra96-v2-playground/LED_Blink/design_1_wrapper/hw/design_1_wrapper.xsa
TRACE::2025-07-24.17:30:07::SCWPlatform::DSA absoulate path /home/call_me_utka/Documents/Projects/aes-ultra96-v2-playground/LED_Blink/design_1_wrapper/hw/design_1_wrapper.xsa
TRACE::2025-07-24.17:30:07::SCWPlatform::DSA directory /home/call_me_utka/Documents/Projects/aes-ultra96-v2-playground/LED_Blink/design_1_wrapper/hw
TRACE::2025-07-24.17:30:07::SCWPlatform:: Platform Path /home/call_me_utka/Documents/Projects/aes-ultra96-v2-playground/LED_Blink/design_1_wrapper/hw/design_1_wrapper.xsa
TRACE::2025-07-24.17:30:07::SCWPlatform:: Unique name xilinx:ultra96v2::0.0
TRACE::2025-07-24.17:30:07::SCWPlatform::Trying to set the existing hwdb with name design_1_wrapper_3
TRACE::2025-07-24.17:30:07::SCWPlatform::Opened existing hwdb design_1_wrapper_3
TRACE::2025-07-24.17:30:07::SCWPlatform::Found the Hw Db part of the input DSA
TRACE::2025-07-24.17:30:07::SCWMssOS::Checking the sw design at  /home/call_me_utka/Documents/Projects/aes-ultra96-v2-playground/LED_Blink/design_1_wrapper/psu_cortexa53_0/standalone_psu_cortexa53_0/bsp/system.mss
TRACE::2025-07-24.17:30:07::SCWMssOS::DEBUG:  swdes dump  /home/call_me_utka/Documents/Projects/aes-ultra96-v2-playground/LED_Blink/design_1_wrapper/psu_cortexa53_0/standalone_psu_cortexa53_0/bsp/system.mss|system_1||
/home/call_me_utka/Documents/Projects/aes-ultra96-v2-playground/LED_Blink/design_1_wrapper/zynqmp_fsbl/zynqmp_fsbl_bsp/system.mss|system||
/home/call_me_utka/Documents/Projects/aes-ultra96-v2-playground/LED_Blink/design_1_wrapper/zynqmp_pmufw/zynqmp_pmufw_bsp/system.mss|system_0||

TRACE::2025-07-24.17:30:07::SCWMssOS::Sw design exists and opened at  /home/call_me_utka/Documents/Projects/aes-ultra96-v2-playground/LED_Blink/design_1_wrapper/psu_cortexa53_0/standalone_psu_cortexa53_0/bsp/system.mss
TRACE::2025-07-24.17:30:07::SCWPlatform::Trying to open the hw design at /home/call_me_utka/Documents/Projects/aes-ultra96-v2-playground/LED_Blink/design_1_wrapper/hw/design_1_wrapper.xsa
TRACE::2025-07-24.17:30:07::SCWPlatform::DSA given /home/call_me_utka/Documents/Projects/aes-ultra96-v2-playground/LED_Blink/design_1_wrapper/hw/design_1_wrapper.xsa
TRACE::2025-07-24.17:30:07::SCWPlatform::DSA absoulate path /home/call_me_utka/Documents/Projects/aes-ultra96-v2-playground/LED_Blink/design_1_wrapper/hw/design_1_wrapper.xsa
TRACE::2025-07-24.17:30:07::SCWPlatform::DSA directory /home/call_me_utka/Documents/Projects/aes-ultra96-v2-playground/LED_Blink/design_1_wrapper/hw
TRACE::2025-07-24.17:30:07::SCWPlatform:: Platform Path /home/call_me_utka/Documents/Projects/aes-ultra96-v2-playground/LED_Blink/design_1_wrapper/hw/design_1_wrapper.xsa
TRACE::2025-07-24.17:30:07::SCWPlatform:: Unique name xilinx:ultra96v2::0.0
TRACE::2025-07-24.17:30:07::SCWPlatform::Trying to set the existing hwdb with name design_1_wrapper_3
TRACE::2025-07-24.17:30:07::SCWPlatform::Opened existing hwdb design_1_wrapper_3
TRACE::2025-07-24.17:30:07::SCWPlatform::Found the Hw Db part of the input DSA
TRACE::2025-07-24.17:30:07::SCWMssOS::Checking the sw design at  /home/call_me_utka/Documents/Projects/aes-ultra96-v2-playground/LED_Blink/design_1_wrapper/psu_cortexa53_0/standalone_psu_cortexa53_0/bsp/system.mss
TRACE::2025-07-24.17:30:07::SCWMssOS::DEBUG:  swdes dump  /home/call_me_utka/Documents/Projects/aes-ultra96-v2-playground/LED_Blink/design_1_wrapper/psu_cortexa53_0/standalone_psu_cortexa53_0/bsp/system.mss|system_1||
/home/call_me_utka/Documents/Projects/aes-ultra96-v2-playground/LED_Blink/design_1_wrapper/zynqmp_fsbl/zynqmp_fsbl_bsp/system.mss|system||
/home/call_me_utka/Documents/Projects/aes-ultra96-v2-playground/LED_Blink/design_1_wrapper/zynqmp_pmufw/zynqmp_pmufw_bsp/system.mss|system_0||

TRACE::2025-07-24.17:30:07::SCWMssOS::Sw design exists and opened at  /home/call_me_utka/Documents/Projects/aes-ultra96-v2-playground/LED_Blink/design_1_wrapper/psu_cortexa53_0/standalone_psu_cortexa53_0/bsp/system.mss
TRACE::2025-07-24.17:30:07::SCWWriter::formatted JSON is {
	"platformName":	"design_1_wrapper",
	"sprVersion":	"2.0",
	"mode":	"gui",
	"dsaType":	"Fixed",
	"platformDesc":	"design_1_wrapper",
	"platHandOff":	"/home/call_me_utka/Documents/Projects/aes-ultra96-v2-playground/Custom_IP/design_1_wrapper.xsa",
	"platIntHandOff":	"<platformDir>/hw/design_1_wrapper.xsa",
	"deviceType":	"zynqMP",
	"platIsPrebuiltAutogen":	"false",
	"platIsNoBootBsp":	"false",
	"platFsblTarget":	"psu_cortexa53_0",
	"hasFsblMakeHasChanges":	"false",
	"hasPmufwMakeHasChanges":	"false",
	"fsblExtraCompilerFlags":	"-MMD -MP      -Wall -fmessage-length=0 -DARMA53_64 -Os -flto -ffat-lto-objects  ",
	"pmufwExtraCompilerFlags":	"-MMD -MP      -mlittle-endian -mxl-barrel-shift -mxl-pattern-compare -mcpu=v9.2 -mxl-soft-mul -Os -flto -ffat-lto-objects  ",
	"platPreBuiltFlag":	false,
	"platformSamplesDir":	"",
	"platActiveSys":	"design_1_wrapper",
	"systems":	[{
			"systemName":	"design_1_wrapper",
			"systemDesc":	"design_1_wrapper",
			"sysIsBootAutoGen":	"true",
			"systemDispName":	"design_1_wrapper",
			"sysActiveDom":	"standalone_psu_cortexa53_0",
			"sysDefaultDom":	"standalone_psu_cortexa53_0",
			"domains":	[{
					"domainName":	"zynqmp_fsbl",
					"domainDispName":	"zynqmp_fsbl",
					"domainDesc":	"FSBL Application BSP - Auto Generated.",
					"processors":	"psu_cortexa53_0",
					"os":	"standalone",
					"sdxOs":	"standalone",
					"debugEnable":	"",
					"domRuntimes":	["cpp"],
					"swRepo":	"",
					"mssOsVer":	"7.7",
					"mssFile":	"",
					"md5Digest":	"aa376723b3fc27c4732a5c93a0b64950",
					"compatibleApp":	"zynqmp_fsbl",
					"domType":	"bootDomain",
					"arch":	"64-bit",
					"appSettings":	{
						"appCompilerFlags":	"",
						"appLinkerFlags":	""
					},
					"addedLibs":	["xilffs:4.7", "xilsecure:4.7", "xilpm:4.0"],
					"libOptions":	{
						"standalone":	{
							"zynqmp_fsbl_bsp":	"true",
							"libOptionNames":	["zynqmp_fsbl_bsp"]
						},
						"xilffs":	{
							"read_only":	"true",
							"use_mkfs":	"false",
							"libOptionNames":	["read_only", "use_mkfs"]
						},
						"xilsecure":	{
							"tpm_support":	"true",
							"libOptionNames":	["tpm_support"]
						},
						"libsContainingOptions":	["standalone", "xilffs", "xilsecure"]
					},
					"prebuiltLibs":	{
						"prebuiltIncPath":	[],
						"prebuiltLibPath":	[]
					},
					"isolation":	{
					}
				}, {
					"domainName":	"zynqmp_pmufw",
					"domainDispName":	"zynqmp_pmufw",
					"domainDesc":	"PMUFW Application BSP - Auto Generated.",
					"processors":	"psu_pmu_0",
					"os":	"standalone",
					"sdxOs":	"standalone",
					"debugEnable":	"",
					"domRuntimes":	["cpp"],
					"swRepo":	"",
					"mssOsVer":	"7.7",
					"mssFile":	"",
					"md5Digest":	"74f37d2df90ed5543bc2becd26dc4eb2",
					"compatibleApp":	"zynqmp_pmufw",
					"domType":	"bootDomain",
					"arch":	"32-bit",
					"appSettings":	{
						"appCompilerFlags":	"",
						"appLinkerFlags":	""
					},
					"addedLibs":	["xilfpga:6.2", "xilsecure:4.7", "xilskey:7.3"],
					"libOptions":	{
						"psu_pmu_0":	{
							"extra_compiler_flags":	"-g -ffunction-sections -fdata-sections -Wall -Wextra -fno-tree-loop-distribute-patterns  -Os -flto -ffat-lto-objects",
							"libOptionNames":	["extra_compiler_flags"]
						},
						"libsContainingOptions":	["psu_pmu_0"]
					},
					"prebuiltLibs":	{
						"prebuiltIncPath":	[],
						"prebuiltLibPath":	[]
					},
					"isolation":	{
					}
				}, {
					"domainName":	"standalone_psu_cortexa53_0",
					"domainDispName":	"standalone_psu_cortexa53_0",
					"domainDesc":	"standalone_psu_cortexa53_0",
					"processors":	"psu_cortexa53_0",
					"os":	"standalone",
					"sdxOs":	"standalone",
					"qemuArgs":	"<platformDir>/resources/design_1_wrapper/standalone_psu_cortexa53_0/qemu_args.txt",
					"qemuData":	"<platformDir>/resources/design_1_wrapper/standalone_psu_cortexa53_0/qemu",
					"pmuQemuArgs":	"<platformDir>/resources/design_1_wrapper/standalone_psu_cortexa53_0/pmu_args.txt",
					"debugEnable":	"False",
					"domRuntimes":	["cpp"],
					"swRepo":	"",
					"mssOsVer":	"7.7",
					"mssFile":	"",
					"md5Digest":	"8b736d9b4ee00eff11c2536082f6b570",
					"compatibleApp":	"hello_world",
					"domType":	"mssDomain",
					"arch":	"64-bit",
					"appSettings":	{
						"appCompilerFlags":	"",
						"appLinkerFlags":	""
					},
					"addedLibs":	[],
					"libOptions":	{
						"libsContainingOptions":	[]
					},
					"prebuiltLibs":	{
						"prebuiltIncPath":	[],
						"prebuiltLibPath":	[]
					},
					"isolation":	{
					}
				}]
		}]
}
KEYINFO::2025-07-24.17:30:07::SCWPlatform::updated the xpfm file.
TRACE::2025-07-24.17:30:08::SCWPlatform::Trying to open the hw design at /home/call_me_utka/Documents/Projects/aes-ultra96-v2-playground/LED_Blink/design_1_wrapper/hw/design_1_wrapper.xsa
TRACE::2025-07-24.17:30:08::SCWPlatform::DSA given /home/call_me_utka/Documents/Projects/aes-ultra96-v2-playground/LED_Blink/design_1_wrapper/hw/design_1_wrapper.xsa
TRACE::2025-07-24.17:30:08::SCWPlatform::DSA absoulate path /home/call_me_utka/Documents/Projects/aes-ultra96-v2-playground/LED_Blink/design_1_wrapper/hw/design_1_wrapper.xsa
TRACE::2025-07-24.17:30:08::SCWPlatform::DSA directory /home/call_me_utka/Documents/Projects/aes-ultra96-v2-playground/LED_Blink/design_1_wrapper/hw
TRACE::2025-07-24.17:30:08::SCWPlatform:: Platform Path /home/call_me_utka/Documents/Projects/aes-ultra96-v2-playground/LED_Blink/design_1_wrapper/hw/design_1_wrapper.xsa
TRACE::2025-07-24.17:30:08::SCWPlatform:: Unique name xilinx:ultra96v2::0.0
TRACE::2025-07-24.17:30:08::SCWPlatform::Trying to set the existing hwdb with name design_1_wrapper_3
TRACE::2025-07-24.17:30:08::SCWPlatform::Opened existing hwdb design_1_wrapper_3
TRACE::2025-07-24.17:30:08::SCWPlatform::Found the Hw Db part of the input DSA
TRACE::2025-07-24.17:30:08::SCWMssOS::Checking the sw design at  /home/call_me_utka/Documents/Projects/aes-ultra96-v2-playground/LED_Blink/design_1_wrapper/psu_cortexa53_0/standalone_psu_cortexa53_0/bsp/system.mss
TRACE::2025-07-24.17:30:08::SCWMssOS::DEBUG:  swdes dump  /home/call_me_utka/Documents/Projects/aes-ultra96-v2-playground/LED_Blink/design_1_wrapper/psu_cortexa53_0/standalone_psu_cortexa53_0/bsp/system.mss|system_1||
/home/call_me_utka/Documents/Projects/aes-ultra96-v2-playground/LED_Blink/design_1_wrapper/zynqmp_fsbl/zynqmp_fsbl_bsp/system.mss|system||
/home/call_me_utka/Documents/Projects/aes-ultra96-v2-playground/LED_Blink/design_1_wrapper/zynqmp_pmufw/zynqmp_pmufw_bsp/system.mss|system_0||

TRACE::2025-07-24.17:30:08::SCWMssOS::Sw design exists and opened at  /home/call_me_utka/Documents/Projects/aes-ultra96-v2-playground/LED_Blink/design_1_wrapper/psu_cortexa53_0/standalone_psu_cortexa53_0/bsp/system.mss
TRACE::2025-07-24.17:30:08::SCWMssOS::Saving the mss changes /home/call_me_utka/Documents/Projects/aes-ultra96-v2-playground/LED_Blink/design_1_wrapper/zynqmp_fsbl/zynqmp_fsbl_bsp/system.mss
TRACE::2025-07-24.17:30:08::SCWMssOS::Found a swdesign opened with the mssfile.
TRACE::2025-07-24.17:30:08::SCWMssOS::Completed writemss as part of save.
TRACE::2025-07-24.17:30:08::SCWMssOS::Commit changes completed.
TRACE::2025-07-24.17:30:08::SCWMssOS::Saving the mss changes /home/call_me_utka/Documents/Projects/aes-ultra96-v2-playground/LED_Blink/design_1_wrapper/zynqmp_pmufw/zynqmp_pmufw_bsp/system.mss
TRACE::2025-07-24.17:30:08::SCWMssOS::Found a swdesign opened with the mssfile.
TRACE::2025-07-24.17:30:08::SCWMssOS::Completed writemss as part of save.
TRACE::2025-07-24.17:30:08::SCWMssOS::Commit changes completed.
TRACE::2025-07-24.17:30:08::SCWMssOS::Saving the mss changes /home/call_me_utka/Documents/Projects/aes-ultra96-v2-playground/LED_Blink/design_1_wrapper/psu_cortexa53_0/standalone_psu_cortexa53_0/bsp/system.mss
TRACE::2025-07-24.17:30:08::SCWMssOS::Found a swdesign opened with the mssfile.
TRACE::2025-07-24.17:30:08::SCWMssOS::Completed writemss as part of save.
TRACE::2025-07-24.17:30:08::SCWMssOS::Commit changes completed.
TRACE::2025-07-24.17:30:08::SCWPlatform::Trying to open the hw design at /home/call_me_utka/Documents/Projects/aes-ultra96-v2-playground/LED_Blink/design_1_wrapper/hw/design_1_wrapper.xsa
TRACE::2025-07-24.17:30:08::SCWPlatform::DSA given /home/call_me_utka/Documents/Projects/aes-ultra96-v2-playground/LED_Blink/design_1_wrapper/hw/design_1_wrapper.xsa
TRACE::2025-07-24.17:30:08::SCWPlatform::DSA absoulate path /home/call_me_utka/Documents/Projects/aes-ultra96-v2-playground/LED_Blink/design_1_wrapper/hw/design_1_wrapper.xsa
TRACE::2025-07-24.17:30:08::SCWPlatform::DSA directory /home/call_me_utka/Documents/Projects/aes-ultra96-v2-playground/LED_Blink/design_1_wrapper/hw
TRACE::2025-07-24.17:30:08::SCWPlatform:: Platform Path /home/call_me_utka/Documents/Projects/aes-ultra96-v2-playground/LED_Blink/design_1_wrapper/hw/design_1_wrapper.xsa
TRACE::2025-07-24.17:30:08::SCWPlatform:: Unique name xilinx:ultra96v2::0.0
TRACE::2025-07-24.17:30:08::SCWPlatform::Trying to set the existing hwdb with name design_1_wrapper_3
TRACE::2025-07-24.17:30:08::SCWPlatform::Opened existing hwdb design_1_wrapper_3
TRACE::2025-07-24.17:30:08::SCWPlatform::Found the Hw Db part of the input DSA
TRACE::2025-07-24.17:30:08::SCWMssOS::Checking the sw design at  /home/call_me_utka/Documents/Projects/aes-ultra96-v2-playground/LED_Blink/design_1_wrapper/zynqmp_fsbl/zynqmp_fsbl_bsp/system.mss
TRACE::2025-07-24.17:30:08::SCWMssOS::DEBUG:  swdes dump  /home/call_me_utka/Documents/Projects/aes-ultra96-v2-playground/LED_Blink/design_1_wrapper/psu_cortexa53_0/standalone_psu_cortexa53_0/bsp/system.mss|system_1||
/home/call_me_utka/Documents/Projects/aes-ultra96-v2-playground/LED_Blink/design_1_wrapper/zynqmp_fsbl/zynqmp_fsbl_bsp/system.mss|system||
/home/call_me_utka/Documents/Projects/aes-ultra96-v2-playground/LED_Blink/design_1_wrapper/zynqmp_pmufw/zynqmp_pmufw_bsp/system.mss|system_0||

TRACE::2025-07-24.17:30:08::SCWMssOS::Sw design exists and opened at  /home/call_me_utka/Documents/Projects/aes-ultra96-v2-playground/LED_Blink/design_1_wrapper/zynqmp_fsbl/zynqmp_fsbl_bsp/system.mss
TRACE::2025-07-24.17:30:08::SCWPlatform::Trying to open the hw design at /home/call_me_utka/Documents/Projects/aes-ultra96-v2-playground/LED_Blink/design_1_wrapper/hw/design_1_wrapper.xsa
TRACE::2025-07-24.17:30:08::SCWPlatform::DSA given /home/call_me_utka/Documents/Projects/aes-ultra96-v2-playground/LED_Blink/design_1_wrapper/hw/design_1_wrapper.xsa
TRACE::2025-07-24.17:30:08::SCWPlatform::DSA absoulate path /home/call_me_utka/Documents/Projects/aes-ultra96-v2-playground/LED_Blink/design_1_wrapper/hw/design_1_wrapper.xsa
TRACE::2025-07-24.17:30:08::SCWPlatform::DSA directory /home/call_me_utka/Documents/Projects/aes-ultra96-v2-playground/LED_Blink/design_1_wrapper/hw
TRACE::2025-07-24.17:30:08::SCWPlatform:: Platform Path /home/call_me_utka/Documents/Projects/aes-ultra96-v2-playground/LED_Blink/design_1_wrapper/hw/design_1_wrapper.xsa
TRACE::2025-07-24.17:30:08::SCWPlatform:: Unique name xilinx:ultra96v2::0.0
TRACE::2025-07-24.17:30:08::SCWPlatform::Trying to set the existing hwdb with name design_1_wrapper_3
TRACE::2025-07-24.17:30:08::SCWPlatform::Opened existing hwdb design_1_wrapper_3
TRACE::2025-07-24.17:30:08::SCWPlatform::Found the Hw Db part of the input DSA
TRACE::2025-07-24.17:30:08::SCWMssOS::Checking the sw design at  /home/call_me_utka/Documents/Projects/aes-ultra96-v2-playground/LED_Blink/design_1_wrapper/zynqmp_fsbl/zynqmp_fsbl_bsp/system.mss
TRACE::2025-07-24.17:30:08::SCWMssOS::DEBUG:  swdes dump  /home/call_me_utka/Documents/Projects/aes-ultra96-v2-playground/LED_Blink/design_1_wrapper/psu_cortexa53_0/standalone_psu_cortexa53_0/bsp/system.mss|system_1||
/home/call_me_utka/Documents/Projects/aes-ultra96-v2-playground/LED_Blink/design_1_wrapper/zynqmp_fsbl/zynqmp_fsbl_bsp/system.mss|system||
/home/call_me_utka/Documents/Projects/aes-ultra96-v2-playground/LED_Blink/design_1_wrapper/zynqmp_pmufw/zynqmp_pmufw_bsp/system.mss|system_0||

TRACE::2025-07-24.17:30:08::SCWMssOS::Sw design exists and opened at  /home/call_me_utka/Documents/Projects/aes-ultra96-v2-playground/LED_Blink/design_1_wrapper/zynqmp_fsbl/zynqmp_fsbl_bsp/system.mss
TRACE::2025-07-24.17:30:08::SCWPlatform::Trying to open the hw design at /home/call_me_utka/Documents/Projects/aes-ultra96-v2-playground/LED_Blink/design_1_wrapper/hw/design_1_wrapper.xsa
TRACE::2025-07-24.17:30:08::SCWPlatform::DSA given /home/call_me_utka/Documents/Projects/aes-ultra96-v2-playground/LED_Blink/design_1_wrapper/hw/design_1_wrapper.xsa
TRACE::2025-07-24.17:30:08::SCWPlatform::DSA absoulate path /home/call_me_utka/Documents/Projects/aes-ultra96-v2-playground/LED_Blink/design_1_wrapper/hw/design_1_wrapper.xsa
TRACE::2025-07-24.17:30:08::SCWPlatform::DSA directory /home/call_me_utka/Documents/Projects/aes-ultra96-v2-playground/LED_Blink/design_1_wrapper/hw
TRACE::2025-07-24.17:30:08::SCWPlatform:: Platform Path /home/call_me_utka/Documents/Projects/aes-ultra96-v2-playground/LED_Blink/design_1_wrapper/hw/design_1_wrapper.xsa
TRACE::2025-07-24.17:30:08::SCWPlatform:: Unique name xilinx:ultra96v2::0.0
TRACE::2025-07-24.17:30:08::SCWPlatform::Trying to set the existing hwdb with name design_1_wrapper_3
TRACE::2025-07-24.17:30:08::SCWPlatform::Opened existing hwdb design_1_wrapper_3
TRACE::2025-07-24.17:30:08::SCWPlatform::Found the Hw Db part of the input DSA
TRACE::2025-07-24.17:30:08::SCWMssOS::Checking the sw design at  /home/call_me_utka/Documents/Projects/aes-ultra96-v2-playground/LED_Blink/design_1_wrapper/zynqmp_fsbl/zynqmp_fsbl_bsp/system.mss
TRACE::2025-07-24.17:30:08::SCWMssOS::DEBUG:  swdes dump  /home/call_me_utka/Documents/Projects/aes-ultra96-v2-playground/LED_Blink/design_1_wrapper/psu_cortexa53_0/standalone_psu_cortexa53_0/bsp/system.mss|system_1||
/home/call_me_utka/Documents/Projects/aes-ultra96-v2-playground/LED_Blink/design_1_wrapper/zynqmp_fsbl/zynqmp_fsbl_bsp/system.mss|system||
/home/call_me_utka/Documents/Projects/aes-ultra96-v2-playground/LED_Blink/design_1_wrapper/zynqmp_pmufw/zynqmp_pmufw_bsp/system.mss|system_0||

TRACE::2025-07-24.17:30:08::SCWMssOS::Sw design exists and opened at  /home/call_me_utka/Documents/Projects/aes-ultra96-v2-playground/LED_Blink/design_1_wrapper/zynqmp_fsbl/zynqmp_fsbl_bsp/system.mss
TRACE::2025-07-24.17:30:08::SCWPlatform::Trying to open the hw design at /home/call_me_utka/Documents/Projects/aes-ultra96-v2-playground/LED_Blink/design_1_wrapper/hw/design_1_wrapper.xsa
TRACE::2025-07-24.17:30:08::SCWPlatform::DSA given /home/call_me_utka/Documents/Projects/aes-ultra96-v2-playground/LED_Blink/design_1_wrapper/hw/design_1_wrapper.xsa
TRACE::2025-07-24.17:30:08::SCWPlatform::DSA absoulate path /home/call_me_utka/Documents/Projects/aes-ultra96-v2-playground/LED_Blink/design_1_wrapper/hw/design_1_wrapper.xsa
TRACE::2025-07-24.17:30:08::SCWPlatform::DSA directory /home/call_me_utka/Documents/Projects/aes-ultra96-v2-playground/LED_Blink/design_1_wrapper/hw
TRACE::2025-07-24.17:30:08::SCWPlatform:: Platform Path /home/call_me_utka/Documents/Projects/aes-ultra96-v2-playground/LED_Blink/design_1_wrapper/hw/design_1_wrapper.xsa
TRACE::2025-07-24.17:30:08::SCWPlatform:: Unique name xilinx:ultra96v2::0.0
TRACE::2025-07-24.17:30:08::SCWPlatform::Trying to set the existing hwdb with name design_1_wrapper_3
TRACE::2025-07-24.17:30:08::SCWPlatform::Opened existing hwdb design_1_wrapper_3
TRACE::2025-07-24.17:30:08::SCWPlatform::Found the Hw Db part of the input DSA
TRACE::2025-07-24.17:30:08::SCWMssOS::Checking the sw design at  /home/call_me_utka/Documents/Projects/aes-ultra96-v2-playground/LED_Blink/design_1_wrapper/zynqmp_pmufw/zynqmp_pmufw_bsp/system.mss
TRACE::2025-07-24.17:30:08::SCWMssOS::DEBUG:  swdes dump  /home/call_me_utka/Documents/Projects/aes-ultra96-v2-playground/LED_Blink/design_1_wrapper/psu_cortexa53_0/standalone_psu_cortexa53_0/bsp/system.mss|system_1||
/home/call_me_utka/Documents/Projects/aes-ultra96-v2-playground/LED_Blink/design_1_wrapper/zynqmp_fsbl/zynqmp_fsbl_bsp/system.mss|system||
/home/call_me_utka/Documents/Projects/aes-ultra96-v2-playground/LED_Blink/design_1_wrapper/zynqmp_pmufw/zynqmp_pmufw_bsp/system.mss|system_0||

TRACE::2025-07-24.17:30:08::SCWMssOS::Sw design exists and opened at  /home/call_me_utka/Documents/Projects/aes-ultra96-v2-playground/LED_Blink/design_1_wrapper/zynqmp_pmufw/zynqmp_pmufw_bsp/system.mss
TRACE::2025-07-24.17:30:08::SCWPlatform::Trying to open the hw design at /home/call_me_utka/Documents/Projects/aes-ultra96-v2-playground/LED_Blink/design_1_wrapper/hw/design_1_wrapper.xsa
TRACE::2025-07-24.17:30:08::SCWPlatform::DSA given /home/call_me_utka/Documents/Projects/aes-ultra96-v2-playground/LED_Blink/design_1_wrapper/hw/design_1_wrapper.xsa
TRACE::2025-07-24.17:30:08::SCWPlatform::DSA absoulate path /home/call_me_utka/Documents/Projects/aes-ultra96-v2-playground/LED_Blink/design_1_wrapper/hw/design_1_wrapper.xsa
TRACE::2025-07-24.17:30:08::SCWPlatform::DSA directory /home/call_me_utka/Documents/Projects/aes-ultra96-v2-playground/LED_Blink/design_1_wrapper/hw
TRACE::2025-07-24.17:30:08::SCWPlatform:: Platform Path /home/call_me_utka/Documents/Projects/aes-ultra96-v2-playground/LED_Blink/design_1_wrapper/hw/design_1_wrapper.xsa
TRACE::2025-07-24.17:30:08::SCWPlatform:: Unique name xilinx:ultra96v2::0.0
TRACE::2025-07-24.17:30:08::SCWPlatform::Trying to set the existing hwdb with name design_1_wrapper_3
TRACE::2025-07-24.17:30:08::SCWPlatform::Opened existing hwdb design_1_wrapper_3
TRACE::2025-07-24.17:30:08::SCWPlatform::Found the Hw Db part of the input DSA
TRACE::2025-07-24.17:30:08::SCWMssOS::Checking the sw design at  /home/call_me_utka/Documents/Projects/aes-ultra96-v2-playground/LED_Blink/design_1_wrapper/zynqmp_pmufw/zynqmp_pmufw_bsp/system.mss
TRACE::2025-07-24.17:30:08::SCWMssOS::DEBUG:  swdes dump  /home/call_me_utka/Documents/Projects/aes-ultra96-v2-playground/LED_Blink/design_1_wrapper/psu_cortexa53_0/standalone_psu_cortexa53_0/bsp/system.mss|system_1||
/home/call_me_utka/Documents/Projects/aes-ultra96-v2-playground/LED_Blink/design_1_wrapper/zynqmp_fsbl/zynqmp_fsbl_bsp/system.mss|system||
/home/call_me_utka/Documents/Projects/aes-ultra96-v2-playground/LED_Blink/design_1_wrapper/zynqmp_pmufw/zynqmp_pmufw_bsp/system.mss|system_0||

TRACE::2025-07-24.17:30:08::SCWMssOS::Sw design exists and opened at  /home/call_me_utka/Documents/Projects/aes-ultra96-v2-playground/LED_Blink/design_1_wrapper/zynqmp_pmufw/zynqmp_pmufw_bsp/system.mss
TRACE::2025-07-24.17:30:08::SCWPlatform::Trying to open the hw design at /home/call_me_utka/Documents/Projects/aes-ultra96-v2-playground/LED_Blink/design_1_wrapper/hw/design_1_wrapper.xsa
TRACE::2025-07-24.17:30:08::SCWPlatform::DSA given /home/call_me_utka/Documents/Projects/aes-ultra96-v2-playground/LED_Blink/design_1_wrapper/hw/design_1_wrapper.xsa
TRACE::2025-07-24.17:30:08::SCWPlatform::DSA absoulate path /home/call_me_utka/Documents/Projects/aes-ultra96-v2-playground/LED_Blink/design_1_wrapper/hw/design_1_wrapper.xsa
TRACE::2025-07-24.17:30:08::SCWPlatform::DSA directory /home/call_me_utka/Documents/Projects/aes-ultra96-v2-playground/LED_Blink/design_1_wrapper/hw
TRACE::2025-07-24.17:30:08::SCWPlatform:: Platform Path /home/call_me_utka/Documents/Projects/aes-ultra96-v2-playground/LED_Blink/design_1_wrapper/hw/design_1_wrapper.xsa
TRACE::2025-07-24.17:30:08::SCWPlatform:: Unique name xilinx:ultra96v2::0.0
TRACE::2025-07-24.17:30:08::SCWPlatform::Trying to set the existing hwdb with name design_1_wrapper_3
TRACE::2025-07-24.17:30:08::SCWPlatform::Opened existing hwdb design_1_wrapper_3
TRACE::2025-07-24.17:30:08::SCWPlatform::Found the Hw Db part of the input DSA
TRACE::2025-07-24.17:30:08::SCWMssOS::Checking the sw design at  /home/call_me_utka/Documents/Projects/aes-ultra96-v2-playground/LED_Blink/design_1_wrapper/zynqmp_pmufw/zynqmp_pmufw_bsp/system.mss
TRACE::2025-07-24.17:30:08::SCWMssOS::DEBUG:  swdes dump  /home/call_me_utka/Documents/Projects/aes-ultra96-v2-playground/LED_Blink/design_1_wrapper/psu_cortexa53_0/standalone_psu_cortexa53_0/bsp/system.mss|system_1||
/home/call_me_utka/Documents/Projects/aes-ultra96-v2-playground/LED_Blink/design_1_wrapper/zynqmp_fsbl/zynqmp_fsbl_bsp/system.mss|system||
/home/call_me_utka/Documents/Projects/aes-ultra96-v2-playground/LED_Blink/design_1_wrapper/zynqmp_pmufw/zynqmp_pmufw_bsp/system.mss|system_0||

TRACE::2025-07-24.17:30:08::SCWMssOS::Sw design exists and opened at  /home/call_me_utka/Documents/Projects/aes-ultra96-v2-playground/LED_Blink/design_1_wrapper/zynqmp_pmufw/zynqmp_pmufw_bsp/system.mss
TRACE::2025-07-24.17:30:08::SCWPlatform::Trying to open the hw design at /home/call_me_utka/Documents/Projects/aes-ultra96-v2-playground/LED_Blink/design_1_wrapper/hw/design_1_wrapper.xsa
TRACE::2025-07-24.17:30:08::SCWPlatform::DSA given /home/call_me_utka/Documents/Projects/aes-ultra96-v2-playground/LED_Blink/design_1_wrapper/hw/design_1_wrapper.xsa
TRACE::2025-07-24.17:30:08::SCWPlatform::DSA absoulate path /home/call_me_utka/Documents/Projects/aes-ultra96-v2-playground/LED_Blink/design_1_wrapper/hw/design_1_wrapper.xsa
TRACE::2025-07-24.17:30:08::SCWPlatform::DSA directory /home/call_me_utka/Documents/Projects/aes-ultra96-v2-playground/LED_Blink/design_1_wrapper/hw
TRACE::2025-07-24.17:30:08::SCWPlatform:: Platform Path /home/call_me_utka/Documents/Projects/aes-ultra96-v2-playground/LED_Blink/design_1_wrapper/hw/design_1_wrapper.xsa
TRACE::2025-07-24.17:30:08::SCWPlatform:: Unique name xilinx:ultra96v2::0.0
TRACE::2025-07-24.17:30:08::SCWPlatform::Trying to set the existing hwdb with name design_1_wrapper_3
TRACE::2025-07-24.17:30:08::SCWPlatform::Opened existing hwdb design_1_wrapper_3
TRACE::2025-07-24.17:30:08::SCWPlatform::Found the Hw Db part of the input DSA
TRACE::2025-07-24.17:30:08::SCWMssOS::Checking the sw design at  /home/call_me_utka/Documents/Projects/aes-ultra96-v2-playground/LED_Blink/design_1_wrapper/psu_cortexa53_0/standalone_psu_cortexa53_0/bsp/system.mss
TRACE::2025-07-24.17:30:08::SCWMssOS::DEBUG:  swdes dump  /home/call_me_utka/Documents/Projects/aes-ultra96-v2-playground/LED_Blink/design_1_wrapper/psu_cortexa53_0/standalone_psu_cortexa53_0/bsp/system.mss|system_1||
/home/call_me_utka/Documents/Projects/aes-ultra96-v2-playground/LED_Blink/design_1_wrapper/zynqmp_fsbl/zynqmp_fsbl_bsp/system.mss|system||
/home/call_me_utka/Documents/Projects/aes-ultra96-v2-playground/LED_Blink/design_1_wrapper/zynqmp_pmufw/zynqmp_pmufw_bsp/system.mss|system_0||

TRACE::2025-07-24.17:30:08::SCWMssOS::Sw design exists and opened at  /home/call_me_utka/Documents/Projects/aes-ultra96-v2-playground/LED_Blink/design_1_wrapper/psu_cortexa53_0/standalone_psu_cortexa53_0/bsp/system.mss
TRACE::2025-07-24.17:30:08::SCWPlatform::Trying to open the hw design at /home/call_me_utka/Documents/Projects/aes-ultra96-v2-playground/LED_Blink/design_1_wrapper/hw/design_1_wrapper.xsa
TRACE::2025-07-24.17:30:08::SCWPlatform::DSA given /home/call_me_utka/Documents/Projects/aes-ultra96-v2-playground/LED_Blink/design_1_wrapper/hw/design_1_wrapper.xsa
TRACE::2025-07-24.17:30:08::SCWPlatform::DSA absoulate path /home/call_me_utka/Documents/Projects/aes-ultra96-v2-playground/LED_Blink/design_1_wrapper/hw/design_1_wrapper.xsa
TRACE::2025-07-24.17:30:08::SCWPlatform::DSA directory /home/call_me_utka/Documents/Projects/aes-ultra96-v2-playground/LED_Blink/design_1_wrapper/hw
TRACE::2025-07-24.17:30:08::SCWPlatform:: Platform Path /home/call_me_utka/Documents/Projects/aes-ultra96-v2-playground/LED_Blink/design_1_wrapper/hw/design_1_wrapper.xsa
TRACE::2025-07-24.17:30:08::SCWPlatform:: Unique name xilinx:ultra96v2::0.0
TRACE::2025-07-24.17:30:08::SCWPlatform::Trying to set the existing hwdb with name design_1_wrapper_3
TRACE::2025-07-24.17:30:08::SCWPlatform::Opened existing hwdb design_1_wrapper_3
TRACE::2025-07-24.17:30:08::SCWPlatform::Found the Hw Db part of the input DSA
TRACE::2025-07-24.17:30:08::SCWMssOS::Checking the sw design at  /home/call_me_utka/Documents/Projects/aes-ultra96-v2-playground/LED_Blink/design_1_wrapper/psu_cortexa53_0/standalone_psu_cortexa53_0/bsp/system.mss
TRACE::2025-07-24.17:30:08::SCWMssOS::DEBUG:  swdes dump  /home/call_me_utka/Documents/Projects/aes-ultra96-v2-playground/LED_Blink/design_1_wrapper/psu_cortexa53_0/standalone_psu_cortexa53_0/bsp/system.mss|system_1||
/home/call_me_utka/Documents/Projects/aes-ultra96-v2-playground/LED_Blink/design_1_wrapper/zynqmp_fsbl/zynqmp_fsbl_bsp/system.mss|system||
/home/call_me_utka/Documents/Projects/aes-ultra96-v2-playground/LED_Blink/design_1_wrapper/zynqmp_pmufw/zynqmp_pmufw_bsp/system.mss|system_0||

TRACE::2025-07-24.17:30:08::SCWMssOS::Sw design exists and opened at  /home/call_me_utka/Documents/Projects/aes-ultra96-v2-playground/LED_Blink/design_1_wrapper/psu_cortexa53_0/standalone_psu_cortexa53_0/bsp/system.mss
TRACE::2025-07-24.17:30:08::SCWPlatform::Trying to open the hw design at /home/call_me_utka/Documents/Projects/aes-ultra96-v2-playground/LED_Blink/design_1_wrapper/hw/design_1_wrapper.xsa
TRACE::2025-07-24.17:30:08::SCWPlatform::DSA given /home/call_me_utka/Documents/Projects/aes-ultra96-v2-playground/LED_Blink/design_1_wrapper/hw/design_1_wrapper.xsa
TRACE::2025-07-24.17:30:08::SCWPlatform::DSA absoulate path /home/call_me_utka/Documents/Projects/aes-ultra96-v2-playground/LED_Blink/design_1_wrapper/hw/design_1_wrapper.xsa
TRACE::2025-07-24.17:30:08::SCWPlatform::DSA directory /home/call_me_utka/Documents/Projects/aes-ultra96-v2-playground/LED_Blink/design_1_wrapper/hw
TRACE::2025-07-24.17:30:08::SCWPlatform:: Platform Path /home/call_me_utka/Documents/Projects/aes-ultra96-v2-playground/LED_Blink/design_1_wrapper/hw/design_1_wrapper.xsa
TRACE::2025-07-24.17:30:08::SCWPlatform:: Unique name xilinx:ultra96v2::0.0
TRACE::2025-07-24.17:30:08::SCWPlatform::Trying to set the existing hwdb with name design_1_wrapper_3
TRACE::2025-07-24.17:30:08::SCWPlatform::Opened existing hwdb design_1_wrapper_3
TRACE::2025-07-24.17:30:08::SCWPlatform::Found the Hw Db part of the input DSA
TRACE::2025-07-24.17:30:08::SCWMssOS::Checking the sw design at  /home/call_me_utka/Documents/Projects/aes-ultra96-v2-playground/LED_Blink/design_1_wrapper/psu_cortexa53_0/standalone_psu_cortexa53_0/bsp/system.mss
TRACE::2025-07-24.17:30:08::SCWMssOS::DEBUG:  swdes dump  /home/call_me_utka/Documents/Projects/aes-ultra96-v2-playground/LED_Blink/design_1_wrapper/psu_cortexa53_0/standalone_psu_cortexa53_0/bsp/system.mss|system_1||
/home/call_me_utka/Documents/Projects/aes-ultra96-v2-playground/LED_Blink/design_1_wrapper/zynqmp_fsbl/zynqmp_fsbl_bsp/system.mss|system||
/home/call_me_utka/Documents/Projects/aes-ultra96-v2-playground/LED_Blink/design_1_wrapper/zynqmp_pmufw/zynqmp_pmufw_bsp/system.mss|system_0||

TRACE::2025-07-24.17:30:08::SCWMssOS::Sw design exists and opened at  /home/call_me_utka/Documents/Projects/aes-ultra96-v2-playground/LED_Blink/design_1_wrapper/psu_cortexa53_0/standalone_psu_cortexa53_0/bsp/system.mss
TRACE::2025-07-24.17:30:08::SCWWriter::formatted JSON is {
	"platformName":	"design_1_wrapper",
	"sprVersion":	"2.0",
	"mode":	"gui",
	"dsaType":	"Fixed",
	"platformDesc":	"design_1_wrapper",
	"platHandOff":	"/home/call_me_utka/Documents/Projects/aes-ultra96-v2-playground/Custom_IP/design_1_wrapper.xsa",
	"platIntHandOff":	"<platformDir>/hw/design_1_wrapper.xsa",
	"deviceType":	"zynqMP",
	"platIsPrebuiltAutogen":	"false",
	"platIsNoBootBsp":	"false",
	"platFsblTarget":	"psu_cortexa53_0",
	"hasFsblMakeHasChanges":	"false",
	"hasPmufwMakeHasChanges":	"false",
	"fsblExtraCompilerFlags":	"-MMD -MP      -Wall -fmessage-length=0 -DARMA53_64 -Os -flto -ffat-lto-objects  ",
	"pmufwExtraCompilerFlags":	"-MMD -MP      -mlittle-endian -mxl-barrel-shift -mxl-pattern-compare -mcpu=v9.2 -mxl-soft-mul -Os -flto -ffat-lto-objects  ",
	"platPreBuiltFlag":	false,
	"platformSamplesDir":	"",
	"platActiveSys":	"design_1_wrapper",
	"systems":	[{
			"systemName":	"design_1_wrapper",
			"systemDesc":	"design_1_wrapper",
			"sysIsBootAutoGen":	"true",
			"systemDispName":	"design_1_wrapper",
			"sysActiveDom":	"standalone_psu_cortexa53_0",
			"sysDefaultDom":	"standalone_psu_cortexa53_0",
			"domains":	[{
					"domainName":	"zynqmp_fsbl",
					"domainDispName":	"zynqmp_fsbl",
					"domainDesc":	"FSBL Application BSP - Auto Generated.",
					"processors":	"psu_cortexa53_0",
					"os":	"standalone",
					"sdxOs":	"standalone",
					"debugEnable":	"",
					"domRuntimes":	["cpp"],
					"swRepo":	"",
					"mssOsVer":	"7.7",
					"mssFile":	"",
					"md5Digest":	"aa376723b3fc27c4732a5c93a0b64950",
					"compatibleApp":	"zynqmp_fsbl",
					"domType":	"bootDomain",
					"arch":	"64-bit",
					"appSettings":	{
						"appCompilerFlags":	"",
						"appLinkerFlags":	""
					},
					"addedLibs":	["xilffs:4.7", "xilsecure:4.7", "xilpm:4.0"],
					"libOptions":	{
						"standalone":	{
							"zynqmp_fsbl_bsp":	"true",
							"libOptionNames":	["zynqmp_fsbl_bsp"]
						},
						"xilffs":	{
							"read_only":	"true",
							"use_mkfs":	"false",
							"libOptionNames":	["read_only", "use_mkfs"]
						},
						"xilsecure":	{
							"tpm_support":	"true",
							"libOptionNames":	["tpm_support"]
						},
						"libsContainingOptions":	["standalone", "xilffs", "xilsecure"]
					},
					"prebuiltLibs":	{
						"prebuiltIncPath":	[],
						"prebuiltLibPath":	[]
					},
					"isolation":	{
					}
				}, {
					"domainName":	"zynqmp_pmufw",
					"domainDispName":	"zynqmp_pmufw",
					"domainDesc":	"PMUFW Application BSP - Auto Generated.",
					"processors":	"psu_pmu_0",
					"os":	"standalone",
					"sdxOs":	"standalone",
					"debugEnable":	"",
					"domRuntimes":	["cpp"],
					"swRepo":	"",
					"mssOsVer":	"7.7",
					"mssFile":	"",
					"md5Digest":	"74f37d2df90ed5543bc2becd26dc4eb2",
					"compatibleApp":	"zynqmp_pmufw",
					"domType":	"bootDomain",
					"arch":	"32-bit",
					"appSettings":	{
						"appCompilerFlags":	"",
						"appLinkerFlags":	""
					},
					"addedLibs":	["xilfpga:6.2", "xilsecure:4.7", "xilskey:7.3"],
					"libOptions":	{
						"psu_pmu_0":	{
							"extra_compiler_flags":	"-g -ffunction-sections -fdata-sections -Wall -Wextra -fno-tree-loop-distribute-patterns  -Os -flto -ffat-lto-objects",
							"libOptionNames":	["extra_compiler_flags"]
						},
						"libsContainingOptions":	["psu_pmu_0"]
					},
					"prebuiltLibs":	{
						"prebuiltIncPath":	[],
						"prebuiltLibPath":	[]
					},
					"isolation":	{
					}
				}, {
					"domainName":	"standalone_psu_cortexa53_0",
					"domainDispName":	"standalone_psu_cortexa53_0",
					"domainDesc":	"standalone_psu_cortexa53_0",
					"processors":	"psu_cortexa53_0",
					"os":	"standalone",
					"sdxOs":	"standalone",
					"qemuArgs":	"<platformDir>/resources/design_1_wrapper/standalone_psu_cortexa53_0/qemu_args.txt",
					"qemuData":	"<platformDir>/resources/design_1_wrapper/standalone_psu_cortexa53_0/qemu",
					"pmuQemuArgs":	"<platformDir>/resources/design_1_wrapper/standalone_psu_cortexa53_0/pmu_args.txt",
					"debugEnable":	"False",
					"domRuntimes":	["cpp"],
					"swRepo":	"",
					"mssOsVer":	"7.7",
					"mssFile":	"",
					"md5Digest":	"8b736d9b4ee00eff11c2536082f6b570",
					"compatibleApp":	"hello_world",
					"domType":	"mssDomain",
					"arch":	"64-bit",
					"appSettings":	{
						"appCompilerFlags":	"",
						"appLinkerFlags":	""
					},
					"addedLibs":	[],
					"libOptions":	{
						"libsContainingOptions":	[]
					},
					"prebuiltLibs":	{
						"prebuiltIncPath":	[],
						"prebuiltLibPath":	[]
					},
					"isolation":	{
					}
				}]
		}]
}
TRACE::2025-07-24.17:30:08::SCWPlatform::Trying to open the hw design at /home/call_me_utka/Documents/Projects/aes-ultra96-v2-playground/LED_Blink/design_1_wrapper/hw/design_1_wrapper.xsa
TRACE::2025-07-24.17:30:08::SCWPlatform::DSA given /home/call_me_utka/Documents/Projects/aes-ultra96-v2-playground/LED_Blink/design_1_wrapper/hw/design_1_wrapper.xsa
TRACE::2025-07-24.17:30:08::SCWPlatform::DSA absoulate path /home/call_me_utka/Documents/Projects/aes-ultra96-v2-playground/LED_Blink/design_1_wrapper/hw/design_1_wrapper.xsa
TRACE::2025-07-24.17:30:08::SCWPlatform::DSA directory /home/call_me_utka/Documents/Projects/aes-ultra96-v2-playground/LED_Blink/design_1_wrapper/hw
TRACE::2025-07-24.17:30:08::SCWPlatform:: Platform Path /home/call_me_utka/Documents/Projects/aes-ultra96-v2-playground/LED_Blink/design_1_wrapper/hw/design_1_wrapper.xsa
TRACE::2025-07-24.17:30:08::SCWPlatform:: Unique name xilinx:ultra96v2::0.0
TRACE::2025-07-24.17:30:08::SCWPlatform::Trying to set the existing hwdb with name design_1_wrapper_3
TRACE::2025-07-24.17:30:08::SCWPlatform::Opened existing hwdb design_1_wrapper_3
TRACE::2025-07-24.17:30:08::SCWPlatform::Found the Hw Db part of the input DSA
TRACE::2025-07-24.17:30:08::SCWMssOS::Checking the sw design at  /home/call_me_utka/Documents/Projects/aes-ultra96-v2-playground/LED_Blink/design_1_wrapper/psu_cortexa53_0/standalone_psu_cortexa53_0/bsp/system.mss
TRACE::2025-07-24.17:30:08::SCWMssOS::DEBUG:  swdes dump  /home/call_me_utka/Documents/Projects/aes-ultra96-v2-playground/LED_Blink/design_1_wrapper/psu_cortexa53_0/standalone_psu_cortexa53_0/bsp/system.mss|system_1||
/home/call_me_utka/Documents/Projects/aes-ultra96-v2-playground/LED_Blink/design_1_wrapper/zynqmp_fsbl/zynqmp_fsbl_bsp/system.mss|system||
/home/call_me_utka/Documents/Projects/aes-ultra96-v2-playground/LED_Blink/design_1_wrapper/zynqmp_pmufw/zynqmp_pmufw_bsp/system.mss|system_0||

TRACE::2025-07-24.17:30:08::SCWMssOS::Sw design exists and opened at  /home/call_me_utka/Documents/Projects/aes-ultra96-v2-playground/LED_Blink/design_1_wrapper/psu_cortexa53_0/standalone_psu_cortexa53_0/bsp/system.mss
TRACE::2025-07-24.17:30:08::SCWPlatform::Trying to open the hw design at /home/call_me_utka/Documents/Projects/aes-ultra96-v2-playground/LED_Blink/design_1_wrapper/hw/design_1_wrapper.xsa
TRACE::2025-07-24.17:30:08::SCWPlatform::DSA given /home/call_me_utka/Documents/Projects/aes-ultra96-v2-playground/LED_Blink/design_1_wrapper/hw/design_1_wrapper.xsa
TRACE::2025-07-24.17:30:08::SCWPlatform::DSA absoulate path /home/call_me_utka/Documents/Projects/aes-ultra96-v2-playground/LED_Blink/design_1_wrapper/hw/design_1_wrapper.xsa
TRACE::2025-07-24.17:30:08::SCWPlatform::DSA directory /home/call_me_utka/Documents/Projects/aes-ultra96-v2-playground/LED_Blink/design_1_wrapper/hw
TRACE::2025-07-24.17:30:08::SCWPlatform:: Platform Path /home/call_me_utka/Documents/Projects/aes-ultra96-v2-playground/LED_Blink/design_1_wrapper/hw/design_1_wrapper.xsa
TRACE::2025-07-24.17:30:08::SCWPlatform:: Unique name xilinx:ultra96v2::0.0
TRACE::2025-07-24.17:30:08::SCWPlatform::Trying to set the existing hwdb with name design_1_wrapper_3
TRACE::2025-07-24.17:30:08::SCWPlatform::Opened existing hwdb design_1_wrapper_3
TRACE::2025-07-24.17:30:08::SCWPlatform::Found the Hw Db part of the input DSA
TRACE::2025-07-24.17:30:08::SCWMssOS::Checking the sw design at  /home/call_me_utka/Documents/Projects/aes-ultra96-v2-playground/LED_Blink/design_1_wrapper/psu_cortexa53_0/standalone_psu_cortexa53_0/bsp/system.mss
TRACE::2025-07-24.17:30:08::SCWMssOS::DEBUG:  swdes dump  /home/call_me_utka/Documents/Projects/aes-ultra96-v2-playground/LED_Blink/design_1_wrapper/psu_cortexa53_0/standalone_psu_cortexa53_0/bsp/system.mss|system_1||
/home/call_me_utka/Documents/Projects/aes-ultra96-v2-playground/LED_Blink/design_1_wrapper/zynqmp_fsbl/zynqmp_fsbl_bsp/system.mss|system||
/home/call_me_utka/Documents/Projects/aes-ultra96-v2-playground/LED_Blink/design_1_wrapper/zynqmp_pmufw/zynqmp_pmufw_bsp/system.mss|system_0||

TRACE::2025-07-24.17:30:08::SCWMssOS::Sw design exists and opened at  /home/call_me_utka/Documents/Projects/aes-ultra96-v2-playground/LED_Blink/design_1_wrapper/psu_cortexa53_0/standalone_psu_cortexa53_0/bsp/system.mss
TRACE::2025-07-24.17:30:08::SCWMssOS::Saving the mss changes /home/call_me_utka/Documents/Projects/aes-ultra96-v2-playground/LED_Blink/design_1_wrapper/zynqmp_fsbl/zynqmp_fsbl_bsp/system.mss
TRACE::2025-07-24.17:30:08::SCWMssOS::Found a swdesign opened with the mssfile.
TRACE::2025-07-24.17:30:08::SCWMssOS::Completed writemss as part of save.
TRACE::2025-07-24.17:30:08::SCWMssOS::Commit changes completed.
TRACE::2025-07-24.17:30:08::SCWMssOS::Saving the mss changes /home/call_me_utka/Documents/Projects/aes-ultra96-v2-playground/LED_Blink/design_1_wrapper/zynqmp_pmufw/zynqmp_pmufw_bsp/system.mss
TRACE::2025-07-24.17:30:08::SCWMssOS::Found a swdesign opened with the mssfile.
TRACE::2025-07-24.17:30:08::SCWMssOS::Completed writemss as part of save.
TRACE::2025-07-24.17:30:08::SCWMssOS::Commit changes completed.
TRACE::2025-07-24.17:30:08::SCWMssOS::Saving the mss changes /home/call_me_utka/Documents/Projects/aes-ultra96-v2-playground/LED_Blink/design_1_wrapper/psu_cortexa53_0/standalone_psu_cortexa53_0/bsp/system.mss
TRACE::2025-07-24.17:30:08::SCWMssOS::Found a swdesign opened with the mssfile.
TRACE::2025-07-24.17:30:08::SCWMssOS::Completed writemss as part of save.
TRACE::2025-07-24.17:30:08::SCWMssOS::Commit changes completed.
TRACE::2025-07-24.17:30:08::SCWPlatform::Trying to open the hw design at /home/call_me_utka/Documents/Projects/aes-ultra96-v2-playground/LED_Blink/design_1_wrapper/hw/design_1_wrapper.xsa
TRACE::2025-07-24.17:30:08::SCWPlatform::DSA given /home/call_me_utka/Documents/Projects/aes-ultra96-v2-playground/LED_Blink/design_1_wrapper/hw/design_1_wrapper.xsa
TRACE::2025-07-24.17:30:08::SCWPlatform::DSA absoulate path /home/call_me_utka/Documents/Projects/aes-ultra96-v2-playground/LED_Blink/design_1_wrapper/hw/design_1_wrapper.xsa
TRACE::2025-07-24.17:30:08::SCWPlatform::DSA directory /home/call_me_utka/Documents/Projects/aes-ultra96-v2-playground/LED_Blink/design_1_wrapper/hw
TRACE::2025-07-24.17:30:08::SCWPlatform:: Platform Path /home/call_me_utka/Documents/Projects/aes-ultra96-v2-playground/LED_Blink/design_1_wrapper/hw/design_1_wrapper.xsa
TRACE::2025-07-24.17:30:08::SCWPlatform:: Unique name xilinx:ultra96v2::0.0
TRACE::2025-07-24.17:30:08::SCWPlatform::Trying to set the existing hwdb with name design_1_wrapper_3
TRACE::2025-07-24.17:30:08::SCWPlatform::Opened existing hwdb design_1_wrapper_3
TRACE::2025-07-24.17:30:08::SCWPlatform::Found the Hw Db part of the input DSA
TRACE::2025-07-24.17:30:08::SCWMssOS::Checking the sw design at  /home/call_me_utka/Documents/Projects/aes-ultra96-v2-playground/LED_Blink/design_1_wrapper/zynqmp_fsbl/zynqmp_fsbl_bsp/system.mss
TRACE::2025-07-24.17:30:08::SCWMssOS::DEBUG:  swdes dump  /home/call_me_utka/Documents/Projects/aes-ultra96-v2-playground/LED_Blink/design_1_wrapper/psu_cortexa53_0/standalone_psu_cortexa53_0/bsp/system.mss|system_1||
/home/call_me_utka/Documents/Projects/aes-ultra96-v2-playground/LED_Blink/design_1_wrapper/zynqmp_fsbl/zynqmp_fsbl_bsp/system.mss|system||
/home/call_me_utka/Documents/Projects/aes-ultra96-v2-playground/LED_Blink/design_1_wrapper/zynqmp_pmufw/zynqmp_pmufw_bsp/system.mss|system_0||

TRACE::2025-07-24.17:30:08::SCWMssOS::Sw design exists and opened at  /home/call_me_utka/Documents/Projects/aes-ultra96-v2-playground/LED_Blink/design_1_wrapper/zynqmp_fsbl/zynqmp_fsbl_bsp/system.mss
TRACE::2025-07-24.17:30:08::SCWPlatform::Trying to open the hw design at /home/call_me_utka/Documents/Projects/aes-ultra96-v2-playground/LED_Blink/design_1_wrapper/hw/design_1_wrapper.xsa
TRACE::2025-07-24.17:30:08::SCWPlatform::DSA given /home/call_me_utka/Documents/Projects/aes-ultra96-v2-playground/LED_Blink/design_1_wrapper/hw/design_1_wrapper.xsa
TRACE::2025-07-24.17:30:08::SCWPlatform::DSA absoulate path /home/call_me_utka/Documents/Projects/aes-ultra96-v2-playground/LED_Blink/design_1_wrapper/hw/design_1_wrapper.xsa
TRACE::2025-07-24.17:30:08::SCWPlatform::DSA directory /home/call_me_utka/Documents/Projects/aes-ultra96-v2-playground/LED_Blink/design_1_wrapper/hw
TRACE::2025-07-24.17:30:08::SCWPlatform:: Platform Path /home/call_me_utka/Documents/Projects/aes-ultra96-v2-playground/LED_Blink/design_1_wrapper/hw/design_1_wrapper.xsa
TRACE::2025-07-24.17:30:08::SCWPlatform:: Unique name xilinx:ultra96v2::0.0
TRACE::2025-07-24.17:30:08::SCWPlatform::Trying to set the existing hwdb with name design_1_wrapper_3
TRACE::2025-07-24.17:30:08::SCWPlatform::Opened existing hwdb design_1_wrapper_3
TRACE::2025-07-24.17:30:08::SCWPlatform::Found the Hw Db part of the input DSA
TRACE::2025-07-24.17:30:08::SCWMssOS::Checking the sw design at  /home/call_me_utka/Documents/Projects/aes-ultra96-v2-playground/LED_Blink/design_1_wrapper/zynqmp_fsbl/zynqmp_fsbl_bsp/system.mss
TRACE::2025-07-24.17:30:08::SCWMssOS::DEBUG:  swdes dump  /home/call_me_utka/Documents/Projects/aes-ultra96-v2-playground/LED_Blink/design_1_wrapper/psu_cortexa53_0/standalone_psu_cortexa53_0/bsp/system.mss|system_1||
/home/call_me_utka/Documents/Projects/aes-ultra96-v2-playground/LED_Blink/design_1_wrapper/zynqmp_fsbl/zynqmp_fsbl_bsp/system.mss|system||
/home/call_me_utka/Documents/Projects/aes-ultra96-v2-playground/LED_Blink/design_1_wrapper/zynqmp_pmufw/zynqmp_pmufw_bsp/system.mss|system_0||

TRACE::2025-07-24.17:30:08::SCWMssOS::Sw design exists and opened at  /home/call_me_utka/Documents/Projects/aes-ultra96-v2-playground/LED_Blink/design_1_wrapper/zynqmp_fsbl/zynqmp_fsbl_bsp/system.mss
TRACE::2025-07-24.17:30:08::SCWPlatform::Trying to open the hw design at /home/call_me_utka/Documents/Projects/aes-ultra96-v2-playground/LED_Blink/design_1_wrapper/hw/design_1_wrapper.xsa
TRACE::2025-07-24.17:30:08::SCWPlatform::DSA given /home/call_me_utka/Documents/Projects/aes-ultra96-v2-playground/LED_Blink/design_1_wrapper/hw/design_1_wrapper.xsa
TRACE::2025-07-24.17:30:08::SCWPlatform::DSA absoulate path /home/call_me_utka/Documents/Projects/aes-ultra96-v2-playground/LED_Blink/design_1_wrapper/hw/design_1_wrapper.xsa
TRACE::2025-07-24.17:30:08::SCWPlatform::DSA directory /home/call_me_utka/Documents/Projects/aes-ultra96-v2-playground/LED_Blink/design_1_wrapper/hw
TRACE::2025-07-24.17:30:08::SCWPlatform:: Platform Path /home/call_me_utka/Documents/Projects/aes-ultra96-v2-playground/LED_Blink/design_1_wrapper/hw/design_1_wrapper.xsa
TRACE::2025-07-24.17:30:08::SCWPlatform:: Unique name xilinx:ultra96v2::0.0
TRACE::2025-07-24.17:30:08::SCWPlatform::Trying to set the existing hwdb with name design_1_wrapper_3
TRACE::2025-07-24.17:30:08::SCWPlatform::Opened existing hwdb design_1_wrapper_3
TRACE::2025-07-24.17:30:08::SCWPlatform::Found the Hw Db part of the input DSA
TRACE::2025-07-24.17:30:08::SCWMssOS::Checking the sw design at  /home/call_me_utka/Documents/Projects/aes-ultra96-v2-playground/LED_Blink/design_1_wrapper/zynqmp_fsbl/zynqmp_fsbl_bsp/system.mss
TRACE::2025-07-24.17:30:08::SCWMssOS::DEBUG:  swdes dump  /home/call_me_utka/Documents/Projects/aes-ultra96-v2-playground/LED_Blink/design_1_wrapper/psu_cortexa53_0/standalone_psu_cortexa53_0/bsp/system.mss|system_1||
/home/call_me_utka/Documents/Projects/aes-ultra96-v2-playground/LED_Blink/design_1_wrapper/zynqmp_fsbl/zynqmp_fsbl_bsp/system.mss|system||
/home/call_me_utka/Documents/Projects/aes-ultra96-v2-playground/LED_Blink/design_1_wrapper/zynqmp_pmufw/zynqmp_pmufw_bsp/system.mss|system_0||

TRACE::2025-07-24.17:30:08::SCWMssOS::Sw design exists and opened at  /home/call_me_utka/Documents/Projects/aes-ultra96-v2-playground/LED_Blink/design_1_wrapper/zynqmp_fsbl/zynqmp_fsbl_bsp/system.mss
TRACE::2025-07-24.17:30:08::SCWPlatform::Trying to open the hw design at /home/call_me_utka/Documents/Projects/aes-ultra96-v2-playground/LED_Blink/design_1_wrapper/hw/design_1_wrapper.xsa
TRACE::2025-07-24.17:30:08::SCWPlatform::DSA given /home/call_me_utka/Documents/Projects/aes-ultra96-v2-playground/LED_Blink/design_1_wrapper/hw/design_1_wrapper.xsa
TRACE::2025-07-24.17:30:08::SCWPlatform::DSA absoulate path /home/call_me_utka/Documents/Projects/aes-ultra96-v2-playground/LED_Blink/design_1_wrapper/hw/design_1_wrapper.xsa
TRACE::2025-07-24.17:30:08::SCWPlatform::DSA directory /home/call_me_utka/Documents/Projects/aes-ultra96-v2-playground/LED_Blink/design_1_wrapper/hw
TRACE::2025-07-24.17:30:08::SCWPlatform:: Platform Path /home/call_me_utka/Documents/Projects/aes-ultra96-v2-playground/LED_Blink/design_1_wrapper/hw/design_1_wrapper.xsa
TRACE::2025-07-24.17:30:08::SCWPlatform:: Unique name xilinx:ultra96v2::0.0
TRACE::2025-07-24.17:30:08::SCWPlatform::Trying to set the existing hwdb with name design_1_wrapper_3
TRACE::2025-07-24.17:30:08::SCWPlatform::Opened existing hwdb design_1_wrapper_3
TRACE::2025-07-24.17:30:08::SCWPlatform::Found the Hw Db part of the input DSA
TRACE::2025-07-24.17:30:08::SCWMssOS::Checking the sw design at  /home/call_me_utka/Documents/Projects/aes-ultra96-v2-playground/LED_Blink/design_1_wrapper/zynqmp_pmufw/zynqmp_pmufw_bsp/system.mss
TRACE::2025-07-24.17:30:08::SCWMssOS::DEBUG:  swdes dump  /home/call_me_utka/Documents/Projects/aes-ultra96-v2-playground/LED_Blink/design_1_wrapper/psu_cortexa53_0/standalone_psu_cortexa53_0/bsp/system.mss|system_1||
/home/call_me_utka/Documents/Projects/aes-ultra96-v2-playground/LED_Blink/design_1_wrapper/zynqmp_fsbl/zynqmp_fsbl_bsp/system.mss|system||
/home/call_me_utka/Documents/Projects/aes-ultra96-v2-playground/LED_Blink/design_1_wrapper/zynqmp_pmufw/zynqmp_pmufw_bsp/system.mss|system_0||

TRACE::2025-07-24.17:30:08::SCWMssOS::Sw design exists and opened at  /home/call_me_utka/Documents/Projects/aes-ultra96-v2-playground/LED_Blink/design_1_wrapper/zynqmp_pmufw/zynqmp_pmufw_bsp/system.mss
TRACE::2025-07-24.17:30:08::SCWPlatform::Trying to open the hw design at /home/call_me_utka/Documents/Projects/aes-ultra96-v2-playground/LED_Blink/design_1_wrapper/hw/design_1_wrapper.xsa
TRACE::2025-07-24.17:30:08::SCWPlatform::DSA given /home/call_me_utka/Documents/Projects/aes-ultra96-v2-playground/LED_Blink/design_1_wrapper/hw/design_1_wrapper.xsa
TRACE::2025-07-24.17:30:08::SCWPlatform::DSA absoulate path /home/call_me_utka/Documents/Projects/aes-ultra96-v2-playground/LED_Blink/design_1_wrapper/hw/design_1_wrapper.xsa
TRACE::2025-07-24.17:30:08::SCWPlatform::DSA directory /home/call_me_utka/Documents/Projects/aes-ultra96-v2-playground/LED_Blink/design_1_wrapper/hw
TRACE::2025-07-24.17:30:08::SCWPlatform:: Platform Path /home/call_me_utka/Documents/Projects/aes-ultra96-v2-playground/LED_Blink/design_1_wrapper/hw/design_1_wrapper.xsa
TRACE::2025-07-24.17:30:08::SCWPlatform:: Unique name xilinx:ultra96v2::0.0
TRACE::2025-07-24.17:30:08::SCWPlatform::Trying to set the existing hwdb with name design_1_wrapper_3
TRACE::2025-07-24.17:30:08::SCWPlatform::Opened existing hwdb design_1_wrapper_3
TRACE::2025-07-24.17:30:08::SCWPlatform::Found the Hw Db part of the input DSA
TRACE::2025-07-24.17:30:08::SCWMssOS::Checking the sw design at  /home/call_me_utka/Documents/Projects/aes-ultra96-v2-playground/LED_Blink/design_1_wrapper/zynqmp_pmufw/zynqmp_pmufw_bsp/system.mss
TRACE::2025-07-24.17:30:08::SCWMssOS::DEBUG:  swdes dump  /home/call_me_utka/Documents/Projects/aes-ultra96-v2-playground/LED_Blink/design_1_wrapper/psu_cortexa53_0/standalone_psu_cortexa53_0/bsp/system.mss|system_1||
/home/call_me_utka/Documents/Projects/aes-ultra96-v2-playground/LED_Blink/design_1_wrapper/zynqmp_fsbl/zynqmp_fsbl_bsp/system.mss|system||
/home/call_me_utka/Documents/Projects/aes-ultra96-v2-playground/LED_Blink/design_1_wrapper/zynqmp_pmufw/zynqmp_pmufw_bsp/system.mss|system_0||

TRACE::2025-07-24.17:30:08::SCWMssOS::Sw design exists and opened at  /home/call_me_utka/Documents/Projects/aes-ultra96-v2-playground/LED_Blink/design_1_wrapper/zynqmp_pmufw/zynqmp_pmufw_bsp/system.mss
TRACE::2025-07-24.17:30:08::SCWPlatform::Trying to open the hw design at /home/call_me_utka/Documents/Projects/aes-ultra96-v2-playground/LED_Blink/design_1_wrapper/hw/design_1_wrapper.xsa
TRACE::2025-07-24.17:30:08::SCWPlatform::DSA given /home/call_me_utka/Documents/Projects/aes-ultra96-v2-playground/LED_Blink/design_1_wrapper/hw/design_1_wrapper.xsa
TRACE::2025-07-24.17:30:08::SCWPlatform::DSA absoulate path /home/call_me_utka/Documents/Projects/aes-ultra96-v2-playground/LED_Blink/design_1_wrapper/hw/design_1_wrapper.xsa
TRACE::2025-07-24.17:30:08::SCWPlatform::DSA directory /home/call_me_utka/Documents/Projects/aes-ultra96-v2-playground/LED_Blink/design_1_wrapper/hw
TRACE::2025-07-24.17:30:08::SCWPlatform:: Platform Path /home/call_me_utka/Documents/Projects/aes-ultra96-v2-playground/LED_Blink/design_1_wrapper/hw/design_1_wrapper.xsa
TRACE::2025-07-24.17:30:08::SCWPlatform:: Unique name xilinx:ultra96v2::0.0
TRACE::2025-07-24.17:30:08::SCWPlatform::Trying to set the existing hwdb with name design_1_wrapper_3
TRACE::2025-07-24.17:30:08::SCWPlatform::Opened existing hwdb design_1_wrapper_3
TRACE::2025-07-24.17:30:08::SCWPlatform::Found the Hw Db part of the input DSA
TRACE::2025-07-24.17:30:08::SCWMssOS::Checking the sw design at  /home/call_me_utka/Documents/Projects/aes-ultra96-v2-playground/LED_Blink/design_1_wrapper/zynqmp_pmufw/zynqmp_pmufw_bsp/system.mss
TRACE::2025-07-24.17:30:08::SCWMssOS::DEBUG:  swdes dump  /home/call_me_utka/Documents/Projects/aes-ultra96-v2-playground/LED_Blink/design_1_wrapper/psu_cortexa53_0/standalone_psu_cortexa53_0/bsp/system.mss|system_1||
/home/call_me_utka/Documents/Projects/aes-ultra96-v2-playground/LED_Blink/design_1_wrapper/zynqmp_fsbl/zynqmp_fsbl_bsp/system.mss|system||
/home/call_me_utka/Documents/Projects/aes-ultra96-v2-playground/LED_Blink/design_1_wrapper/zynqmp_pmufw/zynqmp_pmufw_bsp/system.mss|system_0||

TRACE::2025-07-24.17:30:08::SCWMssOS::Sw design exists and opened at  /home/call_me_utka/Documents/Projects/aes-ultra96-v2-playground/LED_Blink/design_1_wrapper/zynqmp_pmufw/zynqmp_pmufw_bsp/system.mss
TRACE::2025-07-24.17:30:08::SCWPlatform::Trying to open the hw design at /home/call_me_utka/Documents/Projects/aes-ultra96-v2-playground/LED_Blink/design_1_wrapper/hw/design_1_wrapper.xsa
TRACE::2025-07-24.17:30:08::SCWPlatform::DSA given /home/call_me_utka/Documents/Projects/aes-ultra96-v2-playground/LED_Blink/design_1_wrapper/hw/design_1_wrapper.xsa
TRACE::2025-07-24.17:30:08::SCWPlatform::DSA absoulate path /home/call_me_utka/Documents/Projects/aes-ultra96-v2-playground/LED_Blink/design_1_wrapper/hw/design_1_wrapper.xsa
TRACE::2025-07-24.17:30:08::SCWPlatform::DSA directory /home/call_me_utka/Documents/Projects/aes-ultra96-v2-playground/LED_Blink/design_1_wrapper/hw
TRACE::2025-07-24.17:30:08::SCWPlatform:: Platform Path /home/call_me_utka/Documents/Projects/aes-ultra96-v2-playground/LED_Blink/design_1_wrapper/hw/design_1_wrapper.xsa
TRACE::2025-07-24.17:30:08::SCWPlatform:: Unique name xilinx:ultra96v2::0.0
TRACE::2025-07-24.17:30:08::SCWPlatform::Trying to set the existing hwdb with name design_1_wrapper_3
TRACE::2025-07-24.17:30:08::SCWPlatform::Opened existing hwdb design_1_wrapper_3
TRACE::2025-07-24.17:30:08::SCWPlatform::Found the Hw Db part of the input DSA
TRACE::2025-07-24.17:30:08::SCWMssOS::Checking the sw design at  /home/call_me_utka/Documents/Projects/aes-ultra96-v2-playground/LED_Blink/design_1_wrapper/psu_cortexa53_0/standalone_psu_cortexa53_0/bsp/system.mss
TRACE::2025-07-24.17:30:08::SCWMssOS::DEBUG:  swdes dump  /home/call_me_utka/Documents/Projects/aes-ultra96-v2-playground/LED_Blink/design_1_wrapper/psu_cortexa53_0/standalone_psu_cortexa53_0/bsp/system.mss|system_1||
/home/call_me_utka/Documents/Projects/aes-ultra96-v2-playground/LED_Blink/design_1_wrapper/zynqmp_fsbl/zynqmp_fsbl_bsp/system.mss|system||
/home/call_me_utka/Documents/Projects/aes-ultra96-v2-playground/LED_Blink/design_1_wrapper/zynqmp_pmufw/zynqmp_pmufw_bsp/system.mss|system_0||

TRACE::2025-07-24.17:30:08::SCWMssOS::Sw design exists and opened at  /home/call_me_utka/Documents/Projects/aes-ultra96-v2-playground/LED_Blink/design_1_wrapper/psu_cortexa53_0/standalone_psu_cortexa53_0/bsp/system.mss
TRACE::2025-07-24.17:30:08::SCWPlatform::Trying to open the hw design at /home/call_me_utka/Documents/Projects/aes-ultra96-v2-playground/LED_Blink/design_1_wrapper/hw/design_1_wrapper.xsa
TRACE::2025-07-24.17:30:08::SCWPlatform::DSA given /home/call_me_utka/Documents/Projects/aes-ultra96-v2-playground/LED_Blink/design_1_wrapper/hw/design_1_wrapper.xsa
TRACE::2025-07-24.17:30:08::SCWPlatform::DSA absoulate path /home/call_me_utka/Documents/Projects/aes-ultra96-v2-playground/LED_Blink/design_1_wrapper/hw/design_1_wrapper.xsa
TRACE::2025-07-24.17:30:08::SCWPlatform::DSA directory /home/call_me_utka/Documents/Projects/aes-ultra96-v2-playground/LED_Blink/design_1_wrapper/hw
TRACE::2025-07-24.17:30:08::SCWPlatform:: Platform Path /home/call_me_utka/Documents/Projects/aes-ultra96-v2-playground/LED_Blink/design_1_wrapper/hw/design_1_wrapper.xsa
TRACE::2025-07-24.17:30:08::SCWPlatform:: Unique name xilinx:ultra96v2::0.0
TRACE::2025-07-24.17:30:08::SCWPlatform::Trying to set the existing hwdb with name design_1_wrapper_3
TRACE::2025-07-24.17:30:08::SCWPlatform::Opened existing hwdb design_1_wrapper_3
TRACE::2025-07-24.17:30:08::SCWPlatform::Found the Hw Db part of the input DSA
TRACE::2025-07-24.17:30:08::SCWMssOS::Checking the sw design at  /home/call_me_utka/Documents/Projects/aes-ultra96-v2-playground/LED_Blink/design_1_wrapper/psu_cortexa53_0/standalone_psu_cortexa53_0/bsp/system.mss
TRACE::2025-07-24.17:30:08::SCWMssOS::DEBUG:  swdes dump  /home/call_me_utka/Documents/Projects/aes-ultra96-v2-playground/LED_Blink/design_1_wrapper/psu_cortexa53_0/standalone_psu_cortexa53_0/bsp/system.mss|system_1||
/home/call_me_utka/Documents/Projects/aes-ultra96-v2-playground/LED_Blink/design_1_wrapper/zynqmp_fsbl/zynqmp_fsbl_bsp/system.mss|system||
/home/call_me_utka/Documents/Projects/aes-ultra96-v2-playground/LED_Blink/design_1_wrapper/zynqmp_pmufw/zynqmp_pmufw_bsp/system.mss|system_0||

TRACE::2025-07-24.17:30:08::SCWMssOS::Sw design exists and opened at  /home/call_me_utka/Documents/Projects/aes-ultra96-v2-playground/LED_Blink/design_1_wrapper/psu_cortexa53_0/standalone_psu_cortexa53_0/bsp/system.mss
TRACE::2025-07-24.17:30:08::SCWPlatform::Trying to open the hw design at /home/call_me_utka/Documents/Projects/aes-ultra96-v2-playground/LED_Blink/design_1_wrapper/hw/design_1_wrapper.xsa
TRACE::2025-07-24.17:30:08::SCWPlatform::DSA given /home/call_me_utka/Documents/Projects/aes-ultra96-v2-playground/LED_Blink/design_1_wrapper/hw/design_1_wrapper.xsa
TRACE::2025-07-24.17:30:08::SCWPlatform::DSA absoulate path /home/call_me_utka/Documents/Projects/aes-ultra96-v2-playground/LED_Blink/design_1_wrapper/hw/design_1_wrapper.xsa
TRACE::2025-07-24.17:30:08::SCWPlatform::DSA directory /home/call_me_utka/Documents/Projects/aes-ultra96-v2-playground/LED_Blink/design_1_wrapper/hw
TRACE::2025-07-24.17:30:08::SCWPlatform:: Platform Path /home/call_me_utka/Documents/Projects/aes-ultra96-v2-playground/LED_Blink/design_1_wrapper/hw/design_1_wrapper.xsa
TRACE::2025-07-24.17:30:08::SCWPlatform:: Unique name xilinx:ultra96v2::0.0
TRACE::2025-07-24.17:30:08::SCWPlatform::Trying to set the existing hwdb with name design_1_wrapper_3
TRACE::2025-07-24.17:30:08::SCWPlatform::Opened existing hwdb design_1_wrapper_3
TRACE::2025-07-24.17:30:08::SCWPlatform::Found the Hw Db part of the input DSA
TRACE::2025-07-24.17:30:08::SCWMssOS::Checking the sw design at  /home/call_me_utka/Documents/Projects/aes-ultra96-v2-playground/LED_Blink/design_1_wrapper/psu_cortexa53_0/standalone_psu_cortexa53_0/bsp/system.mss
TRACE::2025-07-24.17:30:08::SCWMssOS::DEBUG:  swdes dump  /home/call_me_utka/Documents/Projects/aes-ultra96-v2-playground/LED_Blink/design_1_wrapper/psu_cortexa53_0/standalone_psu_cortexa53_0/bsp/system.mss|system_1||
/home/call_me_utka/Documents/Projects/aes-ultra96-v2-playground/LED_Blink/design_1_wrapper/zynqmp_fsbl/zynqmp_fsbl_bsp/system.mss|system||
/home/call_me_utka/Documents/Projects/aes-ultra96-v2-playground/LED_Blink/design_1_wrapper/zynqmp_pmufw/zynqmp_pmufw_bsp/system.mss|system_0||

TRACE::2025-07-24.17:30:08::SCWMssOS::Sw design exists and opened at  /home/call_me_utka/Documents/Projects/aes-ultra96-v2-playground/LED_Blink/design_1_wrapper/psu_cortexa53_0/standalone_psu_cortexa53_0/bsp/system.mss
TRACE::2025-07-24.17:30:08::SCWWriter::formatted JSON is {
	"platformName":	"design_1_wrapper",
	"sprVersion":	"2.0",
	"mode":	"gui",
	"dsaType":	"Fixed",
	"platformDesc":	"design_1_wrapper",
	"platHandOff":	"/home/call_me_utka/Documents/Projects/aes-ultra96-v2-playground/Custom_IP/design_1_wrapper.xsa",
	"platIntHandOff":	"<platformDir>/hw/design_1_wrapper.xsa",
	"deviceType":	"zynqMP",
	"platIsPrebuiltAutogen":	"false",
	"platIsNoBootBsp":	"false",
	"platFsblTarget":	"psu_cortexa53_0",
	"hasFsblMakeHasChanges":	"false",
	"hasPmufwMakeHasChanges":	"false",
	"fsblExtraCompilerFlags":	"-MMD -MP      -Wall -fmessage-length=0 -DARMA53_64 -Os -flto -ffat-lto-objects  ",
	"pmufwExtraCompilerFlags":	"-MMD -MP      -mlittle-endian -mxl-barrel-shift -mxl-pattern-compare -mcpu=v9.2 -mxl-soft-mul -Os -flto -ffat-lto-objects  ",
	"platPreBuiltFlag":	false,
	"platformSamplesDir":	"",
	"platActiveSys":	"design_1_wrapper",
	"systems":	[{
			"systemName":	"design_1_wrapper",
			"systemDesc":	"design_1_wrapper",
			"sysIsBootAutoGen":	"true",
			"systemDispName":	"design_1_wrapper",
			"sysActiveDom":	"standalone_psu_cortexa53_0",
			"sysDefaultDom":	"standalone_psu_cortexa53_0",
			"domains":	[{
					"domainName":	"zynqmp_fsbl",
					"domainDispName":	"zynqmp_fsbl",
					"domainDesc":	"FSBL Application BSP - Auto Generated.",
					"processors":	"psu_cortexa53_0",
					"os":	"standalone",
					"sdxOs":	"standalone",
					"debugEnable":	"",
					"domRuntimes":	["cpp"],
					"swRepo":	"",
					"mssOsVer":	"7.7",
					"mssFile":	"",
					"md5Digest":	"aa376723b3fc27c4732a5c93a0b64950",
					"compatibleApp":	"zynqmp_fsbl",
					"domType":	"bootDomain",
					"arch":	"64-bit",
					"appSettings":	{
						"appCompilerFlags":	"",
						"appLinkerFlags":	""
					},
					"addedLibs":	["xilffs:4.7", "xilsecure:4.7", "xilpm:4.0"],
					"libOptions":	{
						"standalone":	{
							"zynqmp_fsbl_bsp":	"true",
							"libOptionNames":	["zynqmp_fsbl_bsp"]
						},
						"xilffs":	{
							"read_only":	"true",
							"use_mkfs":	"false",
							"libOptionNames":	["read_only", "use_mkfs"]
						},
						"xilsecure":	{
							"tpm_support":	"true",
							"libOptionNames":	["tpm_support"]
						},
						"libsContainingOptions":	["standalone", "xilffs", "xilsecure"]
					},
					"prebuiltLibs":	{
						"prebuiltIncPath":	[],
						"prebuiltLibPath":	[]
					},
					"isolation":	{
					}
				}, {
					"domainName":	"zynqmp_pmufw",
					"domainDispName":	"zynqmp_pmufw",
					"domainDesc":	"PMUFW Application BSP - Auto Generated.",
					"processors":	"psu_pmu_0",
					"os":	"standalone",
					"sdxOs":	"standalone",
					"debugEnable":	"",
					"domRuntimes":	["cpp"],
					"swRepo":	"",
					"mssOsVer":	"7.7",
					"mssFile":	"",
					"md5Digest":	"74f37d2df90ed5543bc2becd26dc4eb2",
					"compatibleApp":	"zynqmp_pmufw",
					"domType":	"bootDomain",
					"arch":	"32-bit",
					"appSettings":	{
						"appCompilerFlags":	"",
						"appLinkerFlags":	""
					},
					"addedLibs":	["xilfpga:6.2", "xilsecure:4.7", "xilskey:7.3"],
					"libOptions":	{
						"psu_pmu_0":	{
							"extra_compiler_flags":	"-g -ffunction-sections -fdata-sections -Wall -Wextra -fno-tree-loop-distribute-patterns  -Os -flto -ffat-lto-objects",
							"libOptionNames":	["extra_compiler_flags"]
						},
						"libsContainingOptions":	["psu_pmu_0"]
					},
					"prebuiltLibs":	{
						"prebuiltIncPath":	[],
						"prebuiltLibPath":	[]
					},
					"isolation":	{
					}
				}, {
					"domainName":	"standalone_psu_cortexa53_0",
					"domainDispName":	"standalone_psu_cortexa53_0",
					"domainDesc":	"standalone_psu_cortexa53_0",
					"processors":	"psu_cortexa53_0",
					"os":	"standalone",
					"sdxOs":	"standalone",
					"qemuArgs":	"<platformDir>/resources/design_1_wrapper/standalone_psu_cortexa53_0/qemu_args.txt",
					"qemuData":	"<platformDir>/resources/design_1_wrapper/standalone_psu_cortexa53_0/qemu",
					"pmuQemuArgs":	"<platformDir>/resources/design_1_wrapper/standalone_psu_cortexa53_0/pmu_args.txt",
					"debugEnable":	"False",
					"domRuntimes":	["cpp"],
					"swRepo":	"",
					"mssOsVer":	"7.7",
					"mssFile":	"",
					"md5Digest":	"8b736d9b4ee00eff11c2536082f6b570",
					"compatibleApp":	"hello_world",
					"domType":	"mssDomain",
					"arch":	"64-bit",
					"appSettings":	{
						"appCompilerFlags":	"",
						"appLinkerFlags":	""
					},
					"addedLibs":	[],
					"libOptions":	{
						"libsContainingOptions":	[]
					},
					"prebuiltLibs":	{
						"prebuiltIncPath":	[],
						"prebuiltLibPath":	[]
					},
					"isolation":	{
					}
				}]
		}]
}
LOG::2025-07-24.17:30:08::SCWPlatform::Started generating the artifacts platform design_1_wrapper
TRACE::2025-07-24.17:30:08::SCWPlatform::Sanity checking of platform is completed
LOG::2025-07-24.17:30:08::SCWPlatform::Started generating the artifacts for system configuration design_1_wrapper
LOG::2025-07-24.17:30:08::SCWSystem::Started Processing the domain standalone_psu_cortexa53_0
TRACE::2025-07-24.17:30:08::SCWDomain::Generating domain artifcats
TRACE::2025-07-24.17:30:08::SCWMssOS::Generating standalone artifcats
TRACE::2025-07-24.17:30:08::SCWMssOS::Copying the qemu file from  /home/call_me_utka/Documents/Projects/aes-ultra96-v2-playground/LED_Blink/design_1_wrapper/resources/design_1_wrapper/standalone_psu_cortexa53_0/qemu_args.txt To /home/call_me_utka/Documents/Projects/aes-ultra96-v2-playground/LED_Blink/design_1_wrapper/export/design_1_wrapper/sw/design_1_wrapper/qemu/
TRACE::2025-07-24.17:30:08::SCWMssOS::Copying the qemu file from  /home/call_me_utka/Documents/Projects/aes-ultra96-v2-playground/LED_Blink/design_1_wrapper/resources/design_1_wrapper/standalone_psu_cortexa53_0/qemu_args.txt To /home/call_me_utka/Documents/Projects/aes-ultra96-v2-playground/LED_Blink/design_1_wrapper/export/design_1_wrapper/sw/design_1_wrapper/qemu/
TRACE::2025-07-24.17:30:08::SCWMssOS::Copying the qemu file from  /home/call_me_utka/Documents/Projects/aes-ultra96-v2-playground/LED_Blink/design_1_wrapper/resources/design_1_wrapper/standalone_psu_cortexa53_0/qemu_args.txt To /home/call_me_utka/Documents/Projects/aes-ultra96-v2-playground/LED_Blink/design_1_wrapper/export/design_1_wrapper/sw/design_1_wrapper/standalone_psu_cortexa53_0/qemu/
TRACE::2025-07-24.17:30:08::SCWMssOS::Copying the qemu file from  /home/call_me_utka/Documents/Projects/aes-ultra96-v2-playground/LED_Blink/design_1_wrapper/resources/design_1_wrapper/standalone_psu_cortexa53_0/qemu_args.txt To /home/call_me_utka/Documents/Projects/aes-ultra96-v2-playground/LED_Blink/design_1_wrapper/export/design_1_wrapper/sw/design_1_wrapper/standalone_psu_cortexa53_0/qemu/
TRACE::2025-07-24.17:30:08::SCWMssOS:: Copying the user libraries. 
TRACE::2025-07-24.17:30:08::SCWPlatform::Trying to open the hw design at /home/call_me_utka/Documents/Projects/aes-ultra96-v2-playground/LED_Blink/design_1_wrapper/hw/design_1_wrapper.xsa
TRACE::2025-07-24.17:30:08::SCWPlatform::DSA given /home/call_me_utka/Documents/Projects/aes-ultra96-v2-playground/LED_Blink/design_1_wrapper/hw/design_1_wrapper.xsa
TRACE::2025-07-24.17:30:08::SCWPlatform::DSA absoulate path /home/call_me_utka/Documents/Projects/aes-ultra96-v2-playground/LED_Blink/design_1_wrapper/hw/design_1_wrapper.xsa
TRACE::2025-07-24.17:30:08::SCWPlatform::DSA directory /home/call_me_utka/Documents/Projects/aes-ultra96-v2-playground/LED_Blink/design_1_wrapper/hw
TRACE::2025-07-24.17:30:08::SCWPlatform:: Platform Path /home/call_me_utka/Documents/Projects/aes-ultra96-v2-playground/LED_Blink/design_1_wrapper/hw/design_1_wrapper.xsa
TRACE::2025-07-24.17:30:08::SCWPlatform:: Unique name xilinx:ultra96v2::0.0
TRACE::2025-07-24.17:30:08::SCWPlatform::Trying to set the existing hwdb with name design_1_wrapper_3
TRACE::2025-07-24.17:30:08::SCWPlatform::Opened existing hwdb design_1_wrapper_3
TRACE::2025-07-24.17:30:08::SCWPlatform::Found the Hw Db part of the input DSA
TRACE::2025-07-24.17:30:08::SCWMssOS::Checking the sw design at  /home/call_me_utka/Documents/Projects/aes-ultra96-v2-playground/LED_Blink/design_1_wrapper/psu_cortexa53_0/standalone_psu_cortexa53_0/bsp/system.mss
TRACE::2025-07-24.17:30:08::SCWMssOS::DEBUG:  swdes dump  /home/call_me_utka/Documents/Projects/aes-ultra96-v2-playground/LED_Blink/design_1_wrapper/psu_cortexa53_0/standalone_psu_cortexa53_0/bsp/system.mss|system_1||
/home/call_me_utka/Documents/Projects/aes-ultra96-v2-playground/LED_Blink/design_1_wrapper/zynqmp_fsbl/zynqmp_fsbl_bsp/system.mss|system||
/home/call_me_utka/Documents/Projects/aes-ultra96-v2-playground/LED_Blink/design_1_wrapper/zynqmp_pmufw/zynqmp_pmufw_bsp/system.mss|system_0||

TRACE::2025-07-24.17:30:08::SCWMssOS::Sw design exists and opened at  /home/call_me_utka/Documents/Projects/aes-ultra96-v2-playground/LED_Blink/design_1_wrapper/psu_cortexa53_0/standalone_psu_cortexa53_0/bsp/system.mss
TRACE::2025-07-24.17:30:08::SCWMssOS::Completed writing the mss file at /home/call_me_utka/Documents/Projects/aes-ultra96-v2-playground/LED_Blink/design_1_wrapper/psu_cortexa53_0/standalone_psu_cortexa53_0/bsp
TRACE::2025-07-24.17:30:08::SCWMssOS::Mss edits present, copying mssfile into export location /home/call_me_utka/Documents/Projects/aes-ultra96-v2-playground/LED_Blink/design_1_wrapper/psu_cortexa53_0/standalone_psu_cortexa53_0/bsp/system.mss
TRACE::2025-07-24.17:30:08::SCWMssOS::bsp generated is upto date with the mss file. Skipping bsp generation.
TRACE::2025-07-24.17:30:08::SCWMssOS::BSP is already built. skipping the bsp build ... 
TRACE::2025-07-24.17:30:08::SCWDomain::Building the domain as part of full build :  standalone_psu_cortexa53_0
TRACE::2025-07-24.17:30:08::SCWMssOS::skipping the bsp build ... 
TRACE::2025-07-24.17:30:08::SCWMssOS::Copying to export directory.
TRACE::2025-07-24.17:30:08::SCWMssOS:: Checking if to create the Supporting Applications
TRACE::2025-07-24.17:30:08::SCWMssOS:: No Linux domain exists, trying to generate FSBL 
TRACE::2025-07-24.17:30:08::SCWMssOS:: Completed Standalone Artifacts creation 
LOG::2025-07-24.17:30:08::SCWSystem::Completed Processing the domain standalone_psu_cortexa53_0
LOG::2025-07-24.17:30:08::SCWSystem::Completed Processing the sysconfig design_1_wrapper
LOG::2025-07-24.17:30:08::SCWPlatform::Completed generating the artifacts for system configuration design_1_wrapper
TRACE::2025-07-24.17:30:08::SCWPlatform::Started preparing the platform 
TRACE::2025-07-24.17:30:08::SCWSystem::Writing the bif file for system config design_1_wrapper
TRACE::2025-07-24.17:30:08::SCWSystem::dir created 
TRACE::2025-07-24.17:30:08::SCWSystem::Writing the bif 
TRACE::2025-07-24.17:30:08::SCWPlatform::Started writing the spfm file 
TRACE::2025-07-24.17:30:08::SCWPlatform::Started writing the xpfm file 
TRACE::2025-07-24.17:30:08::SCWPlatform::Completed generating the platform
TRACE::2025-07-24.17:30:08::SCWMssOS::Saving the mss changes /home/call_me_utka/Documents/Projects/aes-ultra96-v2-playground/LED_Blink/design_1_wrapper/zynqmp_fsbl/zynqmp_fsbl_bsp/system.mss
TRACE::2025-07-24.17:30:08::SCWMssOS::Found a swdesign opened with the mssfile.
TRACE::2025-07-24.17:30:08::SCWMssOS::Completed writemss as part of save.
TRACE::2025-07-24.17:30:08::SCWMssOS::Commit changes completed.
TRACE::2025-07-24.17:30:08::SCWMssOS::Saving the mss changes /home/call_me_utka/Documents/Projects/aes-ultra96-v2-playground/LED_Blink/design_1_wrapper/zynqmp_pmufw/zynqmp_pmufw_bsp/system.mss
TRACE::2025-07-24.17:30:08::SCWMssOS::Found a swdesign opened with the mssfile.
TRACE::2025-07-24.17:30:08::SCWMssOS::Completed writemss as part of save.
TRACE::2025-07-24.17:30:08::SCWMssOS::Commit changes completed.
TRACE::2025-07-24.17:30:08::SCWMssOS::Saving the mss changes /home/call_me_utka/Documents/Projects/aes-ultra96-v2-playground/LED_Blink/design_1_wrapper/psu_cortexa53_0/standalone_psu_cortexa53_0/bsp/system.mss
TRACE::2025-07-24.17:30:08::SCWMssOS::Found a swdesign opened with the mssfile.
TRACE::2025-07-24.17:30:08::SCWMssOS::Completed writemss as part of save.
TRACE::2025-07-24.17:30:08::SCWMssOS::Commit changes completed.
TRACE::2025-07-24.17:30:08::SCWPlatform::Trying to open the hw design at /home/call_me_utka/Documents/Projects/aes-ultra96-v2-playground/LED_Blink/design_1_wrapper/hw/design_1_wrapper.xsa
TRACE::2025-07-24.17:30:08::SCWPlatform::DSA given /home/call_me_utka/Documents/Projects/aes-ultra96-v2-playground/LED_Blink/design_1_wrapper/hw/design_1_wrapper.xsa
TRACE::2025-07-24.17:30:08::SCWPlatform::DSA absoulate path /home/call_me_utka/Documents/Projects/aes-ultra96-v2-playground/LED_Blink/design_1_wrapper/hw/design_1_wrapper.xsa
TRACE::2025-07-24.17:30:08::SCWPlatform::DSA directory /home/call_me_utka/Documents/Projects/aes-ultra96-v2-playground/LED_Blink/design_1_wrapper/hw
TRACE::2025-07-24.17:30:08::SCWPlatform:: Platform Path /home/call_me_utka/Documents/Projects/aes-ultra96-v2-playground/LED_Blink/design_1_wrapper/hw/design_1_wrapper.xsa
TRACE::2025-07-24.17:30:08::SCWPlatform:: Unique name xilinx:ultra96v2::0.0
TRACE::2025-07-24.17:30:08::SCWPlatform::Trying to set the existing hwdb with name design_1_wrapper_3
TRACE::2025-07-24.17:30:08::SCWPlatform::Opened existing hwdb design_1_wrapper_3
TRACE::2025-07-24.17:30:08::SCWPlatform::Found the Hw Db part of the input DSA
TRACE::2025-07-24.17:30:08::SCWMssOS::Checking the sw design at  /home/call_me_utka/Documents/Projects/aes-ultra96-v2-playground/LED_Blink/design_1_wrapper/zynqmp_fsbl/zynqmp_fsbl_bsp/system.mss
TRACE::2025-07-24.17:30:08::SCWMssOS::DEBUG:  swdes dump  /home/call_me_utka/Documents/Projects/aes-ultra96-v2-playground/LED_Blink/design_1_wrapper/psu_cortexa53_0/standalone_psu_cortexa53_0/bsp/system.mss|system_1||
/home/call_me_utka/Documents/Projects/aes-ultra96-v2-playground/LED_Blink/design_1_wrapper/zynqmp_fsbl/zynqmp_fsbl_bsp/system.mss|system||
/home/call_me_utka/Documents/Projects/aes-ultra96-v2-playground/LED_Blink/design_1_wrapper/zynqmp_pmufw/zynqmp_pmufw_bsp/system.mss|system_0||

TRACE::2025-07-24.17:30:08::SCWMssOS::Sw design exists and opened at  /home/call_me_utka/Documents/Projects/aes-ultra96-v2-playground/LED_Blink/design_1_wrapper/zynqmp_fsbl/zynqmp_fsbl_bsp/system.mss
TRACE::2025-07-24.17:30:08::SCWPlatform::Trying to open the hw design at /home/call_me_utka/Documents/Projects/aes-ultra96-v2-playground/LED_Blink/design_1_wrapper/hw/design_1_wrapper.xsa
TRACE::2025-07-24.17:30:08::SCWPlatform::DSA given /home/call_me_utka/Documents/Projects/aes-ultra96-v2-playground/LED_Blink/design_1_wrapper/hw/design_1_wrapper.xsa
TRACE::2025-07-24.17:30:08::SCWPlatform::DSA absoulate path /home/call_me_utka/Documents/Projects/aes-ultra96-v2-playground/LED_Blink/design_1_wrapper/hw/design_1_wrapper.xsa
TRACE::2025-07-24.17:30:08::SCWPlatform::DSA directory /home/call_me_utka/Documents/Projects/aes-ultra96-v2-playground/LED_Blink/design_1_wrapper/hw
TRACE::2025-07-24.17:30:08::SCWPlatform:: Platform Path /home/call_me_utka/Documents/Projects/aes-ultra96-v2-playground/LED_Blink/design_1_wrapper/hw/design_1_wrapper.xsa
TRACE::2025-07-24.17:30:08::SCWPlatform:: Unique name xilinx:ultra96v2::0.0
TRACE::2025-07-24.17:30:08::SCWPlatform::Trying to set the existing hwdb with name design_1_wrapper_3
TRACE::2025-07-24.17:30:08::SCWPlatform::Opened existing hwdb design_1_wrapper_3
TRACE::2025-07-24.17:30:08::SCWPlatform::Found the Hw Db part of the input DSA
TRACE::2025-07-24.17:30:08::SCWMssOS::Checking the sw design at  /home/call_me_utka/Documents/Projects/aes-ultra96-v2-playground/LED_Blink/design_1_wrapper/zynqmp_fsbl/zynqmp_fsbl_bsp/system.mss
TRACE::2025-07-24.17:30:08::SCWMssOS::DEBUG:  swdes dump  /home/call_me_utka/Documents/Projects/aes-ultra96-v2-playground/LED_Blink/design_1_wrapper/psu_cortexa53_0/standalone_psu_cortexa53_0/bsp/system.mss|system_1||
/home/call_me_utka/Documents/Projects/aes-ultra96-v2-playground/LED_Blink/design_1_wrapper/zynqmp_fsbl/zynqmp_fsbl_bsp/system.mss|system||
/home/call_me_utka/Documents/Projects/aes-ultra96-v2-playground/LED_Blink/design_1_wrapper/zynqmp_pmufw/zynqmp_pmufw_bsp/system.mss|system_0||

TRACE::2025-07-24.17:30:08::SCWMssOS::Sw design exists and opened at  /home/call_me_utka/Documents/Projects/aes-ultra96-v2-playground/LED_Blink/design_1_wrapper/zynqmp_fsbl/zynqmp_fsbl_bsp/system.mss
TRACE::2025-07-24.17:30:08::SCWPlatform::Trying to open the hw design at /home/call_me_utka/Documents/Projects/aes-ultra96-v2-playground/LED_Blink/design_1_wrapper/hw/design_1_wrapper.xsa
TRACE::2025-07-24.17:30:08::SCWPlatform::DSA given /home/call_me_utka/Documents/Projects/aes-ultra96-v2-playground/LED_Blink/design_1_wrapper/hw/design_1_wrapper.xsa
TRACE::2025-07-24.17:30:08::SCWPlatform::DSA absoulate path /home/call_me_utka/Documents/Projects/aes-ultra96-v2-playground/LED_Blink/design_1_wrapper/hw/design_1_wrapper.xsa
TRACE::2025-07-24.17:30:08::SCWPlatform::DSA directory /home/call_me_utka/Documents/Projects/aes-ultra96-v2-playground/LED_Blink/design_1_wrapper/hw
TRACE::2025-07-24.17:30:08::SCWPlatform:: Platform Path /home/call_me_utka/Documents/Projects/aes-ultra96-v2-playground/LED_Blink/design_1_wrapper/hw/design_1_wrapper.xsa
TRACE::2025-07-24.17:30:08::SCWPlatform:: Unique name xilinx:ultra96v2::0.0
TRACE::2025-07-24.17:30:08::SCWPlatform::Trying to set the existing hwdb with name design_1_wrapper_3
TRACE::2025-07-24.17:30:08::SCWPlatform::Opened existing hwdb design_1_wrapper_3
TRACE::2025-07-24.17:30:08::SCWPlatform::Found the Hw Db part of the input DSA
TRACE::2025-07-24.17:30:08::SCWMssOS::Checking the sw design at  /home/call_me_utka/Documents/Projects/aes-ultra96-v2-playground/LED_Blink/design_1_wrapper/zynqmp_fsbl/zynqmp_fsbl_bsp/system.mss
TRACE::2025-07-24.17:30:08::SCWMssOS::DEBUG:  swdes dump  /home/call_me_utka/Documents/Projects/aes-ultra96-v2-playground/LED_Blink/design_1_wrapper/psu_cortexa53_0/standalone_psu_cortexa53_0/bsp/system.mss|system_1||
/home/call_me_utka/Documents/Projects/aes-ultra96-v2-playground/LED_Blink/design_1_wrapper/zynqmp_fsbl/zynqmp_fsbl_bsp/system.mss|system||
/home/call_me_utka/Documents/Projects/aes-ultra96-v2-playground/LED_Blink/design_1_wrapper/zynqmp_pmufw/zynqmp_pmufw_bsp/system.mss|system_0||

TRACE::2025-07-24.17:30:08::SCWMssOS::Sw design exists and opened at  /home/call_me_utka/Documents/Projects/aes-ultra96-v2-playground/LED_Blink/design_1_wrapper/zynqmp_fsbl/zynqmp_fsbl_bsp/system.mss
TRACE::2025-07-24.17:30:08::SCWPlatform::Trying to open the hw design at /home/call_me_utka/Documents/Projects/aes-ultra96-v2-playground/LED_Blink/design_1_wrapper/hw/design_1_wrapper.xsa
TRACE::2025-07-24.17:30:08::SCWPlatform::DSA given /home/call_me_utka/Documents/Projects/aes-ultra96-v2-playground/LED_Blink/design_1_wrapper/hw/design_1_wrapper.xsa
TRACE::2025-07-24.17:30:08::SCWPlatform::DSA absoulate path /home/call_me_utka/Documents/Projects/aes-ultra96-v2-playground/LED_Blink/design_1_wrapper/hw/design_1_wrapper.xsa
TRACE::2025-07-24.17:30:08::SCWPlatform::DSA directory /home/call_me_utka/Documents/Projects/aes-ultra96-v2-playground/LED_Blink/design_1_wrapper/hw
TRACE::2025-07-24.17:30:08::SCWPlatform:: Platform Path /home/call_me_utka/Documents/Projects/aes-ultra96-v2-playground/LED_Blink/design_1_wrapper/hw/design_1_wrapper.xsa
TRACE::2025-07-24.17:30:08::SCWPlatform:: Unique name xilinx:ultra96v2::0.0
TRACE::2025-07-24.17:30:08::SCWPlatform::Trying to set the existing hwdb with name design_1_wrapper_3
TRACE::2025-07-24.17:30:08::SCWPlatform::Opened existing hwdb design_1_wrapper_3
TRACE::2025-07-24.17:30:08::SCWPlatform::Found the Hw Db part of the input DSA
TRACE::2025-07-24.17:30:08::SCWMssOS::Checking the sw design at  /home/call_me_utka/Documents/Projects/aes-ultra96-v2-playground/LED_Blink/design_1_wrapper/zynqmp_pmufw/zynqmp_pmufw_bsp/system.mss
TRACE::2025-07-24.17:30:08::SCWMssOS::DEBUG:  swdes dump  /home/call_me_utka/Documents/Projects/aes-ultra96-v2-playground/LED_Blink/design_1_wrapper/psu_cortexa53_0/standalone_psu_cortexa53_0/bsp/system.mss|system_1||
/home/call_me_utka/Documents/Projects/aes-ultra96-v2-playground/LED_Blink/design_1_wrapper/zynqmp_fsbl/zynqmp_fsbl_bsp/system.mss|system||
/home/call_me_utka/Documents/Projects/aes-ultra96-v2-playground/LED_Blink/design_1_wrapper/zynqmp_pmufw/zynqmp_pmufw_bsp/system.mss|system_0||

TRACE::2025-07-24.17:30:08::SCWMssOS::Sw design exists and opened at  /home/call_me_utka/Documents/Projects/aes-ultra96-v2-playground/LED_Blink/design_1_wrapper/zynqmp_pmufw/zynqmp_pmufw_bsp/system.mss
TRACE::2025-07-24.17:30:08::SCWPlatform::Trying to open the hw design at /home/call_me_utka/Documents/Projects/aes-ultra96-v2-playground/LED_Blink/design_1_wrapper/hw/design_1_wrapper.xsa
TRACE::2025-07-24.17:30:08::SCWPlatform::DSA given /home/call_me_utka/Documents/Projects/aes-ultra96-v2-playground/LED_Blink/design_1_wrapper/hw/design_1_wrapper.xsa
TRACE::2025-07-24.17:30:08::SCWPlatform::DSA absoulate path /home/call_me_utka/Documents/Projects/aes-ultra96-v2-playground/LED_Blink/design_1_wrapper/hw/design_1_wrapper.xsa
TRACE::2025-07-24.17:30:08::SCWPlatform::DSA directory /home/call_me_utka/Documents/Projects/aes-ultra96-v2-playground/LED_Blink/design_1_wrapper/hw
TRACE::2025-07-24.17:30:08::SCWPlatform:: Platform Path /home/call_me_utka/Documents/Projects/aes-ultra96-v2-playground/LED_Blink/design_1_wrapper/hw/design_1_wrapper.xsa
TRACE::2025-07-24.17:30:08::SCWPlatform:: Unique name xilinx:ultra96v2::0.0
TRACE::2025-07-24.17:30:08::SCWPlatform::Trying to set the existing hwdb with name design_1_wrapper_3
TRACE::2025-07-24.17:30:08::SCWPlatform::Opened existing hwdb design_1_wrapper_3
TRACE::2025-07-24.17:30:08::SCWPlatform::Found the Hw Db part of the input DSA
TRACE::2025-07-24.17:30:08::SCWMssOS::Checking the sw design at  /home/call_me_utka/Documents/Projects/aes-ultra96-v2-playground/LED_Blink/design_1_wrapper/zynqmp_pmufw/zynqmp_pmufw_bsp/system.mss
TRACE::2025-07-24.17:30:08::SCWMssOS::DEBUG:  swdes dump  /home/call_me_utka/Documents/Projects/aes-ultra96-v2-playground/LED_Blink/design_1_wrapper/psu_cortexa53_0/standalone_psu_cortexa53_0/bsp/system.mss|system_1||
/home/call_me_utka/Documents/Projects/aes-ultra96-v2-playground/LED_Blink/design_1_wrapper/zynqmp_fsbl/zynqmp_fsbl_bsp/system.mss|system||
/home/call_me_utka/Documents/Projects/aes-ultra96-v2-playground/LED_Blink/design_1_wrapper/zynqmp_pmufw/zynqmp_pmufw_bsp/system.mss|system_0||

TRACE::2025-07-24.17:30:08::SCWMssOS::Sw design exists and opened at  /home/call_me_utka/Documents/Projects/aes-ultra96-v2-playground/LED_Blink/design_1_wrapper/zynqmp_pmufw/zynqmp_pmufw_bsp/system.mss
TRACE::2025-07-24.17:30:08::SCWPlatform::Trying to open the hw design at /home/call_me_utka/Documents/Projects/aes-ultra96-v2-playground/LED_Blink/design_1_wrapper/hw/design_1_wrapper.xsa
TRACE::2025-07-24.17:30:08::SCWPlatform::DSA given /home/call_me_utka/Documents/Projects/aes-ultra96-v2-playground/LED_Blink/design_1_wrapper/hw/design_1_wrapper.xsa
TRACE::2025-07-24.17:30:08::SCWPlatform::DSA absoulate path /home/call_me_utka/Documents/Projects/aes-ultra96-v2-playground/LED_Blink/design_1_wrapper/hw/design_1_wrapper.xsa
TRACE::2025-07-24.17:30:08::SCWPlatform::DSA directory /home/call_me_utka/Documents/Projects/aes-ultra96-v2-playground/LED_Blink/design_1_wrapper/hw
TRACE::2025-07-24.17:30:08::SCWPlatform:: Platform Path /home/call_me_utka/Documents/Projects/aes-ultra96-v2-playground/LED_Blink/design_1_wrapper/hw/design_1_wrapper.xsa
TRACE::2025-07-24.17:30:08::SCWPlatform:: Unique name xilinx:ultra96v2::0.0
TRACE::2025-07-24.17:30:08::SCWPlatform::Trying to set the existing hwdb with name design_1_wrapper_3
TRACE::2025-07-24.17:30:08::SCWPlatform::Opened existing hwdb design_1_wrapper_3
TRACE::2025-07-24.17:30:08::SCWPlatform::Found the Hw Db part of the input DSA
TRACE::2025-07-24.17:30:08::SCWMssOS::Checking the sw design at  /home/call_me_utka/Documents/Projects/aes-ultra96-v2-playground/LED_Blink/design_1_wrapper/zynqmp_pmufw/zynqmp_pmufw_bsp/system.mss
TRACE::2025-07-24.17:30:08::SCWMssOS::DEBUG:  swdes dump  /home/call_me_utka/Documents/Projects/aes-ultra96-v2-playground/LED_Blink/design_1_wrapper/psu_cortexa53_0/standalone_psu_cortexa53_0/bsp/system.mss|system_1||
/home/call_me_utka/Documents/Projects/aes-ultra96-v2-playground/LED_Blink/design_1_wrapper/zynqmp_fsbl/zynqmp_fsbl_bsp/system.mss|system||
/home/call_me_utka/Documents/Projects/aes-ultra96-v2-playground/LED_Blink/design_1_wrapper/zynqmp_pmufw/zynqmp_pmufw_bsp/system.mss|system_0||

TRACE::2025-07-24.17:30:08::SCWMssOS::Sw design exists and opened at  /home/call_me_utka/Documents/Projects/aes-ultra96-v2-playground/LED_Blink/design_1_wrapper/zynqmp_pmufw/zynqmp_pmufw_bsp/system.mss
TRACE::2025-07-24.17:30:08::SCWPlatform::Trying to open the hw design at /home/call_me_utka/Documents/Projects/aes-ultra96-v2-playground/LED_Blink/design_1_wrapper/hw/design_1_wrapper.xsa
TRACE::2025-07-24.17:30:08::SCWPlatform::DSA given /home/call_me_utka/Documents/Projects/aes-ultra96-v2-playground/LED_Blink/design_1_wrapper/hw/design_1_wrapper.xsa
TRACE::2025-07-24.17:30:08::SCWPlatform::DSA absoulate path /home/call_me_utka/Documents/Projects/aes-ultra96-v2-playground/LED_Blink/design_1_wrapper/hw/design_1_wrapper.xsa
TRACE::2025-07-24.17:30:08::SCWPlatform::DSA directory /home/call_me_utka/Documents/Projects/aes-ultra96-v2-playground/LED_Blink/design_1_wrapper/hw
TRACE::2025-07-24.17:30:08::SCWPlatform:: Platform Path /home/call_me_utka/Documents/Projects/aes-ultra96-v2-playground/LED_Blink/design_1_wrapper/hw/design_1_wrapper.xsa
TRACE::2025-07-24.17:30:08::SCWPlatform:: Unique name xilinx:ultra96v2::0.0
TRACE::2025-07-24.17:30:08::SCWPlatform::Trying to set the existing hwdb with name design_1_wrapper_3
TRACE::2025-07-24.17:30:08::SCWPlatform::Opened existing hwdb design_1_wrapper_3
TRACE::2025-07-24.17:30:08::SCWPlatform::Found the Hw Db part of the input DSA
TRACE::2025-07-24.17:30:08::SCWMssOS::Checking the sw design at  /home/call_me_utka/Documents/Projects/aes-ultra96-v2-playground/LED_Blink/design_1_wrapper/psu_cortexa53_0/standalone_psu_cortexa53_0/bsp/system.mss
TRACE::2025-07-24.17:30:08::SCWMssOS::DEBUG:  swdes dump  /home/call_me_utka/Documents/Projects/aes-ultra96-v2-playground/LED_Blink/design_1_wrapper/psu_cortexa53_0/standalone_psu_cortexa53_0/bsp/system.mss|system_1||
/home/call_me_utka/Documents/Projects/aes-ultra96-v2-playground/LED_Blink/design_1_wrapper/zynqmp_fsbl/zynqmp_fsbl_bsp/system.mss|system||
/home/call_me_utka/Documents/Projects/aes-ultra96-v2-playground/LED_Blink/design_1_wrapper/zynqmp_pmufw/zynqmp_pmufw_bsp/system.mss|system_0||

TRACE::2025-07-24.17:30:08::SCWMssOS::Sw design exists and opened at  /home/call_me_utka/Documents/Projects/aes-ultra96-v2-playground/LED_Blink/design_1_wrapper/psu_cortexa53_0/standalone_psu_cortexa53_0/bsp/system.mss
TRACE::2025-07-24.17:30:08::SCWPlatform::Trying to open the hw design at /home/call_me_utka/Documents/Projects/aes-ultra96-v2-playground/LED_Blink/design_1_wrapper/hw/design_1_wrapper.xsa
TRACE::2025-07-24.17:30:08::SCWPlatform::DSA given /home/call_me_utka/Documents/Projects/aes-ultra96-v2-playground/LED_Blink/design_1_wrapper/hw/design_1_wrapper.xsa
TRACE::2025-07-24.17:30:08::SCWPlatform::DSA absoulate path /home/call_me_utka/Documents/Projects/aes-ultra96-v2-playground/LED_Blink/design_1_wrapper/hw/design_1_wrapper.xsa
TRACE::2025-07-24.17:30:08::SCWPlatform::DSA directory /home/call_me_utka/Documents/Projects/aes-ultra96-v2-playground/LED_Blink/design_1_wrapper/hw
TRACE::2025-07-24.17:30:08::SCWPlatform:: Platform Path /home/call_me_utka/Documents/Projects/aes-ultra96-v2-playground/LED_Blink/design_1_wrapper/hw/design_1_wrapper.xsa
TRACE::2025-07-24.17:30:08::SCWPlatform:: Unique name xilinx:ultra96v2::0.0
TRACE::2025-07-24.17:30:08::SCWPlatform::Trying to set the existing hwdb with name design_1_wrapper_3
TRACE::2025-07-24.17:30:08::SCWPlatform::Opened existing hwdb design_1_wrapper_3
TRACE::2025-07-24.17:30:08::SCWPlatform::Found the Hw Db part of the input DSA
TRACE::2025-07-24.17:30:08::SCWMssOS::Checking the sw design at  /home/call_me_utka/Documents/Projects/aes-ultra96-v2-playground/LED_Blink/design_1_wrapper/psu_cortexa53_0/standalone_psu_cortexa53_0/bsp/system.mss
TRACE::2025-07-24.17:30:08::SCWMssOS::DEBUG:  swdes dump  /home/call_me_utka/Documents/Projects/aes-ultra96-v2-playground/LED_Blink/design_1_wrapper/psu_cortexa53_0/standalone_psu_cortexa53_0/bsp/system.mss|system_1||
/home/call_me_utka/Documents/Projects/aes-ultra96-v2-playground/LED_Blink/design_1_wrapper/zynqmp_fsbl/zynqmp_fsbl_bsp/system.mss|system||
/home/call_me_utka/Documents/Projects/aes-ultra96-v2-playground/LED_Blink/design_1_wrapper/zynqmp_pmufw/zynqmp_pmufw_bsp/system.mss|system_0||

TRACE::2025-07-24.17:30:08::SCWMssOS::Sw design exists and opened at  /home/call_me_utka/Documents/Projects/aes-ultra96-v2-playground/LED_Blink/design_1_wrapper/psu_cortexa53_0/standalone_psu_cortexa53_0/bsp/system.mss
TRACE::2025-07-24.17:30:08::SCWPlatform::Trying to open the hw design at /home/call_me_utka/Documents/Projects/aes-ultra96-v2-playground/LED_Blink/design_1_wrapper/hw/design_1_wrapper.xsa
TRACE::2025-07-24.17:30:08::SCWPlatform::DSA given /home/call_me_utka/Documents/Projects/aes-ultra96-v2-playground/LED_Blink/design_1_wrapper/hw/design_1_wrapper.xsa
TRACE::2025-07-24.17:30:08::SCWPlatform::DSA absoulate path /home/call_me_utka/Documents/Projects/aes-ultra96-v2-playground/LED_Blink/design_1_wrapper/hw/design_1_wrapper.xsa
TRACE::2025-07-24.17:30:08::SCWPlatform::DSA directory /home/call_me_utka/Documents/Projects/aes-ultra96-v2-playground/LED_Blink/design_1_wrapper/hw
TRACE::2025-07-24.17:30:08::SCWPlatform:: Platform Path /home/call_me_utka/Documents/Projects/aes-ultra96-v2-playground/LED_Blink/design_1_wrapper/hw/design_1_wrapper.xsa
TRACE::2025-07-24.17:30:08::SCWPlatform:: Unique name xilinx:ultra96v2::0.0
TRACE::2025-07-24.17:30:08::SCWPlatform::Trying to set the existing hwdb with name design_1_wrapper_3
TRACE::2025-07-24.17:30:08::SCWPlatform::Opened existing hwdb design_1_wrapper_3
TRACE::2025-07-24.17:30:08::SCWPlatform::Found the Hw Db part of the input DSA
TRACE::2025-07-24.17:30:08::SCWMssOS::Checking the sw design at  /home/call_me_utka/Documents/Projects/aes-ultra96-v2-playground/LED_Blink/design_1_wrapper/psu_cortexa53_0/standalone_psu_cortexa53_0/bsp/system.mss
TRACE::2025-07-24.17:30:08::SCWMssOS::DEBUG:  swdes dump  /home/call_me_utka/Documents/Projects/aes-ultra96-v2-playground/LED_Blink/design_1_wrapper/psu_cortexa53_0/standalone_psu_cortexa53_0/bsp/system.mss|system_1||
/home/call_me_utka/Documents/Projects/aes-ultra96-v2-playground/LED_Blink/design_1_wrapper/zynqmp_fsbl/zynqmp_fsbl_bsp/system.mss|system||
/home/call_me_utka/Documents/Projects/aes-ultra96-v2-playground/LED_Blink/design_1_wrapper/zynqmp_pmufw/zynqmp_pmufw_bsp/system.mss|system_0||

TRACE::2025-07-24.17:30:08::SCWMssOS::Sw design exists and opened at  /home/call_me_utka/Documents/Projects/aes-ultra96-v2-playground/LED_Blink/design_1_wrapper/psu_cortexa53_0/standalone_psu_cortexa53_0/bsp/system.mss
TRACE::2025-07-24.17:30:08::SCWWriter::formatted JSON is {
	"platformName":	"design_1_wrapper",
	"sprVersion":	"2.0",
	"mode":	"gui",
	"dsaType":	"Fixed",
	"platformDesc":	"design_1_wrapper",
	"platHandOff":	"/home/call_me_utka/Documents/Projects/aes-ultra96-v2-playground/Custom_IP/design_1_wrapper.xsa",
	"platIntHandOff":	"<platformDir>/hw/design_1_wrapper.xsa",
	"deviceType":	"zynqMP",
	"platIsPrebuiltAutogen":	"false",
	"platIsNoBootBsp":	"false",
	"platFsblTarget":	"psu_cortexa53_0",
	"hasFsblMakeHasChanges":	"false",
	"hasPmufwMakeHasChanges":	"false",
	"fsblExtraCompilerFlags":	"-MMD -MP      -Wall -fmessage-length=0 -DARMA53_64 -Os -flto -ffat-lto-objects  ",
	"pmufwExtraCompilerFlags":	"-MMD -MP      -mlittle-endian -mxl-barrel-shift -mxl-pattern-compare -mcpu=v9.2 -mxl-soft-mul -Os -flto -ffat-lto-objects  ",
	"platPreBuiltFlag":	false,
	"platformSamplesDir":	"",
	"platActiveSys":	"design_1_wrapper",
	"systems":	[{
			"systemName":	"design_1_wrapper",
			"systemDesc":	"design_1_wrapper",
			"sysIsBootAutoGen":	"true",
			"systemDispName":	"design_1_wrapper",
			"sysActiveDom":	"standalone_psu_cortexa53_0",
			"sysDefaultDom":	"standalone_psu_cortexa53_0",
			"domains":	[{
					"domainName":	"zynqmp_fsbl",
					"domainDispName":	"zynqmp_fsbl",
					"domainDesc":	"FSBL Application BSP - Auto Generated.",
					"processors":	"psu_cortexa53_0",
					"os":	"standalone",
					"sdxOs":	"standalone",
					"debugEnable":	"",
					"domRuntimes":	["cpp"],
					"swRepo":	"",
					"mssOsVer":	"7.7",
					"mssFile":	"",
					"md5Digest":	"aa376723b3fc27c4732a5c93a0b64950",
					"compatibleApp":	"zynqmp_fsbl",
					"domType":	"bootDomain",
					"arch":	"64-bit",
					"appSettings":	{
						"appCompilerFlags":	"",
						"appLinkerFlags":	""
					},
					"addedLibs":	["xilffs:4.7", "xilsecure:4.7", "xilpm:4.0"],
					"libOptions":	{
						"standalone":	{
							"zynqmp_fsbl_bsp":	"true",
							"libOptionNames":	["zynqmp_fsbl_bsp"]
						},
						"xilffs":	{
							"read_only":	"true",
							"use_mkfs":	"false",
							"libOptionNames":	["read_only", "use_mkfs"]
						},
						"xilsecure":	{
							"tpm_support":	"true",
							"libOptionNames":	["tpm_support"]
						},
						"libsContainingOptions":	["standalone", "xilffs", "xilsecure"]
					},
					"prebuiltLibs":	{
						"prebuiltIncPath":	[],
						"prebuiltLibPath":	[]
					},
					"isolation":	{
					}
				}, {
					"domainName":	"zynqmp_pmufw",
					"domainDispName":	"zynqmp_pmufw",
					"domainDesc":	"PMUFW Application BSP - Auto Generated.",
					"processors":	"psu_pmu_0",
					"os":	"standalone",
					"sdxOs":	"standalone",
					"debugEnable":	"",
					"domRuntimes":	["cpp"],
					"swRepo":	"",
					"mssOsVer":	"7.7",
					"mssFile":	"",
					"md5Digest":	"74f37d2df90ed5543bc2becd26dc4eb2",
					"compatibleApp":	"zynqmp_pmufw",
					"domType":	"bootDomain",
					"arch":	"32-bit",
					"appSettings":	{
						"appCompilerFlags":	"",
						"appLinkerFlags":	""
					},
					"addedLibs":	["xilfpga:6.2", "xilsecure:4.7", "xilskey:7.3"],
					"libOptions":	{
						"psu_pmu_0":	{
							"extra_compiler_flags":	"-g -ffunction-sections -fdata-sections -Wall -Wextra -fno-tree-loop-distribute-patterns  -Os -flto -ffat-lto-objects",
							"libOptionNames":	["extra_compiler_flags"]
						},
						"libsContainingOptions":	["psu_pmu_0"]
					},
					"prebuiltLibs":	{
						"prebuiltIncPath":	[],
						"prebuiltLibPath":	[]
					},
					"isolation":	{
					}
				}, {
					"domainName":	"standalone_psu_cortexa53_0",
					"domainDispName":	"standalone_psu_cortexa53_0",
					"domainDesc":	"standalone_psu_cortexa53_0",
					"processors":	"psu_cortexa53_0",
					"os":	"standalone",
					"sdxOs":	"standalone",
					"qemuArgs":	"<platformDir>/resources/design_1_wrapper/standalone_psu_cortexa53_0/qemu_args.txt",
					"qemuData":	"<platformDir>/resources/design_1_wrapper/standalone_psu_cortexa53_0/qemu",
					"pmuQemuArgs":	"<platformDir>/resources/design_1_wrapper/standalone_psu_cortexa53_0/pmu_args.txt",
					"debugEnable":	"False",
					"domRuntimes":	["cpp"],
					"swRepo":	"",
					"mssOsVer":	"7.7",
					"mssFile":	"",
					"md5Digest":	"8b736d9b4ee00eff11c2536082f6b570",
					"compatibleApp":	"hello_world",
					"domType":	"mssDomain",
					"arch":	"64-bit",
					"appSettings":	{
						"appCompilerFlags":	"",
						"appLinkerFlags":	""
					},
					"addedLibs":	[],
					"libOptions":	{
						"libsContainingOptions":	[]
					},
					"prebuiltLibs":	{
						"prebuiltIncPath":	[],
						"prebuiltLibPath":	[]
					},
					"isolation":	{
					}
				}]
		}]
}
KEYINFO::2025-07-24.17:30:08::SCWPlatform::updated the xpfm file.
TRACE::2025-07-24.17:30:16::SCWPlatform::Clearing the existing platform
TRACE::2025-07-24.17:30:16::SCWSystem::Clearing the existing sysconfig
TRACE::2025-07-24.17:30:16::SCWBDomain::clearing the fsbl build
TRACE::2025-07-24.17:30:16::SCWMssOS::Removing the swdes entry for  /home/call_me_utka/Documents/Projects/aes-ultra96-v2-playground/LED_Blink/design_1_wrapper/zynqmp_fsbl/zynqmp_fsbl_bsp/system.mss
TRACE::2025-07-24.17:30:16::SCWBDomain::clearing the pmufw build
TRACE::2025-07-24.17:30:16::SCWMssOS::Removing the swdes entry for  /home/call_me_utka/Documents/Projects/aes-ultra96-v2-playground/LED_Blink/design_1_wrapper/zynqmp_pmufw/zynqmp_pmufw_bsp/system.mss
TRACE::2025-07-24.17:30:16::SCWMssOS::Removing the swdes entry for  /home/call_me_utka/Documents/Projects/aes-ultra96-v2-playground/LED_Blink/design_1_wrapper/psu_cortexa53_0/standalone_psu_cortexa53_0/bsp/system.mss
TRACE::2025-07-24.17:30:16::SCWSystem::Clearing the domains completed.
TRACE::2025-07-24.17:30:16::SCWPlatform::Clearing the opened hw db.
TRACE::2025-07-24.17:30:16::SCWPlatform::DSA given /home/call_me_utka/Documents/Projects/aes-ultra96-v2-playground/LED_Blink/design_1_wrapper/hw/design_1_wrapper.xsa
TRACE::2025-07-24.17:30:16::SCWPlatform::DSA absoulate path /home/call_me_utka/Documents/Projects/aes-ultra96-v2-playground/LED_Blink/design_1_wrapper/hw/design_1_wrapper.xsa
TRACE::2025-07-24.17:30:16::SCWPlatform:: Platform location is /home/call_me_utka/Documents/Projects/aes-ultra96-v2-playground/LED_Blink/design_1_wrapper/hw
TRACE::2025-07-24.17:30:16::SCWPlatform:: Platform Path /home/call_me_utka/Documents/Projects/aes-ultra96-v2-playground/LED_Blink/design_1_wrapper/hw/design_1_wrapper.xsa
TRACE::2025-07-24.17:30:16::SCWPlatform:: Unique name xilinx:ultra96v2::0.0
TRACE::2025-07-24.17:30:16::SCWPlatform::Removing the HwDB with name /home/call_me_utka/Documents/Projects/aes-ultra96-v2-playground/LED_Blink/design_1_wrapper/hw/design_1_wrapper.xsa
TRACE::2025-07-24.17:30:16::SCWPlatform::Trying to open the hw design at /home/call_me_utka/Documents/Projects/aes-ultra96-v2-playground/LED_Blink/design_1_wrapper/hw/design_1_wrapper.xsa
TRACE::2025-07-24.17:30:16::SCWPlatform::DSA given /home/call_me_utka/Documents/Projects/aes-ultra96-v2-playground/LED_Blink/design_1_wrapper/hw/design_1_wrapper.xsa
TRACE::2025-07-24.17:30:16::SCWPlatform::DSA absoulate path /home/call_me_utka/Documents/Projects/aes-ultra96-v2-playground/LED_Blink/design_1_wrapper/hw/design_1_wrapper.xsa
TRACE::2025-07-24.17:30:16::SCWPlatform::DSA directory /home/call_me_utka/Documents/Projects/aes-ultra96-v2-playground/LED_Blink/design_1_wrapper/hw
TRACE::2025-07-24.17:30:16::SCWPlatform:: Platform Path /home/call_me_utka/Documents/Projects/aes-ultra96-v2-playground/LED_Blink/design_1_wrapper/hw/design_1_wrapper.xsa
TRACE::2025-07-24.17:30:16::SCWPlatform:: Unique name xilinx:ultra96v2::0.0
TRACE::2025-07-24.17:30:16::SCWPlatform::Do not have an existing db opened. 
TRACE::2025-07-24.17:30:20::SCWPlatform::Opened new HwDB with name design_1_wrapper_5
TRACE::2025-07-24.17:30:20::SCWReader::Active system found as  design_1_wrapper
TRACE::2025-07-24.17:30:20::SCWReader::Handling sysconfig design_1_wrapper
TRACE::2025-07-24.17:30:20::SCWDomain::checking for install qemu data   : 
TRACE::2025-07-24.17:30:20::SCWDomain:: Using the QEMU Data from install at  : /tools/Xilinx/Vitis/2022.1/data/emulation/platforms/zynqmp/sw/a53_standalone/qemu/
TRACE::2025-07-24.17:30:20::SCWDomain:: Using the QEMU args  from install at  : /tools/Xilinx/Vitis/2022.1/data/emulation/platforms/zynqmp/sw/a53_standalone/qemu/qemu_args.txt
TRACE::2025-07-24.17:30:20::SCWDomain:: Using the PMUQEMU args from install at  : /tools/Xilinx/Vitis/2022.1/data/emulation/platforms/zynqmp/sw/a53_standalone/qemu/pmu_args.txt
TRACE::2025-07-24.17:30:20::SCWPlatform::Trying to open the hw design at /home/call_me_utka/Documents/Projects/aes-ultra96-v2-playground/LED_Blink/design_1_wrapper/hw/design_1_wrapper.xsa
TRACE::2025-07-24.17:30:20::SCWPlatform::DSA given /home/call_me_utka/Documents/Projects/aes-ultra96-v2-playground/LED_Blink/design_1_wrapper/hw/design_1_wrapper.xsa
TRACE::2025-07-24.17:30:20::SCWPlatform::DSA absoulate path /home/call_me_utka/Documents/Projects/aes-ultra96-v2-playground/LED_Blink/design_1_wrapper/hw/design_1_wrapper.xsa
TRACE::2025-07-24.17:30:20::SCWPlatform::DSA directory /home/call_me_utka/Documents/Projects/aes-ultra96-v2-playground/LED_Blink/design_1_wrapper/hw
TRACE::2025-07-24.17:30:20::SCWPlatform:: Platform Path /home/call_me_utka/Documents/Projects/aes-ultra96-v2-playground/LED_Blink/design_1_wrapper/hw/design_1_wrapper.xsa
TRACE::2025-07-24.17:30:20::SCWPlatform:: Unique name xilinx:ultra96v2::0.0
TRACE::2025-07-24.17:30:20::SCWPlatform::Trying to set the existing hwdb with name design_1_wrapper_5
TRACE::2025-07-24.17:30:20::SCWPlatform::Opened existing hwdb design_1_wrapper_5
TRACE::2025-07-24.17:30:20::SCWPlatform::Found the Hw Db part of the input DSA
TRACE::2025-07-24.17:30:20::SCWPlatform::Trying to open the hw design at /home/call_me_utka/Documents/Projects/aes-ultra96-v2-playground/LED_Blink/design_1_wrapper/hw/design_1_wrapper.xsa
TRACE::2025-07-24.17:30:20::SCWPlatform::DSA given /home/call_me_utka/Documents/Projects/aes-ultra96-v2-playground/LED_Blink/design_1_wrapper/hw/design_1_wrapper.xsa
TRACE::2025-07-24.17:30:20::SCWPlatform::DSA absoulate path /home/call_me_utka/Documents/Projects/aes-ultra96-v2-playground/LED_Blink/design_1_wrapper/hw/design_1_wrapper.xsa
TRACE::2025-07-24.17:30:20::SCWPlatform::DSA directory /home/call_me_utka/Documents/Projects/aes-ultra96-v2-playground/LED_Blink/design_1_wrapper/hw
TRACE::2025-07-24.17:30:20::SCWPlatform:: Platform Path /home/call_me_utka/Documents/Projects/aes-ultra96-v2-playground/LED_Blink/design_1_wrapper/hw/design_1_wrapper.xsa
TRACE::2025-07-24.17:30:20::SCWPlatform:: Unique name xilinx:ultra96v2::0.0
TRACE::2025-07-24.17:30:20::SCWPlatform::Trying to set the existing hwdb with name design_1_wrapper_5
TRACE::2025-07-24.17:30:20::SCWPlatform::Opened existing hwdb design_1_wrapper_5
TRACE::2025-07-24.17:30:20::SCWPlatform::Found the Hw Db part of the input DSA
TRACE::2025-07-24.17:30:20::SCWPlatform::Trying to open the hw design at /home/call_me_utka/Documents/Projects/aes-ultra96-v2-playground/LED_Blink/design_1_wrapper/hw/design_1_wrapper.xsa
TRACE::2025-07-24.17:30:20::SCWPlatform::DSA given /home/call_me_utka/Documents/Projects/aes-ultra96-v2-playground/LED_Blink/design_1_wrapper/hw/design_1_wrapper.xsa
TRACE::2025-07-24.17:30:20::SCWPlatform::DSA absoulate path /home/call_me_utka/Documents/Projects/aes-ultra96-v2-playground/LED_Blink/design_1_wrapper/hw/design_1_wrapper.xsa
TRACE::2025-07-24.17:30:20::SCWPlatform::DSA directory /home/call_me_utka/Documents/Projects/aes-ultra96-v2-playground/LED_Blink/design_1_wrapper/hw
TRACE::2025-07-24.17:30:20::SCWPlatform:: Platform Path /home/call_me_utka/Documents/Projects/aes-ultra96-v2-playground/LED_Blink/design_1_wrapper/hw/design_1_wrapper.xsa
TRACE::2025-07-24.17:30:20::SCWPlatform:: Unique name xilinx:ultra96v2::0.0
TRACE::2025-07-24.17:30:20::SCWPlatform::Trying to set the existing hwdb with name design_1_wrapper_5
TRACE::2025-07-24.17:30:20::SCWPlatform::Opened existing hwdb design_1_wrapper_5
TRACE::2025-07-24.17:30:20::SCWPlatform::Found the Hw Db part of the input DSA
TRACE::2025-07-24.17:30:20::SCWReader::Boot application domain added for zynqmp_fsbl
TRACE::2025-07-24.17:30:20::SCWPlatform::Trying to open the hw design at /home/call_me_utka/Documents/Projects/aes-ultra96-v2-playground/LED_Blink/design_1_wrapper/hw/design_1_wrapper.xsa
TRACE::2025-07-24.17:30:20::SCWPlatform::DSA given /home/call_me_utka/Documents/Projects/aes-ultra96-v2-playground/LED_Blink/design_1_wrapper/hw/design_1_wrapper.xsa
TRACE::2025-07-24.17:30:20::SCWPlatform::DSA absoulate path /home/call_me_utka/Documents/Projects/aes-ultra96-v2-playground/LED_Blink/design_1_wrapper/hw/design_1_wrapper.xsa
TRACE::2025-07-24.17:30:20::SCWPlatform::DSA directory /home/call_me_utka/Documents/Projects/aes-ultra96-v2-playground/LED_Blink/design_1_wrapper/hw
TRACE::2025-07-24.17:30:20::SCWPlatform:: Platform Path /home/call_me_utka/Documents/Projects/aes-ultra96-v2-playground/LED_Blink/design_1_wrapper/hw/design_1_wrapper.xsa
TRACE::2025-07-24.17:30:20::SCWPlatform:: Unique name xilinx:ultra96v2::0.0
TRACE::2025-07-24.17:30:20::SCWPlatform::Trying to set the existing hwdb with name design_1_wrapper_5
TRACE::2025-07-24.17:30:20::SCWPlatform::Opened existing hwdb design_1_wrapper_5
TRACE::2025-07-24.17:30:20::SCWPlatform::Found the Hw Db part of the input DSA
TRACE::2025-07-24.17:30:20::SCWMssOS::Checking the sw design at  /home/call_me_utka/Documents/Projects/aes-ultra96-v2-playground/LED_Blink/design_1_wrapper/zynqmp_fsbl/zynqmp_fsbl_bsp/system.mss
TRACE::2025-07-24.17:30:20::SCWMssOS::DEBUG:  swdes dump  
TRACE::2025-07-24.17:30:20::SCWMssOS::No sw design opened at  /home/call_me_utka/Documents/Projects/aes-ultra96-v2-playground/LED_Blink/design_1_wrapper/zynqmp_fsbl/zynqmp_fsbl_bsp/system.mss
TRACE::2025-07-24.17:30:20::SCWMssOS::mss exists loading the mss file  /home/call_me_utka/Documents/Projects/aes-ultra96-v2-playground/LED_Blink/design_1_wrapper/zynqmp_fsbl/zynqmp_fsbl_bsp/system.mss
TRACE::2025-07-24.17:30:20::SCWMssOS::Opened the sw design from mss  /home/call_me_utka/Documents/Projects/aes-ultra96-v2-playground/LED_Blink/design_1_wrapper/zynqmp_fsbl/zynqmp_fsbl_bsp/system.mss
TRACE::2025-07-24.17:30:20::SCWMssOS::Adding the swdes entry /home/call_me_utka/Documents/Projects/aes-ultra96-v2-playground/LED_Blink/design_1_wrapper/zynqmp_fsbl/zynqmp_fsbl_bsp/system.mss with des name system
TRACE::2025-07-24.17:30:20::SCWMssOS::updating the scw layer about changes
TRACE::2025-07-24.17:30:20::SCWMssOS::Opened the sw design.  /home/call_me_utka/Documents/Projects/aes-ultra96-v2-playground/LED_Blink/design_1_wrapper/zynqmp_fsbl/zynqmp_fsbl_bsp/system.mss
TRACE::2025-07-24.17:30:20::SCWPlatform::Trying to open the hw design at /home/call_me_utka/Documents/Projects/aes-ultra96-v2-playground/LED_Blink/design_1_wrapper/hw/design_1_wrapper.xsa
TRACE::2025-07-24.17:30:20::SCWPlatform::DSA given /home/call_me_utka/Documents/Projects/aes-ultra96-v2-playground/LED_Blink/design_1_wrapper/hw/design_1_wrapper.xsa
TRACE::2025-07-24.17:30:20::SCWPlatform::DSA absoulate path /home/call_me_utka/Documents/Projects/aes-ultra96-v2-playground/LED_Blink/design_1_wrapper/hw/design_1_wrapper.xsa
TRACE::2025-07-24.17:30:20::SCWPlatform::DSA directory /home/call_me_utka/Documents/Projects/aes-ultra96-v2-playground/LED_Blink/design_1_wrapper/hw
TRACE::2025-07-24.17:30:20::SCWPlatform:: Platform Path /home/call_me_utka/Documents/Projects/aes-ultra96-v2-playground/LED_Blink/design_1_wrapper/hw/design_1_wrapper.xsa
TRACE::2025-07-24.17:30:20::SCWPlatform:: Unique name xilinx:ultra96v2::0.0
TRACE::2025-07-24.17:30:20::SCWPlatform::Trying to set the existing hwdb with name design_1_wrapper_5
TRACE::2025-07-24.17:30:20::SCWPlatform::Opened existing hwdb design_1_wrapper_5
TRACE::2025-07-24.17:30:20::SCWPlatform::Found the Hw Db part of the input DSA
TRACE::2025-07-24.17:30:20::SCWMssOS::Checking the sw design at  /home/call_me_utka/Documents/Projects/aes-ultra96-v2-playground/LED_Blink/design_1_wrapper/zynqmp_fsbl/zynqmp_fsbl_bsp/system.mss
TRACE::2025-07-24.17:30:20::SCWMssOS::DEBUG:  swdes dump  /home/call_me_utka/Documents/Projects/aes-ultra96-v2-playground/LED_Blink/design_1_wrapper/zynqmp_fsbl/zynqmp_fsbl_bsp/system.mss|system||

TRACE::2025-07-24.17:30:20::SCWMssOS::Sw design exists and opened at  /home/call_me_utka/Documents/Projects/aes-ultra96-v2-playground/LED_Blink/design_1_wrapper/zynqmp_fsbl/zynqmp_fsbl_bsp/system.mss
TRACE::2025-07-24.17:30:20::SCWMssOS:: library already available in sw design:  xilffs:4.7
TRACE::2025-07-24.17:30:20::SCWPlatform::Trying to open the hw design at /home/call_me_utka/Documents/Projects/aes-ultra96-v2-playground/LED_Blink/design_1_wrapper/hw/design_1_wrapper.xsa
TRACE::2025-07-24.17:30:20::SCWPlatform::DSA given /home/call_me_utka/Documents/Projects/aes-ultra96-v2-playground/LED_Blink/design_1_wrapper/hw/design_1_wrapper.xsa
TRACE::2025-07-24.17:30:20::SCWPlatform::DSA absoulate path /home/call_me_utka/Documents/Projects/aes-ultra96-v2-playground/LED_Blink/design_1_wrapper/hw/design_1_wrapper.xsa
TRACE::2025-07-24.17:30:20::SCWPlatform::DSA directory /home/call_me_utka/Documents/Projects/aes-ultra96-v2-playground/LED_Blink/design_1_wrapper/hw
TRACE::2025-07-24.17:30:20::SCWPlatform:: Platform Path /home/call_me_utka/Documents/Projects/aes-ultra96-v2-playground/LED_Blink/design_1_wrapper/hw/design_1_wrapper.xsa
TRACE::2025-07-24.17:30:20::SCWPlatform:: Unique name xilinx:ultra96v2::0.0
TRACE::2025-07-24.17:30:20::SCWPlatform::Trying to set the existing hwdb with name design_1_wrapper_5
TRACE::2025-07-24.17:30:20::SCWPlatform::Opened existing hwdb design_1_wrapper_5
TRACE::2025-07-24.17:30:20::SCWPlatform::Found the Hw Db part of the input DSA
TRACE::2025-07-24.17:30:20::SCWMssOS::Checking the sw design at  /home/call_me_utka/Documents/Projects/aes-ultra96-v2-playground/LED_Blink/design_1_wrapper/zynqmp_fsbl/zynqmp_fsbl_bsp/system.mss
TRACE::2025-07-24.17:30:20::SCWMssOS::DEBUG:  swdes dump  /home/call_me_utka/Documents/Projects/aes-ultra96-v2-playground/LED_Blink/design_1_wrapper/zynqmp_fsbl/zynqmp_fsbl_bsp/system.mss|system||

TRACE::2025-07-24.17:30:20::SCWMssOS::Sw design exists and opened at  /home/call_me_utka/Documents/Projects/aes-ultra96-v2-playground/LED_Blink/design_1_wrapper/zynqmp_fsbl/zynqmp_fsbl_bsp/system.mss
TRACE::2025-07-24.17:30:20::SCWMssOS:: library already available in sw design:  xilsecure:4.7
TRACE::2025-07-24.17:30:20::SCWPlatform::Trying to open the hw design at /home/call_me_utka/Documents/Projects/aes-ultra96-v2-playground/LED_Blink/design_1_wrapper/hw/design_1_wrapper.xsa
TRACE::2025-07-24.17:30:20::SCWPlatform::DSA given /home/call_me_utka/Documents/Projects/aes-ultra96-v2-playground/LED_Blink/design_1_wrapper/hw/design_1_wrapper.xsa
TRACE::2025-07-24.17:30:20::SCWPlatform::DSA absoulate path /home/call_me_utka/Documents/Projects/aes-ultra96-v2-playground/LED_Blink/design_1_wrapper/hw/design_1_wrapper.xsa
TRACE::2025-07-24.17:30:20::SCWPlatform::DSA directory /home/call_me_utka/Documents/Projects/aes-ultra96-v2-playground/LED_Blink/design_1_wrapper/hw
TRACE::2025-07-24.17:30:20::SCWPlatform:: Platform Path /home/call_me_utka/Documents/Projects/aes-ultra96-v2-playground/LED_Blink/design_1_wrapper/hw/design_1_wrapper.xsa
TRACE::2025-07-24.17:30:20::SCWPlatform:: Unique name xilinx:ultra96v2::0.0
TRACE::2025-07-24.17:30:20::SCWPlatform::Trying to set the existing hwdb with name design_1_wrapper_5
TRACE::2025-07-24.17:30:20::SCWPlatform::Opened existing hwdb design_1_wrapper_5
TRACE::2025-07-24.17:30:20::SCWPlatform::Found the Hw Db part of the input DSA
TRACE::2025-07-24.17:30:20::SCWMssOS::Checking the sw design at  /home/call_me_utka/Documents/Projects/aes-ultra96-v2-playground/LED_Blink/design_1_wrapper/zynqmp_fsbl/zynqmp_fsbl_bsp/system.mss
TRACE::2025-07-24.17:30:20::SCWMssOS::DEBUG:  swdes dump  /home/call_me_utka/Documents/Projects/aes-ultra96-v2-playground/LED_Blink/design_1_wrapper/zynqmp_fsbl/zynqmp_fsbl_bsp/system.mss|system||

TRACE::2025-07-24.17:30:20::SCWMssOS::Sw design exists and opened at  /home/call_me_utka/Documents/Projects/aes-ultra96-v2-playground/LED_Blink/design_1_wrapper/zynqmp_fsbl/zynqmp_fsbl_bsp/system.mss
TRACE::2025-07-24.17:30:20::SCWMssOS:: library already available in sw design:  xilpm:4.0
TRACE::2025-07-24.17:30:20::SCWPlatform::Trying to open the hw design at /home/call_me_utka/Documents/Projects/aes-ultra96-v2-playground/LED_Blink/design_1_wrapper/hw/design_1_wrapper.xsa
TRACE::2025-07-24.17:30:20::SCWPlatform::DSA given /home/call_me_utka/Documents/Projects/aes-ultra96-v2-playground/LED_Blink/design_1_wrapper/hw/design_1_wrapper.xsa
TRACE::2025-07-24.17:30:20::SCWPlatform::DSA absoulate path /home/call_me_utka/Documents/Projects/aes-ultra96-v2-playground/LED_Blink/design_1_wrapper/hw/design_1_wrapper.xsa
TRACE::2025-07-24.17:30:20::SCWPlatform::DSA directory /home/call_me_utka/Documents/Projects/aes-ultra96-v2-playground/LED_Blink/design_1_wrapper/hw
TRACE::2025-07-24.17:30:20::SCWPlatform:: Platform Path /home/call_me_utka/Documents/Projects/aes-ultra96-v2-playground/LED_Blink/design_1_wrapper/hw/design_1_wrapper.xsa
TRACE::2025-07-24.17:30:20::SCWPlatform:: Unique name xilinx:ultra96v2::0.0
TRACE::2025-07-24.17:30:20::SCWPlatform::Trying to set the existing hwdb with name design_1_wrapper_5
TRACE::2025-07-24.17:30:20::SCWPlatform::Opened existing hwdb design_1_wrapper_5
TRACE::2025-07-24.17:30:20::SCWPlatform::Found the Hw Db part of the input DSA
TRACE::2025-07-24.17:30:20::SCWMssOS::Checking the sw design at  /home/call_me_utka/Documents/Projects/aes-ultra96-v2-playground/LED_Blink/design_1_wrapper/zynqmp_fsbl/zynqmp_fsbl_bsp/system.mss
TRACE::2025-07-24.17:30:20::SCWMssOS::DEBUG:  swdes dump  /home/call_me_utka/Documents/Projects/aes-ultra96-v2-playground/LED_Blink/design_1_wrapper/zynqmp_fsbl/zynqmp_fsbl_bsp/system.mss|system||

TRACE::2025-07-24.17:30:20::SCWMssOS::Sw design exists and opened at  /home/call_me_utka/Documents/Projects/aes-ultra96-v2-playground/LED_Blink/design_1_wrapper/zynqmp_fsbl/zynqmp_fsbl_bsp/system.mss
TRACE::2025-07-24.17:30:20::SCWPlatform::Trying to open the hw design at /home/call_me_utka/Documents/Projects/aes-ultra96-v2-playground/LED_Blink/design_1_wrapper/hw/design_1_wrapper.xsa
TRACE::2025-07-24.17:30:20::SCWPlatform::DSA given /home/call_me_utka/Documents/Projects/aes-ultra96-v2-playground/LED_Blink/design_1_wrapper/hw/design_1_wrapper.xsa
TRACE::2025-07-24.17:30:20::SCWPlatform::DSA absoulate path /home/call_me_utka/Documents/Projects/aes-ultra96-v2-playground/LED_Blink/design_1_wrapper/hw/design_1_wrapper.xsa
TRACE::2025-07-24.17:30:20::SCWPlatform::DSA directory /home/call_me_utka/Documents/Projects/aes-ultra96-v2-playground/LED_Blink/design_1_wrapper/hw
TRACE::2025-07-24.17:30:20::SCWPlatform:: Platform Path /home/call_me_utka/Documents/Projects/aes-ultra96-v2-playground/LED_Blink/design_1_wrapper/hw/design_1_wrapper.xsa
TRACE::2025-07-24.17:30:20::SCWPlatform:: Unique name xilinx:ultra96v2::0.0
TRACE::2025-07-24.17:30:20::SCWPlatform::Trying to set the existing hwdb with name design_1_wrapper_5
TRACE::2025-07-24.17:30:20::SCWPlatform::Opened existing hwdb design_1_wrapper_5
TRACE::2025-07-24.17:30:20::SCWPlatform::Found the Hw Db part of the input DSA
TRACE::2025-07-24.17:30:20::SCWMssOS::Checking the sw design at  /home/call_me_utka/Documents/Projects/aes-ultra96-v2-playground/LED_Blink/design_1_wrapper/zynqmp_fsbl/zynqmp_fsbl_bsp/system.mss
TRACE::2025-07-24.17:30:20::SCWMssOS::DEBUG:  swdes dump  /home/call_me_utka/Documents/Projects/aes-ultra96-v2-playground/LED_Blink/design_1_wrapper/zynqmp_fsbl/zynqmp_fsbl_bsp/system.mss|system||

TRACE::2025-07-24.17:30:20::SCWMssOS::Sw design exists and opened at  /home/call_me_utka/Documents/Projects/aes-ultra96-v2-playground/LED_Blink/design_1_wrapper/zynqmp_fsbl/zynqmp_fsbl_bsp/system.mss
TRACE::2025-07-24.17:30:20::SCWPlatform::Trying to open the hw design at /home/call_me_utka/Documents/Projects/aes-ultra96-v2-playground/LED_Blink/design_1_wrapper/hw/design_1_wrapper.xsa
TRACE::2025-07-24.17:30:20::SCWPlatform::DSA given /home/call_me_utka/Documents/Projects/aes-ultra96-v2-playground/LED_Blink/design_1_wrapper/hw/design_1_wrapper.xsa
TRACE::2025-07-24.17:30:20::SCWPlatform::DSA absoulate path /home/call_me_utka/Documents/Projects/aes-ultra96-v2-playground/LED_Blink/design_1_wrapper/hw/design_1_wrapper.xsa
TRACE::2025-07-24.17:30:20::SCWPlatform::DSA directory /home/call_me_utka/Documents/Projects/aes-ultra96-v2-playground/LED_Blink/design_1_wrapper/hw
TRACE::2025-07-24.17:30:20::SCWPlatform:: Platform Path /home/call_me_utka/Documents/Projects/aes-ultra96-v2-playground/LED_Blink/design_1_wrapper/hw/design_1_wrapper.xsa
TRACE::2025-07-24.17:30:20::SCWPlatform:: Unique name xilinx:ultra96v2::0.0
TRACE::2025-07-24.17:30:20::SCWPlatform::Trying to set the existing hwdb with name design_1_wrapper_5
TRACE::2025-07-24.17:30:20::SCWPlatform::Opened existing hwdb design_1_wrapper_5
TRACE::2025-07-24.17:30:20::SCWPlatform::Found the Hw Db part of the input DSA
TRACE::2025-07-24.17:30:20::SCWMssOS::Checking the sw design at  /home/call_me_utka/Documents/Projects/aes-ultra96-v2-playground/LED_Blink/design_1_wrapper/zynqmp_fsbl/zynqmp_fsbl_bsp/system.mss
TRACE::2025-07-24.17:30:20::SCWMssOS::DEBUG:  swdes dump  /home/call_me_utka/Documents/Projects/aes-ultra96-v2-playground/LED_Blink/design_1_wrapper/zynqmp_fsbl/zynqmp_fsbl_bsp/system.mss|system||

TRACE::2025-07-24.17:30:20::SCWMssOS::Sw design exists and opened at  /home/call_me_utka/Documents/Projects/aes-ultra96-v2-playground/LED_Blink/design_1_wrapper/zynqmp_fsbl/zynqmp_fsbl_bsp/system.mss
TRACE::2025-07-24.17:30:20::SCWPlatform::Trying to open the hw design at /home/call_me_utka/Documents/Projects/aes-ultra96-v2-playground/LED_Blink/design_1_wrapper/hw/design_1_wrapper.xsa
TRACE::2025-07-24.17:30:20::SCWPlatform::DSA given /home/call_me_utka/Documents/Projects/aes-ultra96-v2-playground/LED_Blink/design_1_wrapper/hw/design_1_wrapper.xsa
TRACE::2025-07-24.17:30:20::SCWPlatform::DSA absoulate path /home/call_me_utka/Documents/Projects/aes-ultra96-v2-playground/LED_Blink/design_1_wrapper/hw/design_1_wrapper.xsa
TRACE::2025-07-24.17:30:20::SCWPlatform::DSA directory /home/call_me_utka/Documents/Projects/aes-ultra96-v2-playground/LED_Blink/design_1_wrapper/hw
TRACE::2025-07-24.17:30:20::SCWPlatform:: Platform Path /home/call_me_utka/Documents/Projects/aes-ultra96-v2-playground/LED_Blink/design_1_wrapper/hw/design_1_wrapper.xsa
TRACE::2025-07-24.17:30:20::SCWPlatform:: Unique name xilinx:ultra96v2::0.0
TRACE::2025-07-24.17:30:20::SCWPlatform::Trying to set the existing hwdb with name design_1_wrapper_5
TRACE::2025-07-24.17:30:20::SCWPlatform::Opened existing hwdb design_1_wrapper_5
TRACE::2025-07-24.17:30:20::SCWPlatform::Found the Hw Db part of the input DSA
TRACE::2025-07-24.17:30:20::SCWMssOS::Checking the sw design at  /home/call_me_utka/Documents/Projects/aes-ultra96-v2-playground/LED_Blink/design_1_wrapper/zynqmp_fsbl/zynqmp_fsbl_bsp/system.mss
TRACE::2025-07-24.17:30:20::SCWMssOS::DEBUG:  swdes dump  /home/call_me_utka/Documents/Projects/aes-ultra96-v2-playground/LED_Blink/design_1_wrapper/zynqmp_fsbl/zynqmp_fsbl_bsp/system.mss|system||

TRACE::2025-07-24.17:30:20::SCWMssOS::Sw design exists and opened at  /home/call_me_utka/Documents/Projects/aes-ultra96-v2-playground/LED_Blink/design_1_wrapper/zynqmp_fsbl/zynqmp_fsbl_bsp/system.mss
TRACE::2025-07-24.17:30:20::SCWPlatform::Trying to open the hw design at /home/call_me_utka/Documents/Projects/aes-ultra96-v2-playground/LED_Blink/design_1_wrapper/hw/design_1_wrapper.xsa
TRACE::2025-07-24.17:30:20::SCWPlatform::DSA given /home/call_me_utka/Documents/Projects/aes-ultra96-v2-playground/LED_Blink/design_1_wrapper/hw/design_1_wrapper.xsa
TRACE::2025-07-24.17:30:20::SCWPlatform::DSA absoulate path /home/call_me_utka/Documents/Projects/aes-ultra96-v2-playground/LED_Blink/design_1_wrapper/hw/design_1_wrapper.xsa
TRACE::2025-07-24.17:30:20::SCWPlatform::DSA directory /home/call_me_utka/Documents/Projects/aes-ultra96-v2-playground/LED_Blink/design_1_wrapper/hw
TRACE::2025-07-24.17:30:20::SCWPlatform:: Platform Path /home/call_me_utka/Documents/Projects/aes-ultra96-v2-playground/LED_Blink/design_1_wrapper/hw/design_1_wrapper.xsa
TRACE::2025-07-24.17:30:20::SCWPlatform:: Unique name xilinx:ultra96v2::0.0
TRACE::2025-07-24.17:30:20::SCWPlatform::Trying to set the existing hwdb with name design_1_wrapper_5
TRACE::2025-07-24.17:30:20::SCWPlatform::Opened existing hwdb design_1_wrapper_5
TRACE::2025-07-24.17:30:20::SCWPlatform::Found the Hw Db part of the input DSA
TRACE::2025-07-24.17:30:20::SCWMssOS::Checking the sw design at  /home/call_me_utka/Documents/Projects/aes-ultra96-v2-playground/LED_Blink/design_1_wrapper/zynqmp_fsbl/zynqmp_fsbl_bsp/system.mss
TRACE::2025-07-24.17:30:20::SCWMssOS::DEBUG:  swdes dump  /home/call_me_utka/Documents/Projects/aes-ultra96-v2-playground/LED_Blink/design_1_wrapper/zynqmp_fsbl/zynqmp_fsbl_bsp/system.mss|system||

TRACE::2025-07-24.17:30:20::SCWMssOS::Sw design exists and opened at  /home/call_me_utka/Documents/Projects/aes-ultra96-v2-playground/LED_Blink/design_1_wrapper/zynqmp_fsbl/zynqmp_fsbl_bsp/system.mss
TRACE::2025-07-24.17:30:20::SCWPlatform::Trying to open the hw design at /home/call_me_utka/Documents/Projects/aes-ultra96-v2-playground/LED_Blink/design_1_wrapper/hw/design_1_wrapper.xsa
TRACE::2025-07-24.17:30:20::SCWPlatform::DSA given /home/call_me_utka/Documents/Projects/aes-ultra96-v2-playground/LED_Blink/design_1_wrapper/hw/design_1_wrapper.xsa
TRACE::2025-07-24.17:30:20::SCWPlatform::DSA absoulate path /home/call_me_utka/Documents/Projects/aes-ultra96-v2-playground/LED_Blink/design_1_wrapper/hw/design_1_wrapper.xsa
TRACE::2025-07-24.17:30:20::SCWPlatform::DSA directory /home/call_me_utka/Documents/Projects/aes-ultra96-v2-playground/LED_Blink/design_1_wrapper/hw
TRACE::2025-07-24.17:30:20::SCWPlatform:: Platform Path /home/call_me_utka/Documents/Projects/aes-ultra96-v2-playground/LED_Blink/design_1_wrapper/hw/design_1_wrapper.xsa
TRACE::2025-07-24.17:30:20::SCWPlatform:: Unique name xilinx:ultra96v2::0.0
TRACE::2025-07-24.17:30:20::SCWPlatform::Trying to set the existing hwdb with name design_1_wrapper_5
TRACE::2025-07-24.17:30:20::SCWPlatform::Opened existing hwdb design_1_wrapper_5
TRACE::2025-07-24.17:30:20::SCWPlatform::Found the Hw Db part of the input DSA
TRACE::2025-07-24.17:30:20::SCWMssOS::Checking the sw design at  /home/call_me_utka/Documents/Projects/aes-ultra96-v2-playground/LED_Blink/design_1_wrapper/zynqmp_fsbl/zynqmp_fsbl_bsp/system.mss
TRACE::2025-07-24.17:30:20::SCWMssOS::DEBUG:  swdes dump  /home/call_me_utka/Documents/Projects/aes-ultra96-v2-playground/LED_Blink/design_1_wrapper/zynqmp_fsbl/zynqmp_fsbl_bsp/system.mss|system||

TRACE::2025-07-24.17:30:20::SCWMssOS::Sw design exists and opened at  /home/call_me_utka/Documents/Projects/aes-ultra96-v2-playground/LED_Blink/design_1_wrapper/zynqmp_fsbl/zynqmp_fsbl_bsp/system.mss
TRACE::2025-07-24.17:30:20::SCWPlatform::Trying to open the hw design at /home/call_me_utka/Documents/Projects/aes-ultra96-v2-playground/LED_Blink/design_1_wrapper/hw/design_1_wrapper.xsa
TRACE::2025-07-24.17:30:20::SCWPlatform::DSA given /home/call_me_utka/Documents/Projects/aes-ultra96-v2-playground/LED_Blink/design_1_wrapper/hw/design_1_wrapper.xsa
TRACE::2025-07-24.17:30:20::SCWPlatform::DSA absoulate path /home/call_me_utka/Documents/Projects/aes-ultra96-v2-playground/LED_Blink/design_1_wrapper/hw/design_1_wrapper.xsa
TRACE::2025-07-24.17:30:20::SCWPlatform::DSA directory /home/call_me_utka/Documents/Projects/aes-ultra96-v2-playground/LED_Blink/design_1_wrapper/hw
TRACE::2025-07-24.17:30:20::SCWPlatform:: Platform Path /home/call_me_utka/Documents/Projects/aes-ultra96-v2-playground/LED_Blink/design_1_wrapper/hw/design_1_wrapper.xsa
TRACE::2025-07-24.17:30:20::SCWPlatform:: Unique name xilinx:ultra96v2::0.0
TRACE::2025-07-24.17:30:20::SCWPlatform::Trying to set the existing hwdb with name design_1_wrapper_5
TRACE::2025-07-24.17:30:20::SCWPlatform::Opened existing hwdb design_1_wrapper_5
TRACE::2025-07-24.17:30:20::SCWPlatform::Found the Hw Db part of the input DSA
TRACE::2025-07-24.17:30:20::SCWMssOS::Checking the sw design at  /home/call_me_utka/Documents/Projects/aes-ultra96-v2-playground/LED_Blink/design_1_wrapper/zynqmp_fsbl/zynqmp_fsbl_bsp/system.mss
TRACE::2025-07-24.17:30:20::SCWMssOS::DEBUG:  swdes dump  /home/call_me_utka/Documents/Projects/aes-ultra96-v2-playground/LED_Blink/design_1_wrapper/zynqmp_fsbl/zynqmp_fsbl_bsp/system.mss|system||

TRACE::2025-07-24.17:30:20::SCWMssOS::Sw design exists and opened at  /home/call_me_utka/Documents/Projects/aes-ultra96-v2-playground/LED_Blink/design_1_wrapper/zynqmp_fsbl/zynqmp_fsbl_bsp/system.mss
TRACE::2025-07-24.17:30:20::SCWPlatform::Trying to open the hw design at /home/call_me_utka/Documents/Projects/aes-ultra96-v2-playground/LED_Blink/design_1_wrapper/hw/design_1_wrapper.xsa
TRACE::2025-07-24.17:30:20::SCWPlatform::DSA given /home/call_me_utka/Documents/Projects/aes-ultra96-v2-playground/LED_Blink/design_1_wrapper/hw/design_1_wrapper.xsa
TRACE::2025-07-24.17:30:20::SCWPlatform::DSA absoulate path /home/call_me_utka/Documents/Projects/aes-ultra96-v2-playground/LED_Blink/design_1_wrapper/hw/design_1_wrapper.xsa
TRACE::2025-07-24.17:30:20::SCWPlatform::DSA directory /home/call_me_utka/Documents/Projects/aes-ultra96-v2-playground/LED_Blink/design_1_wrapper/hw
TRACE::2025-07-24.17:30:20::SCWPlatform:: Platform Path /home/call_me_utka/Documents/Projects/aes-ultra96-v2-playground/LED_Blink/design_1_wrapper/hw/design_1_wrapper.xsa
TRACE::2025-07-24.17:30:20::SCWPlatform:: Unique name xilinx:ultra96v2::0.0
TRACE::2025-07-24.17:30:20::SCWPlatform::Trying to set the existing hwdb with name design_1_wrapper_5
TRACE::2025-07-24.17:30:20::SCWPlatform::Opened existing hwdb design_1_wrapper_5
TRACE::2025-07-24.17:30:20::SCWPlatform::Found the Hw Db part of the input DSA
TRACE::2025-07-24.17:30:20::SCWMssOS::Checking the sw design at  /home/call_me_utka/Documents/Projects/aes-ultra96-v2-playground/LED_Blink/design_1_wrapper/zynqmp_fsbl/zynqmp_fsbl_bsp/system.mss
TRACE::2025-07-24.17:30:20::SCWMssOS::DEBUG:  swdes dump  /home/call_me_utka/Documents/Projects/aes-ultra96-v2-playground/LED_Blink/design_1_wrapper/zynqmp_fsbl/zynqmp_fsbl_bsp/system.mss|system||

TRACE::2025-07-24.17:30:20::SCWMssOS::Sw design exists and opened at  /home/call_me_utka/Documents/Projects/aes-ultra96-v2-playground/LED_Blink/design_1_wrapper/zynqmp_fsbl/zynqmp_fsbl_bsp/system.mss
TRACE::2025-07-24.17:30:20::SCWMssOS::Saving the mss changes /home/call_me_utka/Documents/Projects/aes-ultra96-v2-playground/LED_Blink/design_1_wrapper/zynqmp_fsbl/zynqmp_fsbl_bsp/system.mss
TRACE::2025-07-24.17:30:20::SCWMssOS::Found a swdesign opened with the mssfile.
TRACE::2025-07-24.17:30:20::SCWMssOS::Completed writemss as part of save.
TRACE::2025-07-24.17:30:20::SCWMssOS::Commit changes completed.
TRACE::2025-07-24.17:30:20::SCWReader::Adding prebuilt librarypaths as   
TRACE::2025-07-24.17:30:20::SCWReader::Adding prebuilt incpaths  as   
TRACE::2025-07-24.17:30:20::SCWPlatform::Trying to open the hw design at /home/call_me_utka/Documents/Projects/aes-ultra96-v2-playground/LED_Blink/design_1_wrapper/hw/design_1_wrapper.xsa
TRACE::2025-07-24.17:30:20::SCWPlatform::DSA given /home/call_me_utka/Documents/Projects/aes-ultra96-v2-playground/LED_Blink/design_1_wrapper/hw/design_1_wrapper.xsa
TRACE::2025-07-24.17:30:20::SCWPlatform::DSA absoulate path /home/call_me_utka/Documents/Projects/aes-ultra96-v2-playground/LED_Blink/design_1_wrapper/hw/design_1_wrapper.xsa
TRACE::2025-07-24.17:30:20::SCWPlatform::DSA directory /home/call_me_utka/Documents/Projects/aes-ultra96-v2-playground/LED_Blink/design_1_wrapper/hw
TRACE::2025-07-24.17:30:20::SCWPlatform:: Platform Path /home/call_me_utka/Documents/Projects/aes-ultra96-v2-playground/LED_Blink/design_1_wrapper/hw/design_1_wrapper.xsa
TRACE::2025-07-24.17:30:20::SCWPlatform:: Unique name xilinx:ultra96v2::0.0
TRACE::2025-07-24.17:30:20::SCWPlatform::Trying to set the existing hwdb with name design_1_wrapper_5
TRACE::2025-07-24.17:30:20::SCWPlatform::Opened existing hwdb design_1_wrapper_5
TRACE::2025-07-24.17:30:20::SCWPlatform::Found the Hw Db part of the input DSA
TRACE::2025-07-24.17:30:20::SCWMssOS::Checking the sw design at  /home/call_me_utka/Documents/Projects/aes-ultra96-v2-playground/LED_Blink/design_1_wrapper/zynqmp_fsbl/zynqmp_fsbl_bsp/system.mss
TRACE::2025-07-24.17:30:20::SCWMssOS::DEBUG:  swdes dump  /home/call_me_utka/Documents/Projects/aes-ultra96-v2-playground/LED_Blink/design_1_wrapper/zynqmp_fsbl/zynqmp_fsbl_bsp/system.mss|system||

TRACE::2025-07-24.17:30:20::SCWMssOS::Sw design exists and opened at  /home/call_me_utka/Documents/Projects/aes-ultra96-v2-playground/LED_Blink/design_1_wrapper/zynqmp_fsbl/zynqmp_fsbl_bsp/system.mss
TRACE::2025-07-24.17:30:20::SCWReader::No isolation master present  
TRACE::2025-07-24.17:30:20::SCWDomain::checking for install qemu data   : 
TRACE::2025-07-24.17:30:20::SCWDomain:: Using the QEMU Data from install at  : /tools/Xilinx/Vitis/2022.1/data/emulation/platforms/zynqmp/sw/a53_standalone/qemu/
TRACE::2025-07-24.17:30:20::SCWDomain:: Using the QEMU args  from install at  : /tools/Xilinx/Vitis/2022.1/data/emulation/platforms/zynqmp/sw/a53_standalone/qemu/qemu_args.txt
TRACE::2025-07-24.17:30:20::SCWDomain:: Using the PMUQEMU args from install at  : /tools/Xilinx/Vitis/2022.1/data/emulation/platforms/zynqmp/sw/a53_standalone/qemu/pmu_args.txt
TRACE::2025-07-24.17:30:20::SCWPlatform::Trying to open the hw design at /home/call_me_utka/Documents/Projects/aes-ultra96-v2-playground/LED_Blink/design_1_wrapper/hw/design_1_wrapper.xsa
TRACE::2025-07-24.17:30:20::SCWPlatform::DSA given /home/call_me_utka/Documents/Projects/aes-ultra96-v2-playground/LED_Blink/design_1_wrapper/hw/design_1_wrapper.xsa
TRACE::2025-07-24.17:30:20::SCWPlatform::DSA absoulate path /home/call_me_utka/Documents/Projects/aes-ultra96-v2-playground/LED_Blink/design_1_wrapper/hw/design_1_wrapper.xsa
TRACE::2025-07-24.17:30:20::SCWPlatform::DSA directory /home/call_me_utka/Documents/Projects/aes-ultra96-v2-playground/LED_Blink/design_1_wrapper/hw
TRACE::2025-07-24.17:30:20::SCWPlatform:: Platform Path /home/call_me_utka/Documents/Projects/aes-ultra96-v2-playground/LED_Blink/design_1_wrapper/hw/design_1_wrapper.xsa
TRACE::2025-07-24.17:30:20::SCWPlatform:: Unique name xilinx:ultra96v2::0.0
TRACE::2025-07-24.17:30:20::SCWPlatform::Trying to set the existing hwdb with name design_1_wrapper_5
TRACE::2025-07-24.17:30:20::SCWPlatform::Opened existing hwdb design_1_wrapper_5
TRACE::2025-07-24.17:30:20::SCWPlatform::Found the Hw Db part of the input DSA
TRACE::2025-07-24.17:30:20::SCWReader::Boot application domain added for zynqmp_pmufw
TRACE::2025-07-24.17:30:20::SCWPlatform::Trying to open the hw design at /home/call_me_utka/Documents/Projects/aes-ultra96-v2-playground/LED_Blink/design_1_wrapper/hw/design_1_wrapper.xsa
TRACE::2025-07-24.17:30:20::SCWPlatform::DSA given /home/call_me_utka/Documents/Projects/aes-ultra96-v2-playground/LED_Blink/design_1_wrapper/hw/design_1_wrapper.xsa
TRACE::2025-07-24.17:30:20::SCWPlatform::DSA absoulate path /home/call_me_utka/Documents/Projects/aes-ultra96-v2-playground/LED_Blink/design_1_wrapper/hw/design_1_wrapper.xsa
TRACE::2025-07-24.17:30:20::SCWPlatform::DSA directory /home/call_me_utka/Documents/Projects/aes-ultra96-v2-playground/LED_Blink/design_1_wrapper/hw
TRACE::2025-07-24.17:30:20::SCWPlatform:: Platform Path /home/call_me_utka/Documents/Projects/aes-ultra96-v2-playground/LED_Blink/design_1_wrapper/hw/design_1_wrapper.xsa
TRACE::2025-07-24.17:30:20::SCWPlatform:: Unique name xilinx:ultra96v2::0.0
TRACE::2025-07-24.17:30:20::SCWPlatform::Trying to set the existing hwdb with name design_1_wrapper_5
TRACE::2025-07-24.17:30:20::SCWPlatform::Opened existing hwdb design_1_wrapper_5
TRACE::2025-07-24.17:30:20::SCWPlatform::Found the Hw Db part of the input DSA
TRACE::2025-07-24.17:30:20::SCWMssOS::Checking the sw design at  /home/call_me_utka/Documents/Projects/aes-ultra96-v2-playground/LED_Blink/design_1_wrapper/zynqmp_pmufw/zynqmp_pmufw_bsp/system.mss
TRACE::2025-07-24.17:30:20::SCWMssOS::DEBUG:  swdes dump  /home/call_me_utka/Documents/Projects/aes-ultra96-v2-playground/LED_Blink/design_1_wrapper/zynqmp_fsbl/zynqmp_fsbl_bsp/system.mss|system||

TRACE::2025-07-24.17:30:20::SCWMssOS::No sw design opened at  /home/call_me_utka/Documents/Projects/aes-ultra96-v2-playground/LED_Blink/design_1_wrapper/zynqmp_pmufw/zynqmp_pmufw_bsp/system.mss
TRACE::2025-07-24.17:30:20::SCWMssOS::mss exists loading the mss file  /home/call_me_utka/Documents/Projects/aes-ultra96-v2-playground/LED_Blink/design_1_wrapper/zynqmp_pmufw/zynqmp_pmufw_bsp/system.mss
TRACE::2025-07-24.17:30:20::SCWMssOS::Opened the sw design from mss  /home/call_me_utka/Documents/Projects/aes-ultra96-v2-playground/LED_Blink/design_1_wrapper/zynqmp_pmufw/zynqmp_pmufw_bsp/system.mss
TRACE::2025-07-24.17:30:20::SCWMssOS::Adding the swdes entry /home/call_me_utka/Documents/Projects/aes-ultra96-v2-playground/LED_Blink/design_1_wrapper/zynqmp_pmufw/zynqmp_pmufw_bsp/system.mss with des name system_0
TRACE::2025-07-24.17:30:20::SCWMssOS::updating the scw layer about changes
TRACE::2025-07-24.17:30:20::SCWMssOS::Opened the sw design.  /home/call_me_utka/Documents/Projects/aes-ultra96-v2-playground/LED_Blink/design_1_wrapper/zynqmp_pmufw/zynqmp_pmufw_bsp/system.mss
TRACE::2025-07-24.17:30:20::SCWPlatform::Trying to open the hw design at /home/call_me_utka/Documents/Projects/aes-ultra96-v2-playground/LED_Blink/design_1_wrapper/hw/design_1_wrapper.xsa
TRACE::2025-07-24.17:30:20::SCWPlatform::DSA given /home/call_me_utka/Documents/Projects/aes-ultra96-v2-playground/LED_Blink/design_1_wrapper/hw/design_1_wrapper.xsa
TRACE::2025-07-24.17:30:20::SCWPlatform::DSA absoulate path /home/call_me_utka/Documents/Projects/aes-ultra96-v2-playground/LED_Blink/design_1_wrapper/hw/design_1_wrapper.xsa
TRACE::2025-07-24.17:30:20::SCWPlatform::DSA directory /home/call_me_utka/Documents/Projects/aes-ultra96-v2-playground/LED_Blink/design_1_wrapper/hw
TRACE::2025-07-24.17:30:20::SCWPlatform:: Platform Path /home/call_me_utka/Documents/Projects/aes-ultra96-v2-playground/LED_Blink/design_1_wrapper/hw/design_1_wrapper.xsa
TRACE::2025-07-24.17:30:20::SCWPlatform:: Unique name xilinx:ultra96v2::0.0
TRACE::2025-07-24.17:30:20::SCWPlatform::Trying to set the existing hwdb with name design_1_wrapper_5
TRACE::2025-07-24.17:30:20::SCWPlatform::Opened existing hwdb design_1_wrapper_5
TRACE::2025-07-24.17:30:20::SCWPlatform::Found the Hw Db part of the input DSA
TRACE::2025-07-24.17:30:20::SCWMssOS::Checking the sw design at  /home/call_me_utka/Documents/Projects/aes-ultra96-v2-playground/LED_Blink/design_1_wrapper/zynqmp_pmufw/zynqmp_pmufw_bsp/system.mss
TRACE::2025-07-24.17:30:20::SCWMssOS::DEBUG:  swdes dump  /home/call_me_utka/Documents/Projects/aes-ultra96-v2-playground/LED_Blink/design_1_wrapper/zynqmp_fsbl/zynqmp_fsbl_bsp/system.mss|system||
/home/call_me_utka/Documents/Projects/aes-ultra96-v2-playground/LED_Blink/design_1_wrapper/zynqmp_pmufw/zynqmp_pmufw_bsp/system.mss|system_0||

TRACE::2025-07-24.17:30:20::SCWMssOS::Sw design exists and opened at  /home/call_me_utka/Documents/Projects/aes-ultra96-v2-playground/LED_Blink/design_1_wrapper/zynqmp_pmufw/zynqmp_pmufw_bsp/system.mss
TRACE::2025-07-24.17:30:20::SCWMssOS:: library already available in sw design:  xilfpga:6.2
TRACE::2025-07-24.17:30:20::SCWPlatform::Trying to open the hw design at /home/call_me_utka/Documents/Projects/aes-ultra96-v2-playground/LED_Blink/design_1_wrapper/hw/design_1_wrapper.xsa
TRACE::2025-07-24.17:30:20::SCWPlatform::DSA given /home/call_me_utka/Documents/Projects/aes-ultra96-v2-playground/LED_Blink/design_1_wrapper/hw/design_1_wrapper.xsa
TRACE::2025-07-24.17:30:20::SCWPlatform::DSA absoulate path /home/call_me_utka/Documents/Projects/aes-ultra96-v2-playground/LED_Blink/design_1_wrapper/hw/design_1_wrapper.xsa
TRACE::2025-07-24.17:30:20::SCWPlatform::DSA directory /home/call_me_utka/Documents/Projects/aes-ultra96-v2-playground/LED_Blink/design_1_wrapper/hw
TRACE::2025-07-24.17:30:20::SCWPlatform:: Platform Path /home/call_me_utka/Documents/Projects/aes-ultra96-v2-playground/LED_Blink/design_1_wrapper/hw/design_1_wrapper.xsa
TRACE::2025-07-24.17:30:20::SCWPlatform:: Unique name xilinx:ultra96v2::0.0
TRACE::2025-07-24.17:30:20::SCWPlatform::Trying to set the existing hwdb with name design_1_wrapper_5
TRACE::2025-07-24.17:30:20::SCWPlatform::Opened existing hwdb design_1_wrapper_5
TRACE::2025-07-24.17:30:20::SCWPlatform::Found the Hw Db part of the input DSA
TRACE::2025-07-24.17:30:20::SCWMssOS::Checking the sw design at  /home/call_me_utka/Documents/Projects/aes-ultra96-v2-playground/LED_Blink/design_1_wrapper/zynqmp_pmufw/zynqmp_pmufw_bsp/system.mss
TRACE::2025-07-24.17:30:20::SCWMssOS::DEBUG:  swdes dump  /home/call_me_utka/Documents/Projects/aes-ultra96-v2-playground/LED_Blink/design_1_wrapper/zynqmp_fsbl/zynqmp_fsbl_bsp/system.mss|system||
/home/call_me_utka/Documents/Projects/aes-ultra96-v2-playground/LED_Blink/design_1_wrapper/zynqmp_pmufw/zynqmp_pmufw_bsp/system.mss|system_0||

TRACE::2025-07-24.17:30:20::SCWMssOS::Sw design exists and opened at  /home/call_me_utka/Documents/Projects/aes-ultra96-v2-playground/LED_Blink/design_1_wrapper/zynqmp_pmufw/zynqmp_pmufw_bsp/system.mss
TRACE::2025-07-24.17:30:20::SCWMssOS:: library already available in sw design:  xilsecure:4.7
TRACE::2025-07-24.17:30:20::SCWPlatform::Trying to open the hw design at /home/call_me_utka/Documents/Projects/aes-ultra96-v2-playground/LED_Blink/design_1_wrapper/hw/design_1_wrapper.xsa
TRACE::2025-07-24.17:30:20::SCWPlatform::DSA given /home/call_me_utka/Documents/Projects/aes-ultra96-v2-playground/LED_Blink/design_1_wrapper/hw/design_1_wrapper.xsa
TRACE::2025-07-24.17:30:20::SCWPlatform::DSA absoulate path /home/call_me_utka/Documents/Projects/aes-ultra96-v2-playground/LED_Blink/design_1_wrapper/hw/design_1_wrapper.xsa
TRACE::2025-07-24.17:30:20::SCWPlatform::DSA directory /home/call_me_utka/Documents/Projects/aes-ultra96-v2-playground/LED_Blink/design_1_wrapper/hw
TRACE::2025-07-24.17:30:20::SCWPlatform:: Platform Path /home/call_me_utka/Documents/Projects/aes-ultra96-v2-playground/LED_Blink/design_1_wrapper/hw/design_1_wrapper.xsa
TRACE::2025-07-24.17:30:20::SCWPlatform:: Unique name xilinx:ultra96v2::0.0
TRACE::2025-07-24.17:30:20::SCWPlatform::Trying to set the existing hwdb with name design_1_wrapper_5
TRACE::2025-07-24.17:30:20::SCWPlatform::Opened existing hwdb design_1_wrapper_5
TRACE::2025-07-24.17:30:20::SCWPlatform::Found the Hw Db part of the input DSA
TRACE::2025-07-24.17:30:20::SCWMssOS::Checking the sw design at  /home/call_me_utka/Documents/Projects/aes-ultra96-v2-playground/LED_Blink/design_1_wrapper/zynqmp_pmufw/zynqmp_pmufw_bsp/system.mss
TRACE::2025-07-24.17:30:20::SCWMssOS::DEBUG:  swdes dump  /home/call_me_utka/Documents/Projects/aes-ultra96-v2-playground/LED_Blink/design_1_wrapper/zynqmp_fsbl/zynqmp_fsbl_bsp/system.mss|system||
/home/call_me_utka/Documents/Projects/aes-ultra96-v2-playground/LED_Blink/design_1_wrapper/zynqmp_pmufw/zynqmp_pmufw_bsp/system.mss|system_0||

TRACE::2025-07-24.17:30:20::SCWMssOS::Sw design exists and opened at  /home/call_me_utka/Documents/Projects/aes-ultra96-v2-playground/LED_Blink/design_1_wrapper/zynqmp_pmufw/zynqmp_pmufw_bsp/system.mss
TRACE::2025-07-24.17:30:20::SCWMssOS:: library already available in sw design:  xilskey:7.3
TRACE::2025-07-24.17:30:20::SCWPlatform::Trying to open the hw design at /home/call_me_utka/Documents/Projects/aes-ultra96-v2-playground/LED_Blink/design_1_wrapper/hw/design_1_wrapper.xsa
TRACE::2025-07-24.17:30:20::SCWPlatform::DSA given /home/call_me_utka/Documents/Projects/aes-ultra96-v2-playground/LED_Blink/design_1_wrapper/hw/design_1_wrapper.xsa
TRACE::2025-07-24.17:30:20::SCWPlatform::DSA absoulate path /home/call_me_utka/Documents/Projects/aes-ultra96-v2-playground/LED_Blink/design_1_wrapper/hw/design_1_wrapper.xsa
TRACE::2025-07-24.17:30:20::SCWPlatform::DSA directory /home/call_me_utka/Documents/Projects/aes-ultra96-v2-playground/LED_Blink/design_1_wrapper/hw
TRACE::2025-07-24.17:30:20::SCWPlatform:: Platform Path /home/call_me_utka/Documents/Projects/aes-ultra96-v2-playground/LED_Blink/design_1_wrapper/hw/design_1_wrapper.xsa
TRACE::2025-07-24.17:30:20::SCWPlatform:: Unique name xilinx:ultra96v2::0.0
TRACE::2025-07-24.17:30:20::SCWPlatform::Trying to set the existing hwdb with name design_1_wrapper_5
TRACE::2025-07-24.17:30:20::SCWPlatform::Opened existing hwdb design_1_wrapper_5
TRACE::2025-07-24.17:30:20::SCWPlatform::Found the Hw Db part of the input DSA
TRACE::2025-07-24.17:30:20::SCWMssOS::Checking the sw design at  /home/call_me_utka/Documents/Projects/aes-ultra96-v2-playground/LED_Blink/design_1_wrapper/zynqmp_pmufw/zynqmp_pmufw_bsp/system.mss
TRACE::2025-07-24.17:30:20::SCWMssOS::DEBUG:  swdes dump  /home/call_me_utka/Documents/Projects/aes-ultra96-v2-playground/LED_Blink/design_1_wrapper/zynqmp_fsbl/zynqmp_fsbl_bsp/system.mss|system||
/home/call_me_utka/Documents/Projects/aes-ultra96-v2-playground/LED_Blink/design_1_wrapper/zynqmp_pmufw/zynqmp_pmufw_bsp/system.mss|system_0||

TRACE::2025-07-24.17:30:20::SCWMssOS::Sw design exists and opened at  /home/call_me_utka/Documents/Projects/aes-ultra96-v2-playground/LED_Blink/design_1_wrapper/zynqmp_pmufw/zynqmp_pmufw_bsp/system.mss
TRACE::2025-07-24.17:30:20::SCWPlatform::Trying to open the hw design at /home/call_me_utka/Documents/Projects/aes-ultra96-v2-playground/LED_Blink/design_1_wrapper/hw/design_1_wrapper.xsa
TRACE::2025-07-24.17:30:20::SCWPlatform::DSA given /home/call_me_utka/Documents/Projects/aes-ultra96-v2-playground/LED_Blink/design_1_wrapper/hw/design_1_wrapper.xsa
TRACE::2025-07-24.17:30:20::SCWPlatform::DSA absoulate path /home/call_me_utka/Documents/Projects/aes-ultra96-v2-playground/LED_Blink/design_1_wrapper/hw/design_1_wrapper.xsa
TRACE::2025-07-24.17:30:20::SCWPlatform::DSA directory /home/call_me_utka/Documents/Projects/aes-ultra96-v2-playground/LED_Blink/design_1_wrapper/hw
TRACE::2025-07-24.17:30:20::SCWPlatform:: Platform Path /home/call_me_utka/Documents/Projects/aes-ultra96-v2-playground/LED_Blink/design_1_wrapper/hw/design_1_wrapper.xsa
TRACE::2025-07-24.17:30:20::SCWPlatform:: Unique name xilinx:ultra96v2::0.0
TRACE::2025-07-24.17:30:20::SCWPlatform::Trying to set the existing hwdb with name design_1_wrapper_5
TRACE::2025-07-24.17:30:20::SCWPlatform::Opened existing hwdb design_1_wrapper_5
TRACE::2025-07-24.17:30:20::SCWPlatform::Found the Hw Db part of the input DSA
TRACE::2025-07-24.17:30:20::SCWMssOS::Checking the sw design at  /home/call_me_utka/Documents/Projects/aes-ultra96-v2-playground/LED_Blink/design_1_wrapper/zynqmp_pmufw/zynqmp_pmufw_bsp/system.mss
TRACE::2025-07-24.17:30:20::SCWMssOS::DEBUG:  swdes dump  /home/call_me_utka/Documents/Projects/aes-ultra96-v2-playground/LED_Blink/design_1_wrapper/zynqmp_fsbl/zynqmp_fsbl_bsp/system.mss|system||
/home/call_me_utka/Documents/Projects/aes-ultra96-v2-playground/LED_Blink/design_1_wrapper/zynqmp_pmufw/zynqmp_pmufw_bsp/system.mss|system_0||

TRACE::2025-07-24.17:30:20::SCWMssOS::Sw design exists and opened at  /home/call_me_utka/Documents/Projects/aes-ultra96-v2-playground/LED_Blink/design_1_wrapper/zynqmp_pmufw/zynqmp_pmufw_bsp/system.mss
TRACE::2025-07-24.17:30:20::SCWMssOS::Saving the mss changes /home/call_me_utka/Documents/Projects/aes-ultra96-v2-playground/LED_Blink/design_1_wrapper/zynqmp_pmufw/zynqmp_pmufw_bsp/system.mss
TRACE::2025-07-24.17:30:20::SCWMssOS::Found a swdesign opened with the mssfile.
TRACE::2025-07-24.17:30:20::SCWMssOS::Completed writemss as part of save.
TRACE::2025-07-24.17:30:20::SCWMssOS::Commit changes completed.
TRACE::2025-07-24.17:30:20::SCWReader::Adding prebuilt librarypaths as   
TRACE::2025-07-24.17:30:20::SCWReader::Adding prebuilt incpaths  as   
TRACE::2025-07-24.17:30:20::SCWPlatform::Trying to open the hw design at /home/call_me_utka/Documents/Projects/aes-ultra96-v2-playground/LED_Blink/design_1_wrapper/hw/design_1_wrapper.xsa
TRACE::2025-07-24.17:30:20::SCWPlatform::DSA given /home/call_me_utka/Documents/Projects/aes-ultra96-v2-playground/LED_Blink/design_1_wrapper/hw/design_1_wrapper.xsa
TRACE::2025-07-24.17:30:20::SCWPlatform::DSA absoulate path /home/call_me_utka/Documents/Projects/aes-ultra96-v2-playground/LED_Blink/design_1_wrapper/hw/design_1_wrapper.xsa
TRACE::2025-07-24.17:30:20::SCWPlatform::DSA directory /home/call_me_utka/Documents/Projects/aes-ultra96-v2-playground/LED_Blink/design_1_wrapper/hw
TRACE::2025-07-24.17:30:20::SCWPlatform:: Platform Path /home/call_me_utka/Documents/Projects/aes-ultra96-v2-playground/LED_Blink/design_1_wrapper/hw/design_1_wrapper.xsa
TRACE::2025-07-24.17:30:20::SCWPlatform:: Unique name xilinx:ultra96v2::0.0
TRACE::2025-07-24.17:30:20::SCWPlatform::Trying to set the existing hwdb with name design_1_wrapper_5
TRACE::2025-07-24.17:30:20::SCWPlatform::Opened existing hwdb design_1_wrapper_5
TRACE::2025-07-24.17:30:20::SCWPlatform::Found the Hw Db part of the input DSA
TRACE::2025-07-24.17:30:20::SCWMssOS::Checking the sw design at  /home/call_me_utka/Documents/Projects/aes-ultra96-v2-playground/LED_Blink/design_1_wrapper/zynqmp_pmufw/zynqmp_pmufw_bsp/system.mss
TRACE::2025-07-24.17:30:20::SCWMssOS::DEBUG:  swdes dump  /home/call_me_utka/Documents/Projects/aes-ultra96-v2-playground/LED_Blink/design_1_wrapper/zynqmp_fsbl/zynqmp_fsbl_bsp/system.mss|system||
/home/call_me_utka/Documents/Projects/aes-ultra96-v2-playground/LED_Blink/design_1_wrapper/zynqmp_pmufw/zynqmp_pmufw_bsp/system.mss|system_0||

TRACE::2025-07-24.17:30:20::SCWMssOS::Sw design exists and opened at  /home/call_me_utka/Documents/Projects/aes-ultra96-v2-playground/LED_Blink/design_1_wrapper/zynqmp_pmufw/zynqmp_pmufw_bsp/system.mss
TRACE::2025-07-24.17:30:20::SCWReader::No isolation master present  
TRACE::2025-07-24.17:30:20::SCWDomain::checking for install qemu data   : 
TRACE::2025-07-24.17:30:20::SCWDomain:: Using the QEMU Data from install at  : /tools/Xilinx/Vitis/2022.1/data/emulation/platforms/zynqmp/sw/a53_standalone/qemu/
TRACE::2025-07-24.17:30:20::SCWDomain:: Using the QEMU args  from install at  : /tools/Xilinx/Vitis/2022.1/data/emulation/platforms/zynqmp/sw/a53_standalone/qemu/qemu_args.txt
TRACE::2025-07-24.17:30:20::SCWDomain:: Using the PMUQEMU args from install at  : /tools/Xilinx/Vitis/2022.1/data/emulation/platforms/zynqmp/sw/a53_standalone/qemu/pmu_args.txt
TRACE::2025-07-24.17:30:20::SCWPlatform::Trying to open the hw design at /home/call_me_utka/Documents/Projects/aes-ultra96-v2-playground/LED_Blink/design_1_wrapper/hw/design_1_wrapper.xsa
TRACE::2025-07-24.17:30:20::SCWPlatform::DSA given /home/call_me_utka/Documents/Projects/aes-ultra96-v2-playground/LED_Blink/design_1_wrapper/hw/design_1_wrapper.xsa
TRACE::2025-07-24.17:30:20::SCWPlatform::DSA absoulate path /home/call_me_utka/Documents/Projects/aes-ultra96-v2-playground/LED_Blink/design_1_wrapper/hw/design_1_wrapper.xsa
TRACE::2025-07-24.17:30:20::SCWPlatform::DSA directory /home/call_me_utka/Documents/Projects/aes-ultra96-v2-playground/LED_Blink/design_1_wrapper/hw
TRACE::2025-07-24.17:30:20::SCWPlatform:: Platform Path /home/call_me_utka/Documents/Projects/aes-ultra96-v2-playground/LED_Blink/design_1_wrapper/hw/design_1_wrapper.xsa
TRACE::2025-07-24.17:30:20::SCWPlatform:: Unique name xilinx:ultra96v2::0.0
TRACE::2025-07-24.17:30:20::SCWPlatform::Trying to set the existing hwdb with name design_1_wrapper_5
TRACE::2025-07-24.17:30:20::SCWPlatform::Opened existing hwdb design_1_wrapper_5
TRACE::2025-07-24.17:30:20::SCWPlatform::Found the Hw Db part of the input DSA
TRACE::2025-07-24.17:30:20::SCWPlatform::Trying to open the hw design at /home/call_me_utka/Documents/Projects/aes-ultra96-v2-playground/LED_Blink/design_1_wrapper/hw/design_1_wrapper.xsa
TRACE::2025-07-24.17:30:20::SCWPlatform::DSA given /home/call_me_utka/Documents/Projects/aes-ultra96-v2-playground/LED_Blink/design_1_wrapper/hw/design_1_wrapper.xsa
TRACE::2025-07-24.17:30:20::SCWPlatform::DSA absoulate path /home/call_me_utka/Documents/Projects/aes-ultra96-v2-playground/LED_Blink/design_1_wrapper/hw/design_1_wrapper.xsa
TRACE::2025-07-24.17:30:20::SCWPlatform::DSA directory /home/call_me_utka/Documents/Projects/aes-ultra96-v2-playground/LED_Blink/design_1_wrapper/hw
TRACE::2025-07-24.17:30:20::SCWPlatform:: Platform Path /home/call_me_utka/Documents/Projects/aes-ultra96-v2-playground/LED_Blink/design_1_wrapper/hw/design_1_wrapper.xsa
TRACE::2025-07-24.17:30:20::SCWPlatform:: Unique name xilinx:ultra96v2::0.0
TRACE::2025-07-24.17:30:20::SCWPlatform::Trying to set the existing hwdb with name design_1_wrapper_5
TRACE::2025-07-24.17:30:20::SCWPlatform::Opened existing hwdb design_1_wrapper_5
TRACE::2025-07-24.17:30:20::SCWPlatform::Found the Hw Db part of the input DSA
TRACE::2025-07-24.17:30:20::SCWPlatform::Trying to open the hw design at /home/call_me_utka/Documents/Projects/aes-ultra96-v2-playground/LED_Blink/design_1_wrapper/hw/design_1_wrapper.xsa
TRACE::2025-07-24.17:30:20::SCWPlatform::DSA given /home/call_me_utka/Documents/Projects/aes-ultra96-v2-playground/LED_Blink/design_1_wrapper/hw/design_1_wrapper.xsa
TRACE::2025-07-24.17:30:20::SCWPlatform::DSA absoulate path /home/call_me_utka/Documents/Projects/aes-ultra96-v2-playground/LED_Blink/design_1_wrapper/hw/design_1_wrapper.xsa
TRACE::2025-07-24.17:30:20::SCWPlatform::DSA directory /home/call_me_utka/Documents/Projects/aes-ultra96-v2-playground/LED_Blink/design_1_wrapper/hw
TRACE::2025-07-24.17:30:20::SCWPlatform:: Platform Path /home/call_me_utka/Documents/Projects/aes-ultra96-v2-playground/LED_Blink/design_1_wrapper/hw/design_1_wrapper.xsa
TRACE::2025-07-24.17:30:20::SCWPlatform:: Unique name xilinx:ultra96v2::0.0
TRACE::2025-07-24.17:30:20::SCWPlatform::Trying to set the existing hwdb with name design_1_wrapper_5
TRACE::2025-07-24.17:30:20::SCWPlatform::Opened existing hwdb design_1_wrapper_5
TRACE::2025-07-24.17:30:20::SCWPlatform::Found the Hw Db part of the input DSA
TRACE::2025-07-24.17:30:20::SCWMssOS::Checking the sw design at  /home/call_me_utka/Documents/Projects/aes-ultra96-v2-playground/LED_Blink/design_1_wrapper/psu_cortexa53_0/standalone_psu_cortexa53_0/bsp/system.mss
TRACE::2025-07-24.17:30:20::SCWMssOS::DEBUG:  swdes dump  /home/call_me_utka/Documents/Projects/aes-ultra96-v2-playground/LED_Blink/design_1_wrapper/zynqmp_fsbl/zynqmp_fsbl_bsp/system.mss|system||
/home/call_me_utka/Documents/Projects/aes-ultra96-v2-playground/LED_Blink/design_1_wrapper/zynqmp_pmufw/zynqmp_pmufw_bsp/system.mss|system_0||

TRACE::2025-07-24.17:30:20::SCWMssOS::No sw design opened at  /home/call_me_utka/Documents/Projects/aes-ultra96-v2-playground/LED_Blink/design_1_wrapper/psu_cortexa53_0/standalone_psu_cortexa53_0/bsp/system.mss
TRACE::2025-07-24.17:30:20::SCWMssOS::mss exists loading the mss file  /home/call_me_utka/Documents/Projects/aes-ultra96-v2-playground/LED_Blink/design_1_wrapper/psu_cortexa53_0/standalone_psu_cortexa53_0/bsp/system.mss
TRACE::2025-07-24.17:30:20::SCWMssOS::Opened the sw design from mss  /home/call_me_utka/Documents/Projects/aes-ultra96-v2-playground/LED_Blink/design_1_wrapper/psu_cortexa53_0/standalone_psu_cortexa53_0/bsp/system.mss
TRACE::2025-07-24.17:30:20::SCWMssOS::Adding the swdes entry /home/call_me_utka/Documents/Projects/aes-ultra96-v2-playground/LED_Blink/design_1_wrapper/psu_cortexa53_0/standalone_psu_cortexa53_0/bsp/system.mss with des name system_1
TRACE::2025-07-24.17:30:20::SCWMssOS::updating the scw layer about changes
TRACE::2025-07-24.17:30:20::SCWMssOS::Opened the sw design.  /home/call_me_utka/Documents/Projects/aes-ultra96-v2-playground/LED_Blink/design_1_wrapper/psu_cortexa53_0/standalone_psu_cortexa53_0/bsp/system.mss
TRACE::2025-07-24.17:30:20::SCWMssOS::Saving the mss changes /home/call_me_utka/Documents/Projects/aes-ultra96-v2-playground/LED_Blink/design_1_wrapper/psu_cortexa53_0/standalone_psu_cortexa53_0/bsp/system.mss
TRACE::2025-07-24.17:30:20::SCWMssOS::Found a swdesign opened with the mssfile.
TRACE::2025-07-24.17:30:20::SCWMssOS::Completed writemss as part of save.
TRACE::2025-07-24.17:30:20::SCWMssOS::Commit changes completed.
TRACE::2025-07-24.17:30:20::SCWReader::Adding prebuilt librarypaths as   
TRACE::2025-07-24.17:30:20::SCWReader::Adding prebuilt incpaths  as   
TRACE::2025-07-24.17:30:20::SCWPlatform::Trying to open the hw design at /home/call_me_utka/Documents/Projects/aes-ultra96-v2-playground/LED_Blink/design_1_wrapper/hw/design_1_wrapper.xsa
TRACE::2025-07-24.17:30:20::SCWPlatform::DSA given /home/call_me_utka/Documents/Projects/aes-ultra96-v2-playground/LED_Blink/design_1_wrapper/hw/design_1_wrapper.xsa
TRACE::2025-07-24.17:30:20::SCWPlatform::DSA absoulate path /home/call_me_utka/Documents/Projects/aes-ultra96-v2-playground/LED_Blink/design_1_wrapper/hw/design_1_wrapper.xsa
TRACE::2025-07-24.17:30:20::SCWPlatform::DSA directory /home/call_me_utka/Documents/Projects/aes-ultra96-v2-playground/LED_Blink/design_1_wrapper/hw
TRACE::2025-07-24.17:30:20::SCWPlatform:: Platform Path /home/call_me_utka/Documents/Projects/aes-ultra96-v2-playground/LED_Blink/design_1_wrapper/hw/design_1_wrapper.xsa
TRACE::2025-07-24.17:30:20::SCWPlatform:: Unique name xilinx:ultra96v2::0.0
TRACE::2025-07-24.17:30:20::SCWPlatform::Trying to set the existing hwdb with name design_1_wrapper_5
TRACE::2025-07-24.17:30:20::SCWPlatform::Opened existing hwdb design_1_wrapper_5
TRACE::2025-07-24.17:30:20::SCWPlatform::Found the Hw Db part of the input DSA
TRACE::2025-07-24.17:30:20::SCWMssOS::Checking the sw design at  /home/call_me_utka/Documents/Projects/aes-ultra96-v2-playground/LED_Blink/design_1_wrapper/psu_cortexa53_0/standalone_psu_cortexa53_0/bsp/system.mss
TRACE::2025-07-24.17:30:20::SCWMssOS::DEBUG:  swdes dump  /home/call_me_utka/Documents/Projects/aes-ultra96-v2-playground/LED_Blink/design_1_wrapper/psu_cortexa53_0/standalone_psu_cortexa53_0/bsp/system.mss|system_1||
/home/call_me_utka/Documents/Projects/aes-ultra96-v2-playground/LED_Blink/design_1_wrapper/zynqmp_fsbl/zynqmp_fsbl_bsp/system.mss|system||
/home/call_me_utka/Documents/Projects/aes-ultra96-v2-playground/LED_Blink/design_1_wrapper/zynqmp_pmufw/zynqmp_pmufw_bsp/system.mss|system_0||

TRACE::2025-07-24.17:30:20::SCWMssOS::Sw design exists and opened at  /home/call_me_utka/Documents/Projects/aes-ultra96-v2-playground/LED_Blink/design_1_wrapper/psu_cortexa53_0/standalone_psu_cortexa53_0/bsp/system.mss
TRACE::2025-07-24.17:30:20::SCWReader::No isolation master present  
TRACE::2025-07-24.17:30:20::SCWPlatform::Trying to open the hw design at /home/call_me_utka/Documents/Projects/aes-ultra96-v2-playground/LED_Blink/design_1_wrapper/hw/design_1_wrapper.xsa
TRACE::2025-07-24.17:30:20::SCWPlatform::DSA given /home/call_me_utka/Documents/Projects/aes-ultra96-v2-playground/LED_Blink/design_1_wrapper/hw/design_1_wrapper.xsa
TRACE::2025-07-24.17:30:20::SCWPlatform::DSA absoulate path /home/call_me_utka/Documents/Projects/aes-ultra96-v2-playground/LED_Blink/design_1_wrapper/hw/design_1_wrapper.xsa
TRACE::2025-07-24.17:30:20::SCWPlatform::DSA directory /home/call_me_utka/Documents/Projects/aes-ultra96-v2-playground/LED_Blink/design_1_wrapper/hw
TRACE::2025-07-24.17:30:20::SCWPlatform:: Platform Path /home/call_me_utka/Documents/Projects/aes-ultra96-v2-playground/LED_Blink/design_1_wrapper/hw/design_1_wrapper.xsa
TRACE::2025-07-24.17:30:20::SCWPlatform:: Unique name xilinx:ultra96v2::0.0
TRACE::2025-07-24.17:30:20::SCWPlatform::Trying to set the existing hwdb with name design_1_wrapper_5
TRACE::2025-07-24.17:30:20::SCWPlatform::Opened existing hwdb design_1_wrapper_5
TRACE::2025-07-24.17:30:20::SCWPlatform::Found the Hw Db part of the input DSA
TRACE::2025-07-24.17:30:20::SCWMssOS::Checking the sw design at  /home/call_me_utka/Documents/Projects/aes-ultra96-v2-playground/LED_Blink/design_1_wrapper/psu_cortexa53_0/standalone_psu_cortexa53_0/bsp/system.mss
TRACE::2025-07-24.17:30:20::SCWMssOS::DEBUG:  swdes dump  /home/call_me_utka/Documents/Projects/aes-ultra96-v2-playground/LED_Blink/design_1_wrapper/psu_cortexa53_0/standalone_psu_cortexa53_0/bsp/system.mss|system_1||
/home/call_me_utka/Documents/Projects/aes-ultra96-v2-playground/LED_Blink/design_1_wrapper/zynqmp_fsbl/zynqmp_fsbl_bsp/system.mss|system||
/home/call_me_utka/Documents/Projects/aes-ultra96-v2-playground/LED_Blink/design_1_wrapper/zynqmp_pmufw/zynqmp_pmufw_bsp/system.mss|system_0||

TRACE::2025-07-24.17:30:20::SCWMssOS::Sw design exists and opened at  /home/call_me_utka/Documents/Projects/aes-ultra96-v2-playground/LED_Blink/design_1_wrapper/psu_cortexa53_0/standalone_psu_cortexa53_0/bsp/system.mss
TRACE::2025-07-24.17:30:21::SCWMssOS::In reload Mss file.
TRACE::2025-07-24.17:30:21::SCWPlatform::Trying to open the hw design at /home/call_me_utka/Documents/Projects/aes-ultra96-v2-playground/LED_Blink/design_1_wrapper/hw/design_1_wrapper.xsa
TRACE::2025-07-24.17:30:21::SCWPlatform::DSA given /home/call_me_utka/Documents/Projects/aes-ultra96-v2-playground/LED_Blink/design_1_wrapper/hw/design_1_wrapper.xsa
TRACE::2025-07-24.17:30:21::SCWPlatform::DSA absoulate path /home/call_me_utka/Documents/Projects/aes-ultra96-v2-playground/LED_Blink/design_1_wrapper/hw/design_1_wrapper.xsa
TRACE::2025-07-24.17:30:21::SCWPlatform::DSA directory /home/call_me_utka/Documents/Projects/aes-ultra96-v2-playground/LED_Blink/design_1_wrapper/hw
TRACE::2025-07-24.17:30:21::SCWPlatform:: Platform Path /home/call_me_utka/Documents/Projects/aes-ultra96-v2-playground/LED_Blink/design_1_wrapper/hw/design_1_wrapper.xsa
TRACE::2025-07-24.17:30:21::SCWPlatform:: Unique name xilinx:ultra96v2::0.0
TRACE::2025-07-24.17:30:21::SCWPlatform::Trying to set the existing hwdb with name design_1_wrapper_5
TRACE::2025-07-24.17:30:21::SCWPlatform::Opened existing hwdb design_1_wrapper_5
TRACE::2025-07-24.17:30:21::SCWPlatform::Found the Hw Db part of the input DSA
TRACE::2025-07-24.17:30:21::SCWMssOS::Checking the sw design at  /home/call_me_utka/Documents/Projects/aes-ultra96-v2-playground/LED_Blink/design_1_wrapper/psu_cortexa53_0/standalone_psu_cortexa53_0/bsp/system.mss
TRACE::2025-07-24.17:30:21::SCWMssOS::DEBUG:  swdes dump  /home/call_me_utka/Documents/Projects/aes-ultra96-v2-playground/LED_Blink/design_1_wrapper/zynqmp_fsbl/zynqmp_fsbl_bsp/system.mss|system||
/home/call_me_utka/Documents/Projects/aes-ultra96-v2-playground/LED_Blink/design_1_wrapper/zynqmp_pmufw/zynqmp_pmufw_bsp/system.mss|system_0||

TRACE::2025-07-24.17:30:21::SCWMssOS::No sw design opened at  /home/call_me_utka/Documents/Projects/aes-ultra96-v2-playground/LED_Blink/design_1_wrapper/psu_cortexa53_0/standalone_psu_cortexa53_0/bsp/system.mss
TRACE::2025-07-24.17:30:21::SCWMssOS::mss exists loading the mss file  /home/call_me_utka/Documents/Projects/aes-ultra96-v2-playground/LED_Blink/design_1_wrapper/psu_cortexa53_0/standalone_psu_cortexa53_0/bsp/system.mss
TRACE::2025-07-24.17:30:21::SCWMssOS::Opened the sw design from mss  /home/call_me_utka/Documents/Projects/aes-ultra96-v2-playground/LED_Blink/design_1_wrapper/psu_cortexa53_0/standalone_psu_cortexa53_0/bsp/system.mss
TRACE::2025-07-24.17:30:21::SCWMssOS::Adding the swdes entry /home/call_me_utka/Documents/Projects/aes-ultra96-v2-playground/LED_Blink/design_1_wrapper/psu_cortexa53_0/standalone_psu_cortexa53_0/bsp/system.mss with des name system_1
TRACE::2025-07-24.17:30:21::SCWMssOS::updating the scw layer about changes
TRACE::2025-07-24.17:30:21::SCWMssOS::Opened the sw design.  /home/call_me_utka/Documents/Projects/aes-ultra96-v2-playground/LED_Blink/design_1_wrapper/psu_cortexa53_0/standalone_psu_cortexa53_0/bsp/system.mss
TRACE::2025-07-24.17:30:21::SCWMssOS::Saving the mss changes /home/call_me_utka/Documents/Projects/aes-ultra96-v2-playground/LED_Blink/design_1_wrapper/psu_cortexa53_0/standalone_psu_cortexa53_0/bsp/system.mss
TRACE::2025-07-24.17:30:21::SCWMssOS::Found a swdesign opened with the mssfile.
TRACE::2025-07-24.17:30:21::SCWMssOS::Completed writemss as part of save.
TRACE::2025-07-24.17:30:21::SCWMssOS::Commit changes completed.
TRACE::2025-07-24.17:30:21::SCWPlatform::Trying to open the hw design at /home/call_me_utka/Documents/Projects/aes-ultra96-v2-playground/LED_Blink/design_1_wrapper/hw/design_1_wrapper.xsa
TRACE::2025-07-24.17:30:21::SCWPlatform::DSA given /home/call_me_utka/Documents/Projects/aes-ultra96-v2-playground/LED_Blink/design_1_wrapper/hw/design_1_wrapper.xsa
TRACE::2025-07-24.17:30:21::SCWPlatform::DSA absoulate path /home/call_me_utka/Documents/Projects/aes-ultra96-v2-playground/LED_Blink/design_1_wrapper/hw/design_1_wrapper.xsa
TRACE::2025-07-24.17:30:21::SCWPlatform::DSA directory /home/call_me_utka/Documents/Projects/aes-ultra96-v2-playground/LED_Blink/design_1_wrapper/hw
TRACE::2025-07-24.17:30:21::SCWPlatform:: Platform Path /home/call_me_utka/Documents/Projects/aes-ultra96-v2-playground/LED_Blink/design_1_wrapper/hw/design_1_wrapper.xsa
TRACE::2025-07-24.17:30:21::SCWPlatform:: Unique name xilinx:ultra96v2::0.0
TRACE::2025-07-24.17:30:21::SCWPlatform::Trying to set the existing hwdb with name design_1_wrapper_5
TRACE::2025-07-24.17:30:21::SCWPlatform::Opened existing hwdb design_1_wrapper_5
TRACE::2025-07-24.17:30:21::SCWPlatform::Found the Hw Db part of the input DSA
TRACE::2025-07-24.17:30:21::SCWMssOS::Checking the sw design at  /home/call_me_utka/Documents/Projects/aes-ultra96-v2-playground/LED_Blink/design_1_wrapper/psu_cortexa53_0/standalone_psu_cortexa53_0/bsp/system.mss
TRACE::2025-07-24.17:30:21::SCWMssOS::DEBUG:  swdes dump  /home/call_me_utka/Documents/Projects/aes-ultra96-v2-playground/LED_Blink/design_1_wrapper/psu_cortexa53_0/standalone_psu_cortexa53_0/bsp/system.mss|system_1||
/home/call_me_utka/Documents/Projects/aes-ultra96-v2-playground/LED_Blink/design_1_wrapper/zynqmp_fsbl/zynqmp_fsbl_bsp/system.mss|system||
/home/call_me_utka/Documents/Projects/aes-ultra96-v2-playground/LED_Blink/design_1_wrapper/zynqmp_pmufw/zynqmp_pmufw_bsp/system.mss|system_0||

TRACE::2025-07-24.17:30:21::SCWMssOS::Sw design exists and opened at  /home/call_me_utka/Documents/Projects/aes-ultra96-v2-playground/LED_Blink/design_1_wrapper/psu_cortexa53_0/standalone_psu_cortexa53_0/bsp/system.mss
TRACE::2025-07-24.17:30:21::SCWMssOS::Removing the swdes entry for  /home/call_me_utka/Documents/Projects/aes-ultra96-v2-playground/LED_Blink/design_1_wrapper/psu_cortexa53_0/standalone_psu_cortexa53_0/bsp/system.mss
TRACE::2025-07-24.17:30:29::SCWPlatform::Trying to open the hw design at /home/call_me_utka/Documents/Projects/aes-ultra96-v2-playground/LED_Blink/design_1_wrapper/hw/design_1_wrapper.xsa
TRACE::2025-07-24.17:30:29::SCWPlatform::DSA given /home/call_me_utka/Documents/Projects/aes-ultra96-v2-playground/LED_Blink/design_1_wrapper/hw/design_1_wrapper.xsa
TRACE::2025-07-24.17:30:29::SCWPlatform::DSA absoulate path /home/call_me_utka/Documents/Projects/aes-ultra96-v2-playground/LED_Blink/design_1_wrapper/hw/design_1_wrapper.xsa
TRACE::2025-07-24.17:30:29::SCWPlatform::DSA directory /home/call_me_utka/Documents/Projects/aes-ultra96-v2-playground/LED_Blink/design_1_wrapper/hw
TRACE::2025-07-24.17:30:29::SCWPlatform:: Platform Path /home/call_me_utka/Documents/Projects/aes-ultra96-v2-playground/LED_Blink/design_1_wrapper/hw/design_1_wrapper.xsa
TRACE::2025-07-24.17:30:29::SCWPlatform:: Unique name xilinx:ultra96v2::0.0
TRACE::2025-07-24.17:30:29::SCWPlatform::Trying to set the existing hwdb with name design_1_wrapper_5
TRACE::2025-07-24.17:30:29::SCWPlatform::Opened existing hwdb design_1_wrapper_5
TRACE::2025-07-24.17:30:29::SCWPlatform::Found the Hw Db part of the input DSA
TRACE::2025-07-24.17:30:29::SCWMssOS::Checking the sw design at  /home/call_me_utka/Documents/Projects/aes-ultra96-v2-playground/LED_Blink/design_1_wrapper/psu_cortexa53_0/standalone_psu_cortexa53_0/bsp/system.mss
TRACE::2025-07-24.17:30:29::SCWMssOS::DEBUG:  swdes dump  /home/call_me_utka/Documents/Projects/aes-ultra96-v2-playground/LED_Blink/design_1_wrapper/zynqmp_fsbl/zynqmp_fsbl_bsp/system.mss|system||
/home/call_me_utka/Documents/Projects/aes-ultra96-v2-playground/LED_Blink/design_1_wrapper/zynqmp_pmufw/zynqmp_pmufw_bsp/system.mss|system_0||

TRACE::2025-07-24.17:30:29::SCWMssOS::No sw design opened at  /home/call_me_utka/Documents/Projects/aes-ultra96-v2-playground/LED_Blink/design_1_wrapper/psu_cortexa53_0/standalone_psu_cortexa53_0/bsp/system.mss
TRACE::2025-07-24.17:30:29::SCWMssOS::mss exists loading the mss file  /home/call_me_utka/Documents/Projects/aes-ultra96-v2-playground/LED_Blink/design_1_wrapper/psu_cortexa53_0/standalone_psu_cortexa53_0/bsp/system.mss
TRACE::2025-07-24.17:30:29::SCWMssOS::Opened the sw design from mss  /home/call_me_utka/Documents/Projects/aes-ultra96-v2-playground/LED_Blink/design_1_wrapper/psu_cortexa53_0/standalone_psu_cortexa53_0/bsp/system.mss
TRACE::2025-07-24.17:30:29::SCWMssOS::Adding the swdes entry /home/call_me_utka/Documents/Projects/aes-ultra96-v2-playground/LED_Blink/design_1_wrapper/psu_cortexa53_0/standalone_psu_cortexa53_0/bsp/system.mss with des name system_1
TRACE::2025-07-24.17:30:29::SCWMssOS::updating the scw layer about changes
TRACE::2025-07-24.17:30:29::SCWMssOS::Opened the sw design.  /home/call_me_utka/Documents/Projects/aes-ultra96-v2-playground/LED_Blink/design_1_wrapper/psu_cortexa53_0/standalone_psu_cortexa53_0/bsp/system.mss
TRACE::2025-07-24.17:30:35::SCWMssOS::Saving the mss changes /home/call_me_utka/Documents/Projects/aes-ultra96-v2-playground/LED_Blink/design_1_wrapper/zynqmp_fsbl/zynqmp_fsbl_bsp/system.mss
TRACE::2025-07-24.17:30:35::SCWMssOS::Found a swdesign opened with the mssfile.
TRACE::2025-07-24.17:30:35::SCWMssOS::Completed writemss as part of save.
TRACE::2025-07-24.17:30:35::SCWMssOS::Commit changes completed.
TRACE::2025-07-24.17:30:35::SCWMssOS::Saving the mss changes /home/call_me_utka/Documents/Projects/aes-ultra96-v2-playground/LED_Blink/design_1_wrapper/zynqmp_pmufw/zynqmp_pmufw_bsp/system.mss
TRACE::2025-07-24.17:30:35::SCWMssOS::Found a swdesign opened with the mssfile.
TRACE::2025-07-24.17:30:35::SCWMssOS::Completed writemss as part of save.
TRACE::2025-07-24.17:30:35::SCWMssOS::Commit changes completed.
TRACE::2025-07-24.17:30:35::SCWMssOS::Saving the mss changes /home/call_me_utka/Documents/Projects/aes-ultra96-v2-playground/LED_Blink/design_1_wrapper/psu_cortexa53_0/standalone_psu_cortexa53_0/bsp/system.mss
TRACE::2025-07-24.17:30:35::SCWMssOS::Found a swdesign opened with the mssfile.
TRACE::2025-07-24.17:30:35::SCWMssOS::Completed writemss as part of save.
TRACE::2025-07-24.17:30:35::SCWMssOS::Commit changes completed.
TRACE::2025-07-24.17:30:35::SCWPlatform::Trying to open the hw design at /home/call_me_utka/Documents/Projects/aes-ultra96-v2-playground/LED_Blink/design_1_wrapper/hw/design_1_wrapper.xsa
TRACE::2025-07-24.17:30:35::SCWPlatform::DSA given /home/call_me_utka/Documents/Projects/aes-ultra96-v2-playground/LED_Blink/design_1_wrapper/hw/design_1_wrapper.xsa
TRACE::2025-07-24.17:30:35::SCWPlatform::DSA absoulate path /home/call_me_utka/Documents/Projects/aes-ultra96-v2-playground/LED_Blink/design_1_wrapper/hw/design_1_wrapper.xsa
TRACE::2025-07-24.17:30:35::SCWPlatform::DSA directory /home/call_me_utka/Documents/Projects/aes-ultra96-v2-playground/LED_Blink/design_1_wrapper/hw
TRACE::2025-07-24.17:30:35::SCWPlatform:: Platform Path /home/call_me_utka/Documents/Projects/aes-ultra96-v2-playground/LED_Blink/design_1_wrapper/hw/design_1_wrapper.xsa
TRACE::2025-07-24.17:30:35::SCWPlatform:: Unique name xilinx:ultra96v2::0.0
TRACE::2025-07-24.17:30:35::SCWPlatform::Trying to set the existing hwdb with name design_1_wrapper_5
TRACE::2025-07-24.17:30:35::SCWPlatform::Opened existing hwdb design_1_wrapper_5
TRACE::2025-07-24.17:30:35::SCWPlatform::Found the Hw Db part of the input DSA
TRACE::2025-07-24.17:30:35::SCWMssOS::Checking the sw design at  /home/call_me_utka/Documents/Projects/aes-ultra96-v2-playground/LED_Blink/design_1_wrapper/zynqmp_fsbl/zynqmp_fsbl_bsp/system.mss
TRACE::2025-07-24.17:30:35::SCWMssOS::DEBUG:  swdes dump  /home/call_me_utka/Documents/Projects/aes-ultra96-v2-playground/LED_Blink/design_1_wrapper/psu_cortexa53_0/standalone_psu_cortexa53_0/bsp/system.mss|system_1||
/home/call_me_utka/Documents/Projects/aes-ultra96-v2-playground/LED_Blink/design_1_wrapper/zynqmp_fsbl/zynqmp_fsbl_bsp/system.mss|system||
/home/call_me_utka/Documents/Projects/aes-ultra96-v2-playground/LED_Blink/design_1_wrapper/zynqmp_pmufw/zynqmp_pmufw_bsp/system.mss|system_0||

TRACE::2025-07-24.17:30:35::SCWMssOS::Sw design exists and opened at  /home/call_me_utka/Documents/Projects/aes-ultra96-v2-playground/LED_Blink/design_1_wrapper/zynqmp_fsbl/zynqmp_fsbl_bsp/system.mss
TRACE::2025-07-24.17:30:35::SCWPlatform::Trying to open the hw design at /home/call_me_utka/Documents/Projects/aes-ultra96-v2-playground/LED_Blink/design_1_wrapper/hw/design_1_wrapper.xsa
TRACE::2025-07-24.17:30:35::SCWPlatform::DSA given /home/call_me_utka/Documents/Projects/aes-ultra96-v2-playground/LED_Blink/design_1_wrapper/hw/design_1_wrapper.xsa
TRACE::2025-07-24.17:30:35::SCWPlatform::DSA absoulate path /home/call_me_utka/Documents/Projects/aes-ultra96-v2-playground/LED_Blink/design_1_wrapper/hw/design_1_wrapper.xsa
TRACE::2025-07-24.17:30:35::SCWPlatform::DSA directory /home/call_me_utka/Documents/Projects/aes-ultra96-v2-playground/LED_Blink/design_1_wrapper/hw
TRACE::2025-07-24.17:30:35::SCWPlatform:: Platform Path /home/call_me_utka/Documents/Projects/aes-ultra96-v2-playground/LED_Blink/design_1_wrapper/hw/design_1_wrapper.xsa
TRACE::2025-07-24.17:30:35::SCWPlatform:: Unique name xilinx:ultra96v2::0.0
TRACE::2025-07-24.17:30:35::SCWPlatform::Trying to set the existing hwdb with name design_1_wrapper_5
TRACE::2025-07-24.17:30:35::SCWPlatform::Opened existing hwdb design_1_wrapper_5
TRACE::2025-07-24.17:30:35::SCWPlatform::Found the Hw Db part of the input DSA
TRACE::2025-07-24.17:30:35::SCWMssOS::Checking the sw design at  /home/call_me_utka/Documents/Projects/aes-ultra96-v2-playground/LED_Blink/design_1_wrapper/zynqmp_pmufw/zynqmp_pmufw_bsp/system.mss
TRACE::2025-07-24.17:30:35::SCWMssOS::DEBUG:  swdes dump  /home/call_me_utka/Documents/Projects/aes-ultra96-v2-playground/LED_Blink/design_1_wrapper/psu_cortexa53_0/standalone_psu_cortexa53_0/bsp/system.mss|system_1||
/home/call_me_utka/Documents/Projects/aes-ultra96-v2-playground/LED_Blink/design_1_wrapper/zynqmp_fsbl/zynqmp_fsbl_bsp/system.mss|system||
/home/call_me_utka/Documents/Projects/aes-ultra96-v2-playground/LED_Blink/design_1_wrapper/zynqmp_pmufw/zynqmp_pmufw_bsp/system.mss|system_0||

TRACE::2025-07-24.17:30:35::SCWMssOS::Sw design exists and opened at  /home/call_me_utka/Documents/Projects/aes-ultra96-v2-playground/LED_Blink/design_1_wrapper/zynqmp_pmufw/zynqmp_pmufw_bsp/system.mss
TRACE::2025-07-24.17:30:35::SCWPlatform::Trying to open the hw design at /home/call_me_utka/Documents/Projects/aes-ultra96-v2-playground/LED_Blink/design_1_wrapper/hw/design_1_wrapper.xsa
TRACE::2025-07-24.17:30:35::SCWPlatform::DSA given /home/call_me_utka/Documents/Projects/aes-ultra96-v2-playground/LED_Blink/design_1_wrapper/hw/design_1_wrapper.xsa
TRACE::2025-07-24.17:30:35::SCWPlatform::DSA absoulate path /home/call_me_utka/Documents/Projects/aes-ultra96-v2-playground/LED_Blink/design_1_wrapper/hw/design_1_wrapper.xsa
TRACE::2025-07-24.17:30:35::SCWPlatform::DSA directory /home/call_me_utka/Documents/Projects/aes-ultra96-v2-playground/LED_Blink/design_1_wrapper/hw
TRACE::2025-07-24.17:30:35::SCWPlatform:: Platform Path /home/call_me_utka/Documents/Projects/aes-ultra96-v2-playground/LED_Blink/design_1_wrapper/hw/design_1_wrapper.xsa
TRACE::2025-07-24.17:30:35::SCWPlatform:: Unique name xilinx:ultra96v2::0.0
TRACE::2025-07-24.17:30:35::SCWPlatform::Trying to set the existing hwdb with name design_1_wrapper_5
TRACE::2025-07-24.17:30:35::SCWPlatform::Opened existing hwdb design_1_wrapper_5
TRACE::2025-07-24.17:30:35::SCWPlatform::Found the Hw Db part of the input DSA
TRACE::2025-07-24.17:30:35::SCWMssOS::Checking the sw design at  /home/call_me_utka/Documents/Projects/aes-ultra96-v2-playground/LED_Blink/design_1_wrapper/psu_cortexa53_0/standalone_psu_cortexa53_0/bsp/system.mss
TRACE::2025-07-24.17:30:35::SCWMssOS::DEBUG:  swdes dump  /home/call_me_utka/Documents/Projects/aes-ultra96-v2-playground/LED_Blink/design_1_wrapper/psu_cortexa53_0/standalone_psu_cortexa53_0/bsp/system.mss|system_1||
/home/call_me_utka/Documents/Projects/aes-ultra96-v2-playground/LED_Blink/design_1_wrapper/zynqmp_fsbl/zynqmp_fsbl_bsp/system.mss|system||
/home/call_me_utka/Documents/Projects/aes-ultra96-v2-playground/LED_Blink/design_1_wrapper/zynqmp_pmufw/zynqmp_pmufw_bsp/system.mss|system_0||

TRACE::2025-07-24.17:30:35::SCWMssOS::Sw design exists and opened at  /home/call_me_utka/Documents/Projects/aes-ultra96-v2-playground/LED_Blink/design_1_wrapper/psu_cortexa53_0/standalone_psu_cortexa53_0/bsp/system.mss
TRACE::2025-07-24.17:30:35::SCWWriter::formatted JSON is {
	"platformName":	"design_1_wrapper",
	"sprVersion":	"2.0",
	"mode":	"gui",
	"dsaType":	"Fixed",
	"platformDesc":	"design_1_wrapper",
	"platHandOff":	"/home/call_me_utka/Documents/Projects/aes-ultra96-v2-playground/Custom_IP/design_1_wrapper.xsa",
	"platIntHandOff":	"<platformDir>/hw/design_1_wrapper.xsa",
	"deviceType":	"zynqMP",
	"platIsPrebuiltAutogen":	"false",
	"platIsNoBootBsp":	"false",
	"platFsblTarget":	"psu_cortexa53_0",
	"hasFsblMakeHasChanges":	"false",
	"hasPmufwMakeHasChanges":	"false",
	"fsblExtraCompilerFlags":	"-MMD -MP      -Wall -fmessage-length=0 -DARMA53_64 -Os -flto -ffat-lto-objects  ",
	"pmufwExtraCompilerFlags":	"-MMD -MP      -mlittle-endian -mxl-barrel-shift -mxl-pattern-compare -mcpu=v9.2 -mxl-soft-mul -Os -flto -ffat-lto-objects  ",
	"platPreBuiltFlag":	false,
	"platformSamplesDir":	"",
	"platActiveSys":	"design_1_wrapper",
	"systems":	[{
			"systemName":	"design_1_wrapper",
			"systemDesc":	"design_1_wrapper",
			"sysIsBootAutoGen":	"true",
			"systemDispName":	"design_1_wrapper",
			"sysActiveDom":	"standalone_psu_cortexa53_0",
			"sysDefaultDom":	"standalone_psu_cortexa53_0",
			"domains":	[{
					"domainName":	"zynqmp_fsbl",
					"domainDispName":	"zynqmp_fsbl",
					"domainDesc":	"FSBL Application BSP - Auto Generated.",
					"processors":	"psu_cortexa53_0",
					"os":	"standalone",
					"sdxOs":	"standalone",
					"debugEnable":	"",
					"domRuntimes":	["cpp"],
					"swRepo":	"",
					"mssOsVer":	"7.7",
					"mssFile":	"",
					"md5Digest":	"aa376723b3fc27c4732a5c93a0b64950",
					"compatibleApp":	"zynqmp_fsbl",
					"domType":	"bootDomain",
					"arch":	"64-bit",
					"appSettings":	{
						"appCompilerFlags":	"",
						"appLinkerFlags":	""
					},
					"addedLibs":	["xilffs:4.7", "xilsecure:4.7", "xilpm:4.0"],
					"libOptions":	{
						"standalone":	{
							"zynqmp_fsbl_bsp":	"true",
							"libOptionNames":	["zynqmp_fsbl_bsp"]
						},
						"xilffs":	{
							"read_only":	"true",
							"use_mkfs":	"false",
							"libOptionNames":	["read_only", "use_mkfs"]
						},
						"xilsecure":	{
							"tpm_support":	"true",
							"libOptionNames":	["tpm_support"]
						},
						"libsContainingOptions":	["standalone", "xilffs", "xilsecure"]
					},
					"prebuiltLibs":	{
						"prebuiltIncPath":	[],
						"prebuiltLibPath":	[]
					},
					"isolation":	{
					}
				}, {
					"domainName":	"zynqmp_pmufw",
					"domainDispName":	"zynqmp_pmufw",
					"domainDesc":	"PMUFW Application BSP - Auto Generated.",
					"processors":	"psu_pmu_0",
					"os":	"standalone",
					"sdxOs":	"standalone",
					"debugEnable":	"",
					"domRuntimes":	["cpp"],
					"swRepo":	"",
					"mssOsVer":	"7.7",
					"mssFile":	"",
					"md5Digest":	"74f37d2df90ed5543bc2becd26dc4eb2",
					"compatibleApp":	"zynqmp_pmufw",
					"domType":	"bootDomain",
					"arch":	"32-bit",
					"appSettings":	{
						"appCompilerFlags":	"",
						"appLinkerFlags":	""
					},
					"addedLibs":	["xilfpga:6.2", "xilsecure:4.7", "xilskey:7.3"],
					"libOptions":	{
						"psu_pmu_0":	{
							"extra_compiler_flags":	"-g -ffunction-sections -fdata-sections -Wall -Wextra -fno-tree-loop-distribute-patterns  -Os -flto -ffat-lto-objects",
							"libOptionNames":	["extra_compiler_flags"]
						},
						"libsContainingOptions":	["psu_pmu_0"]
					},
					"prebuiltLibs":	{
						"prebuiltIncPath":	[],
						"prebuiltLibPath":	[]
					},
					"isolation":	{
					}
				}, {
					"domainName":	"standalone_psu_cortexa53_0",
					"domainDispName":	"standalone_psu_cortexa53_0",
					"domainDesc":	"standalone_psu_cortexa53_0",
					"processors":	"psu_cortexa53_0",
					"os":	"standalone",
					"sdxOs":	"standalone",
					"qemuArgs":	"<platformDir>/resources/design_1_wrapper/standalone_psu_cortexa53_0/qemu_args.txt",
					"qemuData":	"<platformDir>/resources/design_1_wrapper/standalone_psu_cortexa53_0/qemu",
					"pmuQemuArgs":	"<platformDir>/resources/design_1_wrapper/standalone_psu_cortexa53_0/pmu_args.txt",
					"debugEnable":	"False",
					"domRuntimes":	["cpp"],
					"swRepo":	"",
					"mssOsVer":	"7.7",
					"mssFile":	"",
					"md5Digest":	"8b736d9b4ee00eff11c2536082f6b570",
					"compatibleApp":	"",
					"domType":	"mssDomain",
					"arch":	"64-bit",
					"appSettings":	{
						"appCompilerFlags":	"",
						"appLinkerFlags":	""
					},
					"addedLibs":	[],
					"libOptions":	{
						"libsContainingOptions":	[]
					},
					"prebuiltLibs":	{
						"prebuiltIncPath":	[],
						"prebuiltLibPath":	[]
					},
					"isolation":	{
					}
				}]
		}]
}
TRACE::2025-07-24.17:30:35::SCWMssOS::Saving the mss changes /home/call_me_utka/Documents/Projects/aes-ultra96-v2-playground/LED_Blink/design_1_wrapper/psu_cortexa53_0/standalone_psu_cortexa53_0/bsp/system.mss
TRACE::2025-07-24.17:30:35::SCWMssOS::Found a swdesign opened with the mssfile.
TRACE::2025-07-24.17:30:35::SCWMssOS::Completed writemss as part of save.
TRACE::2025-07-24.17:30:35::SCWMssOS::Commit changes completed.
TRACE::2025-07-24.17:30:35::SCWPlatform::Trying to open the hw design at /home/call_me_utka/Documents/Projects/aes-ultra96-v2-playground/LED_Blink/design_1_wrapper/hw/design_1_wrapper.xsa
TRACE::2025-07-24.17:30:35::SCWPlatform::DSA given /home/call_me_utka/Documents/Projects/aes-ultra96-v2-playground/LED_Blink/design_1_wrapper/hw/design_1_wrapper.xsa
TRACE::2025-07-24.17:30:35::SCWPlatform::DSA absoulate path /home/call_me_utka/Documents/Projects/aes-ultra96-v2-playground/LED_Blink/design_1_wrapper/hw/design_1_wrapper.xsa
TRACE::2025-07-24.17:30:35::SCWPlatform::DSA directory /home/call_me_utka/Documents/Projects/aes-ultra96-v2-playground/LED_Blink/design_1_wrapper/hw
TRACE::2025-07-24.17:30:35::SCWPlatform:: Platform Path /home/call_me_utka/Documents/Projects/aes-ultra96-v2-playground/LED_Blink/design_1_wrapper/hw/design_1_wrapper.xsa
TRACE::2025-07-24.17:30:35::SCWPlatform:: Unique name xilinx:ultra96v2::0.0
TRACE::2025-07-24.17:30:35::SCWPlatform::Trying to set the existing hwdb with name design_1_wrapper_5
TRACE::2025-07-24.17:30:35::SCWPlatform::Opened existing hwdb design_1_wrapper_5
TRACE::2025-07-24.17:30:35::SCWPlatform::Found the Hw Db part of the input DSA
TRACE::2025-07-24.17:30:35::SCWMssOS::Checking the sw design at  /home/call_me_utka/Documents/Projects/aes-ultra96-v2-playground/LED_Blink/design_1_wrapper/psu_cortexa53_0/standalone_psu_cortexa53_0/bsp/system.mss
TRACE::2025-07-24.17:30:35::SCWMssOS::DEBUG:  swdes dump  /home/call_me_utka/Documents/Projects/aes-ultra96-v2-playground/LED_Blink/design_1_wrapper/psu_cortexa53_0/standalone_psu_cortexa53_0/bsp/system.mss|system_1||
/home/call_me_utka/Documents/Projects/aes-ultra96-v2-playground/LED_Blink/design_1_wrapper/zynqmp_fsbl/zynqmp_fsbl_bsp/system.mss|system||
/home/call_me_utka/Documents/Projects/aes-ultra96-v2-playground/LED_Blink/design_1_wrapper/zynqmp_pmufw/zynqmp_pmufw_bsp/system.mss|system_0||

TRACE::2025-07-24.17:30:35::SCWMssOS::Sw design exists and opened at  /home/call_me_utka/Documents/Projects/aes-ultra96-v2-playground/LED_Blink/design_1_wrapper/psu_cortexa53_0/standalone_psu_cortexa53_0/bsp/system.mss
TRACE::2025-07-24.17:30:35::SCWMssOS::Removing the swdes entry for  /home/call_me_utka/Documents/Projects/aes-ultra96-v2-playground/LED_Blink/design_1_wrapper/psu_cortexa53_0/standalone_psu_cortexa53_0/bsp/system.mss
LOG::2025-07-24.17:30:46::SCWPlatform::Started generating the artifacts platform design_1_wrapper
TRACE::2025-07-24.17:30:46::SCWPlatform::Sanity checking of platform is completed
LOG::2025-07-24.17:30:46::SCWPlatform::Started generating the artifacts for system configuration design_1_wrapper
LOG::2025-07-24.17:30:46::SCWSystem::Checking the domain zynqmp_fsbl
LOG::2025-07-24.17:30:46::SCWSystem::Doing application build for :  zynqmp_fsbl
TRACE::2025-07-24.17:30:46::SCWBDomain::Not a forced makefile updation, No changes are present. 
TRACE::2025-07-24.17:30:46::SCWDomain::Building the domain as part of full build :  zynqmp_fsbl
TRACE::2025-07-24.17:30:46::SCWPlatform::Trying to open the hw design at /home/call_me_utka/Documents/Projects/aes-ultra96-v2-playground/LED_Blink/design_1_wrapper/hw/design_1_wrapper.xsa
TRACE::2025-07-24.17:30:46::SCWPlatform::DSA given /home/call_me_utka/Documents/Projects/aes-ultra96-v2-playground/LED_Blink/design_1_wrapper/hw/design_1_wrapper.xsa
TRACE::2025-07-24.17:30:46::SCWPlatform::DSA absoulate path /home/call_me_utka/Documents/Projects/aes-ultra96-v2-playground/LED_Blink/design_1_wrapper/hw/design_1_wrapper.xsa
TRACE::2025-07-24.17:30:46::SCWPlatform::DSA directory /home/call_me_utka/Documents/Projects/aes-ultra96-v2-playground/LED_Blink/design_1_wrapper/hw
TRACE::2025-07-24.17:30:46::SCWPlatform:: Platform Path /home/call_me_utka/Documents/Projects/aes-ultra96-v2-playground/LED_Blink/design_1_wrapper/hw/design_1_wrapper.xsa
TRACE::2025-07-24.17:30:46::SCWPlatform:: Unique name xilinx:ultra96v2::0.0
TRACE::2025-07-24.17:30:46::SCWPlatform::Trying to set the existing hwdb with name design_1_wrapper_5
TRACE::2025-07-24.17:30:46::SCWPlatform::Opened existing hwdb design_1_wrapper_5
TRACE::2025-07-24.17:30:46::SCWPlatform::Found the Hw Db part of the input DSA
TRACE::2025-07-24.17:30:46::SCWMssOS::Checking the sw design at  /home/call_me_utka/Documents/Projects/aes-ultra96-v2-playground/LED_Blink/design_1_wrapper/zynqmp_fsbl/zynqmp_fsbl_bsp/system.mss
TRACE::2025-07-24.17:30:46::SCWMssOS::DEBUG:  swdes dump  /home/call_me_utka/Documents/Projects/aes-ultra96-v2-playground/LED_Blink/design_1_wrapper/zynqmp_fsbl/zynqmp_fsbl_bsp/system.mss|system||
/home/call_me_utka/Documents/Projects/aes-ultra96-v2-playground/LED_Blink/design_1_wrapper/zynqmp_pmufw/zynqmp_pmufw_bsp/system.mss|system_0||

TRACE::2025-07-24.17:30:46::SCWMssOS::Sw design exists and opened at  /home/call_me_utka/Documents/Projects/aes-ultra96-v2-playground/LED_Blink/design_1_wrapper/zynqmp_fsbl/zynqmp_fsbl_bsp/system.mss
TRACE::2025-07-24.17:30:46::SCWBDomain::Completed writing the mss file at /home/call_me_utka/Documents/Projects/aes-ultra96-v2-playground/LED_Blink/design_1_wrapper/zynqmp_fsbl/zynqmp_fsbl_bsp
TRACE::2025-07-24.17:30:46::SCWBDomain::bsp generated is upto date with the mss file. Skipping bsp generation.
TRACE::2025-07-24.17:30:46::SCWBDomain::Not a forced makefile updation, No changes are present. 
TRACE::2025-07-24.17:30:46::SCWBDomain::System Command Ran  cd  /home/call_me_utka/Documents/Projects/aes-ultra96-v2-playground/LED_Blink/design_1_wrapper/zynqmp_fsbl ; bash -c " make -C zynqmp_fsbl_bsp ; make  " 
TRACE::2025-07-24.17:30:46::SCWBDomain::make: Entering directory '/home/call_me_utka/Documents/Projects/aes-ultra96-v2-playground/LED_Blink/design_1_wrapper/zynqmp_fsb
TRACE::2025-07-24.17:30:46::SCWBDomain::l/zynqmp_fsbl_bsp'

TRACE::2025-07-24.17:30:46::SCWBDomain::make --no-print-directory seq_libs

TRACE::2025-07-24.17:30:46::SCWBDomain::Running Make include in psu_cortexa53_0/libsrc/avbuf_v2_5/src

TRACE::2025-07-24.17:30:46::SCWBDomain::make -C psu_cortexa53_0/libsrc/avbuf_v2_5/src -s include  "SHELL=/bin/sh" "COMPILER=aarch64-none-elf-gcc" "ASSEMBLER=aarch64-no
TRACE::2025-07-24.17:30:46::SCWBDomain::ne-elf-as" "ARCHIVER=aarch64-none-elf-ar" "COMPILER_FLAGS=  -c" "EXTRA_COMPILER_FLAGS=-g -Wall -Wextra -fno-tree-loop-distribut
TRACE::2025-07-24.17:30:46::SCWBDomain::e-patterns -Os -flto -ffat-lto-objects"

TRACE::2025-07-24.17:30:46::SCWBDomain::Running Make include in psu_cortexa53_0/libsrc/axipmon_v6_9/src

TRACE::2025-07-24.17:30:46::SCWBDomain::make -C psu_cortexa53_0/libsrc/axipmon_v6_9/src -s include  "SHELL=/bin/sh" "COMPILER=aarch64-none-elf-gcc" "ASSEMBLER=aarch64-
TRACE::2025-07-24.17:30:46::SCWBDomain::none-elf-as" "ARCHIVER=aarch64-none-elf-ar" "COMPILER_FLAGS=  -c" "EXTRA_COMPILER_FLAGS=-g -Wall -Wextra -fno-tree-loop-distrib
TRACE::2025-07-24.17:30:46::SCWBDomain::ute-patterns -Os -flto -ffat-lto-objects"

TRACE::2025-07-24.17:30:46::SCWBDomain::Running Make include in psu_cortexa53_0/libsrc/clockps_v1_4/src

TRACE::2025-07-24.17:30:46::SCWBDomain::make -C psu_cortexa53_0/libsrc/clockps_v1_4/src -s include  "SHELL=/bin/sh" "COMPILER=aarch64-none-elf-gcc" "ASSEMBLER=aarch64-
TRACE::2025-07-24.17:30:46::SCWBDomain::none-elf-as" "ARCHIVER=aarch64-none-elf-ar" "COMPILER_FLAGS=  -c" "EXTRA_COMPILER_FLAGS=-g -Wall -Wextra -fno-tree-loop-distrib
TRACE::2025-07-24.17:30:46::SCWBDomain::ute-patterns -Os -flto -ffat-lto-objects"

TRACE::2025-07-24.17:30:46::SCWBDomain::Running Make include in psu_cortexa53_0/libsrc/coresightps_dcc_v1_8/src

TRACE::2025-07-24.17:30:46::SCWBDomain::make -C psu_cortexa53_0/libsrc/coresightps_dcc_v1_8/src -s include  "SHELL=/bin/sh" "COMPILER=aarch64-none-elf-gcc" "ASSEMBLER=
TRACE::2025-07-24.17:30:46::SCWBDomain::aarch64-none-elf-as" "ARCHIVER=aarch64-none-elf-ar" "COMPILER_FLAGS=  -c" "EXTRA_COMPILER_FLAGS=-g -Wall -Wextra -fno-tree-loop
TRACE::2025-07-24.17:30:46::SCWBDomain::-distribute-patterns -Os -flto -ffat-lto-objects"

TRACE::2025-07-24.17:30:46::SCWBDomain::Running Make include in psu_cortexa53_0/libsrc/cpu_cortexa53_v2_0/src

TRACE::2025-07-24.17:30:46::SCWBDomain::make -C psu_cortexa53_0/libsrc/cpu_cortexa53_v2_0/src -s include  "SHELL=/bin/sh" "COMPILER=aarch64-none-elf-gcc" "ASSEMBLER=aa
TRACE::2025-07-24.17:30:46::SCWBDomain::rch64-none-elf-as" "ARCHIVER=aarch64-none-elf-ar" "COMPILER_FLAGS=  -c" "EXTRA_COMPILER_FLAGS=-g -Wall -Wextra -fno-tree-loop-d
TRACE::2025-07-24.17:30:46::SCWBDomain::istribute-patterns -Os -flto -ffat-lto-objects"

TRACE::2025-07-24.17:30:46::SCWBDomain::Running Make include in psu_cortexa53_0/libsrc/csudma_v1_11/src

TRACE::2025-07-24.17:30:46::SCWBDomain::make -C psu_cortexa53_0/libsrc/csudma_v1_11/src -s include  "SHELL=/bin/sh" "COMPILER=aarch64-none-elf-gcc" "ASSEMBLER=aarch64-
TRACE::2025-07-24.17:30:46::SCWBDomain::none-elf-as" "ARCHIVER=aarch64-none-elf-ar" "COMPILER_FLAGS=  -c" "EXTRA_COMPILER_FLAGS=-g -Wall -Wextra -fno-tree-loop-distrib
TRACE::2025-07-24.17:30:46::SCWBDomain::ute-patterns -Os -flto -ffat-lto-objects"

TRACE::2025-07-24.17:30:46::SCWBDomain::Running Make include in psu_cortexa53_0/libsrc/ddrcpsu_v1_4/src

TRACE::2025-07-24.17:30:46::SCWBDomain::make -C psu_cortexa53_0/libsrc/ddrcpsu_v1_4/src -s include  "SHELL=/bin/sh" "COMPILER=aarch64-none-elf-gcc" "ASSEMBLER=aarch64-
TRACE::2025-07-24.17:30:46::SCWBDomain::none-elf-as" "ARCHIVER=aarch64-none-elf-ar" "COMPILER_FLAGS=  -c" "EXTRA_COMPILER_FLAGS=-g -Wall -Wextra -fno-tree-loop-distrib
TRACE::2025-07-24.17:30:46::SCWBDomain::ute-patterns -Os -flto -ffat-lto-objects"

TRACE::2025-07-24.17:30:46::SCWBDomain::Running Make include in psu_cortexa53_0/libsrc/dpdma_v1_4/src

TRACE::2025-07-24.17:30:46::SCWBDomain::make -C psu_cortexa53_0/libsrc/dpdma_v1_4/src -s include  "SHELL=/bin/sh" "COMPILER=aarch64-none-elf-gcc" "ASSEMBLER=aarch64-no
TRACE::2025-07-24.17:30:46::SCWBDomain::ne-elf-as" "ARCHIVER=aarch64-none-elf-ar" "COMPILER_FLAGS=  -c" "EXTRA_COMPILER_FLAGS=-g -Wall -Wextra -fno-tree-loop-distribut
TRACE::2025-07-24.17:30:46::SCWBDomain::e-patterns -Os -flto -ffat-lto-objects"

TRACE::2025-07-24.17:30:46::SCWBDomain::Running Make include in psu_cortexa53_0/libsrc/dppsu_v1_6/src

TRACE::2025-07-24.17:30:46::SCWBDomain::make -C psu_cortexa53_0/libsrc/dppsu_v1_6/src -s include  "SHELL=/bin/sh" "COMPILER=aarch64-none-elf-gcc" "ASSEMBLER=aarch64-no
TRACE::2025-07-24.17:30:46::SCWBDomain::ne-elf-as" "ARCHIVER=aarch64-none-elf-ar" "COMPILER_FLAGS=  -c" "EXTRA_COMPILER_FLAGS=-g -Wall -Wextra -fno-tree-loop-distribut
TRACE::2025-07-24.17:30:46::SCWBDomain::e-patterns -Os -flto -ffat-lto-objects"

TRACE::2025-07-24.17:30:46::SCWBDomain::Running Make include in psu_cortexa53_0/libsrc/gpiops_v3_9/src

TRACE::2025-07-24.17:30:46::SCWBDomain::make -C psu_cortexa53_0/libsrc/gpiops_v3_9/src -s include  "SHELL=/bin/sh" "COMPILER=aarch64-none-elf-gcc" "ASSEMBLER=aarch64-n
TRACE::2025-07-24.17:30:46::SCWBDomain::one-elf-as" "ARCHIVER=aarch64-none-elf-ar" "COMPILER_FLAGS=  -c" "EXTRA_COMPILER_FLAGS=-g -Wall -Wextra -fno-tree-loop-distribu
TRACE::2025-07-24.17:30:46::SCWBDomain::te-patterns -Os -flto -ffat-lto-objects"

TRACE::2025-07-24.17:30:46::SCWBDomain::Running Make include in psu_cortexa53_0/libsrc/iicps_v3_15/src

TRACE::2025-07-24.17:30:46::SCWBDomain::make -C psu_cortexa53_0/libsrc/iicps_v3_15/src -s include  "SHELL=/bin/sh" "COMPILER=aarch64-none-elf-gcc" "ASSEMBLER=aarch64-n
TRACE::2025-07-24.17:30:46::SCWBDomain::one-elf-as" "ARCHIVER=aarch64-none-elf-ar" "COMPILER_FLAGS=  -c" "EXTRA_COMPILER_FLAGS=-g -Wall -Wextra -fno-tree-loop-distribu
TRACE::2025-07-24.17:30:46::SCWBDomain::te-patterns -Os -flto -ffat-lto-objects"

TRACE::2025-07-24.17:30:46::SCWBDomain::Running Make include in psu_cortexa53_0/libsrc/ipipsu_v2_11/src

TRACE::2025-07-24.17:30:46::SCWBDomain::make -C psu_cortexa53_0/libsrc/ipipsu_v2_11/src -s include  "SHELL=/bin/sh" "COMPILER=aarch64-none-elf-gcc" "ASSEMBLER=aarch64-
TRACE::2025-07-24.17:30:46::SCWBDomain::none-elf-as" "ARCHIVER=aarch64-none-elf-ar" "COMPILER_FLAGS=  -c" "EXTRA_COMPILER_FLAGS=-g -Wall -Wextra -fno-tree-loop-distrib
TRACE::2025-07-24.17:30:46::SCWBDomain::ute-patterns -Os -flto -ffat-lto-objects"

TRACE::2025-07-24.17:30:46::SCWBDomain::Running Make include in psu_cortexa53_0/libsrc/resetps_v1_5/src

TRACE::2025-07-24.17:30:46::SCWBDomain::make -C psu_cortexa53_0/libsrc/resetps_v1_5/src -s include  "SHELL=/bin/sh" "COMPILER=aarch64-none-elf-gcc" "ASSEMBLER=aarch64-
TRACE::2025-07-24.17:30:46::SCWBDomain::none-elf-as" "ARCHIVER=aarch64-none-elf-ar" "COMPILER_FLAGS=  -c" "EXTRA_COMPILER_FLAGS=-g -Wall -Wextra -fno-tree-loop-distrib
TRACE::2025-07-24.17:30:46::SCWBDomain::ute-patterns -Os -flto -ffat-lto-objects"

TRACE::2025-07-24.17:30:46::SCWBDomain::Running Make include in psu_cortexa53_0/libsrc/rtcpsu_v1_11/src

TRACE::2025-07-24.17:30:46::SCWBDomain::make -C psu_cortexa53_0/libsrc/rtcpsu_v1_11/src -s include  "SHELL=/bin/sh" "COMPILER=aarch64-none-elf-gcc" "ASSEMBLER=aarch64-
TRACE::2025-07-24.17:30:46::SCWBDomain::none-elf-as" "ARCHIVER=aarch64-none-elf-ar" "COMPILER_FLAGS=  -c" "EXTRA_COMPILER_FLAGS=-g -Wall -Wextra -fno-tree-loop-distrib
TRACE::2025-07-24.17:30:46::SCWBDomain::ute-patterns -Os -flto -ffat-lto-objects"

TRACE::2025-07-24.17:30:46::SCWBDomain::Running Make include in psu_cortexa53_0/libsrc/scugic_v4_7/src

TRACE::2025-07-24.17:30:46::SCWBDomain::make -C psu_cortexa53_0/libsrc/scugic_v4_7/src -s include  "SHELL=/bin/sh" "COMPILER=aarch64-none-elf-gcc" "ASSEMBLER=aarch64-n
TRACE::2025-07-24.17:30:46::SCWBDomain::one-elf-as" "ARCHIVER=aarch64-none-elf-ar" "COMPILER_FLAGS=  -c" "EXTRA_COMPILER_FLAGS=-g -Wall -Wextra -fno-tree-loop-distribu
TRACE::2025-07-24.17:30:46::SCWBDomain::te-patterns -Os -flto -ffat-lto-objects"

TRACE::2025-07-24.17:30:46::SCWBDomain::Running Make include in psu_cortexa53_0/libsrc/sdps_v3_14/src

TRACE::2025-07-24.17:30:46::SCWBDomain::make -C psu_cortexa53_0/libsrc/sdps_v3_14/src -s include  "SHELL=/bin/sh" "COMPILER=aarch64-none-elf-gcc" "ASSEMBLER=aarch64-no
TRACE::2025-07-24.17:30:46::SCWBDomain::ne-elf-as" "ARCHIVER=aarch64-none-elf-ar" "COMPILER_FLAGS=  -c" "EXTRA_COMPILER_FLAGS=-g -Wall -Wextra -fno-tree-loop-distribut
TRACE::2025-07-24.17:30:46::SCWBDomain::e-patterns -Os -flto -ffat-lto-objects"

TRACE::2025-07-24.17:30:46::SCWBDomain::Running Make include in psu_cortexa53_0/libsrc/spips_v3_7/src

TRACE::2025-07-24.17:30:46::SCWBDomain::make -C psu_cortexa53_0/libsrc/spips_v3_7/src -s include  "SHELL=/bin/sh" "COMPILER=aarch64-none-elf-gcc" "ASSEMBLER=aarch64-no
TRACE::2025-07-24.17:30:46::SCWBDomain::ne-elf-as" "ARCHIVER=aarch64-none-elf-ar" "COMPILER_FLAGS=  -c" "EXTRA_COMPILER_FLAGS=-g -Wall -Wextra -fno-tree-loop-distribut
TRACE::2025-07-24.17:30:46::SCWBDomain::e-patterns -Os -flto -ffat-lto-objects"

TRACE::2025-07-24.17:30:46::SCWBDomain::Running Make include in psu_cortexa53_0/libsrc/standalone_v7_7/src

TRACE::2025-07-24.17:30:46::SCWBDomain::make -C psu_cortexa53_0/libsrc/standalone_v7_7/src -s include  "SHELL=/bin/sh" "COMPILER=aarch64-none-elf-gcc" "ASSEMBLER=aarch
TRACE::2025-07-24.17:30:46::SCWBDomain::64-none-elf-as" "ARCHIVER=aarch64-none-elf-ar" "COMPILER_FLAGS=  -c" "EXTRA_COMPILER_FLAGS=-g -Wall -Wextra -fno-tree-loop-dist
TRACE::2025-07-24.17:30:46::SCWBDomain::ribute-patterns -Os -flto -ffat-lto-objects"

TRACE::2025-07-24.17:30:46::SCWBDomain::Running Make include in psu_cortexa53_0/libsrc/sysmonpsu_v2_7/src

TRACE::2025-07-24.17:30:46::SCWBDomain::make -C psu_cortexa53_0/libsrc/sysmonpsu_v2_7/src -s include  "SHELL=/bin/sh" "COMPILER=aarch64-none-elf-gcc" "ASSEMBLER=aarch6
TRACE::2025-07-24.17:30:46::SCWBDomain::4-none-elf-as" "ARCHIVER=aarch64-none-elf-ar" "COMPILER_FLAGS=  -c" "EXTRA_COMPILER_FLAGS=-g -Wall -Wextra -fno-tree-loop-distr
TRACE::2025-07-24.17:30:46::SCWBDomain::ibute-patterns -Os -flto -ffat-lto-objects"

TRACE::2025-07-24.17:30:46::SCWBDomain::Running Make include in psu_cortexa53_0/libsrc/ttcps_v3_15/src

TRACE::2025-07-24.17:30:46::SCWBDomain::make -C psu_cortexa53_0/libsrc/ttcps_v3_15/src -s include  "SHELL=/bin/sh" "COMPILER=aarch64-none-elf-gcc" "ASSEMBLER=aarch64-n
TRACE::2025-07-24.17:30:46::SCWBDomain::one-elf-as" "ARCHIVER=aarch64-none-elf-ar" "COMPILER_FLAGS=  -c" "EXTRA_COMPILER_FLAGS=-g -Wall -Wextra -fno-tree-loop-distribu
TRACE::2025-07-24.17:30:46::SCWBDomain::te-patterns -Os -flto -ffat-lto-objects"

TRACE::2025-07-24.17:30:46::SCWBDomain::Running Make include in psu_cortexa53_0/libsrc/uartps_v3_11/src

TRACE::2025-07-24.17:30:46::SCWBDomain::make -C psu_cortexa53_0/libsrc/uartps_v3_11/src -s include  "SHELL=/bin/sh" "COMPILER=aarch64-none-elf-gcc" "ASSEMBLER=aarch64-
TRACE::2025-07-24.17:30:46::SCWBDomain::none-elf-as" "ARCHIVER=aarch64-none-elf-ar" "COMPILER_FLAGS=  -c" "EXTRA_COMPILER_FLAGS=-g -Wall -Wextra -fno-tree-loop-distrib
TRACE::2025-07-24.17:30:46::SCWBDomain::ute-patterns -Os -flto -ffat-lto-objects"

TRACE::2025-07-24.17:30:46::SCWBDomain::Running Make include in psu_cortexa53_0/libsrc/usbpsu_v1_11/src

TRACE::2025-07-24.17:30:46::SCWBDomain::make -C psu_cortexa53_0/libsrc/usbpsu_v1_11/src -s include  "SHELL=/bin/sh" "COMPILER=aarch64-none-elf-gcc" "ASSEMBLER=aarch64-
TRACE::2025-07-24.17:30:46::SCWBDomain::none-elf-as" "ARCHIVER=aarch64-none-elf-ar" "COMPILER_FLAGS=  -c" "EXTRA_COMPILER_FLAGS=-g -Wall -Wextra -fno-tree-loop-distrib
TRACE::2025-07-24.17:30:46::SCWBDomain::ute-patterns -Os -flto -ffat-lto-objects"

TRACE::2025-07-24.17:30:46::SCWBDomain::Running Make include in psu_cortexa53_0/libsrc/video_common_v4_13/src

TRACE::2025-07-24.17:30:46::SCWBDomain::make -C psu_cortexa53_0/libsrc/video_common_v4_13/src -s include  "SHELL=/bin/sh" "COMPILER=aarch64-none-elf-gcc" "ASSEMBLER=aa
TRACE::2025-07-24.17:30:46::SCWBDomain::rch64-none-elf-as" "ARCHIVER=aarch64-none-elf-ar" "COMPILER_FLAGS=  -c" "EXTRA_COMPILER_FLAGS=-g -Wall -Wextra -fno-tree-loop-d
TRACE::2025-07-24.17:30:46::SCWBDomain::istribute-patterns -Os -flto -ffat-lto-objects"

TRACE::2025-07-24.17:30:46::SCWBDomain::Running Make include in psu_cortexa53_0/libsrc/wdtps_v3_5/src

TRACE::2025-07-24.17:30:46::SCWBDomain::make -C psu_cortexa53_0/libsrc/wdtps_v3_5/src -s include  "SHELL=/bin/sh" "COMPILER=aarch64-none-elf-gcc" "ASSEMBLER=aarch64-no
TRACE::2025-07-24.17:30:46::SCWBDomain::ne-elf-as" "ARCHIVER=aarch64-none-elf-ar" "COMPILER_FLAGS=  -c" "EXTRA_COMPILER_FLAGS=-g -Wall -Wextra -fno-tree-loop-distribut
TRACE::2025-07-24.17:30:46::SCWBDomain::e-patterns -Os -flto -ffat-lto-objects"

TRACE::2025-07-24.17:30:46::SCWBDomain::Running Make include in psu_cortexa53_0/libsrc/xilffs_v4_7/src

TRACE::2025-07-24.17:30:46::SCWBDomain::make -C psu_cortexa53_0/libsrc/xilffs_v4_7/src -s include  "SHELL=/bin/sh" "COMPILER=aarch64-none-elf-gcc" "ASSEMBLER=aarch64-n
TRACE::2025-07-24.17:30:46::SCWBDomain::one-elf-as" "ARCHIVER=aarch64-none-elf-ar" "COMPILER_FLAGS=  -c" "EXTRA_COMPILER_FLAGS=-g -Wall -Wextra -fno-tree-loop-distribu
TRACE::2025-07-24.17:30:46::SCWBDomain::te-patterns -Os -flto -ffat-lto-objects"

TRACE::2025-07-24.17:30:46::SCWBDomain::Running Make include in psu_cortexa53_0/libsrc/xilpm_v4_0/src

TRACE::2025-07-24.17:30:46::SCWBDomain::make -C psu_cortexa53_0/libsrc/xilpm_v4_0/src -s include  "SHELL=/bin/sh" "COMPILER=aarch64-none-elf-gcc" "ASSEMBLER=aarch64-no
TRACE::2025-07-24.17:30:46::SCWBDomain::ne-elf-as" "ARCHIVER=aarch64-none-elf-ar" "COMPILER_FLAGS=  -c" "EXTRA_COMPILER_FLAGS=-g -Wall -Wextra -fno-tree-loop-distribut
TRACE::2025-07-24.17:30:46::SCWBDomain::e-patterns -Os -flto -ffat-lto-objects"

TRACE::2025-07-24.17:30:46::SCWBDomain::Include files for this library have already been copied.

TRACE::2025-07-24.17:30:46::SCWBDomain::Running Make include in psu_cortexa53_0/libsrc/xilsecure_v4_7/src

TRACE::2025-07-24.17:30:46::SCWBDomain::make -C psu_cortexa53_0/libsrc/xilsecure_v4_7/src -s include  "SHELL=/bin/sh" "COMPILER=aarch64-none-elf-gcc" "ASSEMBLER=aarch6
TRACE::2025-07-24.17:30:46::SCWBDomain::4-none-elf-as" "ARCHIVER=aarch64-none-elf-ar" "COMPILER_FLAGS=  -c" "EXTRA_COMPILER_FLAGS=-g -Wall -Wextra -fno-tree-loop-distr
TRACE::2025-07-24.17:30:46::SCWBDomain::ibute-patterns -Os -flto -ffat-lto-objects"

TRACE::2025-07-24.17:30:46::SCWBDomain::Running Make include in psu_cortexa53_0/libsrc/zdma_v1_14/src

TRACE::2025-07-24.17:30:46::SCWBDomain::make -C psu_cortexa53_0/libsrc/zdma_v1_14/src -s include  "SHELL=/bin/sh" "COMPILER=aarch64-none-elf-gcc" "ASSEMBLER=aarch64-no
TRACE::2025-07-24.17:30:46::SCWBDomain::ne-elf-as" "ARCHIVER=aarch64-none-elf-ar" "COMPILER_FLAGS=  -c" "EXTRA_COMPILER_FLAGS=-g -Wall -Wextra -fno-tree-loop-distribut
TRACE::2025-07-24.17:30:46::SCWBDomain::e-patterns -Os -flto -ffat-lto-objects"

TRACE::2025-07-24.17:30:46::SCWBDomain::Running Make libs in psu_cortexa53_0/libsrc/dppsu_v1_6/src

TRACE::2025-07-24.17:30:46::SCWBDomain::make -C psu_cortexa53_0/libsrc/dppsu_v1_6/src -s libs  "SHELL=/bin/sh" "COMPILER=aarch64-none-elf-gcc" "ASSEMBLER=aarch64-none-
TRACE::2025-07-24.17:30:46::SCWBDomain::elf-as" "ARCHIVER=aarch64-none-elf-ar" "COMPILER_FLAGS=  -c" "EXTRA_COMPILER_FLAGS=-g -Wall -Wextra -fno-tree-loop-distribute-p
TRACE::2025-07-24.17:30:46::SCWBDomain::atterns -Os -flto -ffat-lto-objects"

TRACE::2025-07-24.17:30:46::SCWBDomain::Compiling dppsu

TRACE::2025-07-24.17:30:47::SCWBDomain::Running Make libs in psu_cortexa53_0/libsrc/avbuf_v2_5/src

TRACE::2025-07-24.17:30:47::SCWBDomain::make -C psu_cortexa53_0/libsrc/avbuf_v2_5/src -s libs  "SHELL=/bin/sh" "COMPILER=aarch64-none-elf-gcc" "ASSEMBLER=aarch64-none-
TRACE::2025-07-24.17:30:47::SCWBDomain::elf-as" "ARCHIVER=aarch64-none-elf-ar" "COMPILER_FLAGS=  -c" "EXTRA_COMPILER_FLAGS=-g -Wall -Wextra -fno-tree-loop-distribute-p
TRACE::2025-07-24.17:30:47::SCWBDomain::atterns -Os -flto -ffat-lto-objects"

TRACE::2025-07-24.17:30:47::SCWBDomain::Compiling avbuf

TRACE::2025-07-24.17:30:47::SCWBDomain::Running Make libs in psu_cortexa53_0/libsrc/xilsecure_v4_7/src

TRACE::2025-07-24.17:30:47::SCWBDomain::make -C psu_cortexa53_0/libsrc/xilsecure_v4_7/src -s libs  "SHELL=/bin/sh" "COMPILER=aarch64-none-elf-gcc" "ASSEMBLER=aarch64-n
TRACE::2025-07-24.17:30:47::SCWBDomain::one-elf-as" "ARCHIVER=aarch64-none-elf-ar" "COMPILER_FLAGS=  -c" "EXTRA_COMPILER_FLAGS=-g -Wall -Wextra -fno-tree-loop-distribu
TRACE::2025-07-24.17:30:47::SCWBDomain::te-patterns -Os -flto -ffat-lto-objects"

TRACE::2025-07-24.17:30:47::SCWBDomain::Compiling XilSecure Library

TRACE::2025-07-24.17:30:48::SCWBDomain::Running Make libs in psu_cortexa53_0/libsrc/dpdma_v1_4/src

TRACE::2025-07-24.17:30:48::SCWBDomain::make -C psu_cortexa53_0/libsrc/dpdma_v1_4/src -s libs  "SHELL=/bin/sh" "COMPILER=aarch64-none-elf-gcc" "ASSEMBLER=aarch64-none-
TRACE::2025-07-24.17:30:48::SCWBDomain::elf-as" "ARCHIVER=aarch64-none-elf-ar" "COMPILER_FLAGS=  -c" "EXTRA_COMPILER_FLAGS=-g -Wall -Wextra -fno-tree-loop-distribute-p
TRACE::2025-07-24.17:30:48::SCWBDomain::atterns -Os -flto -ffat-lto-objects"

TRACE::2025-07-24.17:30:48::SCWBDomain::Compiling dpdma

TRACE::2025-07-24.17:30:48::SCWBDomain::Running Make libs in psu_cortexa53_0/libsrc/xilpm_v4_0/src

TRACE::2025-07-24.17:30:48::SCWBDomain::make -C psu_cortexa53_0/libsrc/xilpm_v4_0/src -s libs  "SHELL=/bin/sh" "COMPILER=aarch64-none-elf-gcc" "ASSEMBLER=aarch64-none-
TRACE::2025-07-24.17:30:48::SCWBDomain::elf-as" "ARCHIVER=aarch64-none-elf-ar" "COMPILER_FLAGS=  -c" "EXTRA_COMPILER_FLAGS=-g -Wall -Wextra -fno-tree-loop-distribute-p
TRACE::2025-07-24.17:30:48::SCWBDomain::atterns -Os -flto -ffat-lto-objects"

TRACE::2025-07-24.17:30:48::SCWBDomain::Compiling xilpm library

TRACE::2025-07-24.17:30:49::SCWBDomain::Finished building libraries sequentially.

TRACE::2025-07-24.17:30:49::SCWBDomain::make -j 14 --no-print-directory par_libs

TRACE::2025-07-24.17:30:49::SCWBDomain::Running Make include in psu_cortexa53_0/libsrc/avbuf_v2_5/src

TRACE::2025-07-24.17:30:49::SCWBDomain::Running Make include in psu_cortexa53_0/libsrc/axipmon_v6_9/src

TRACE::2025-07-24.17:30:49::SCWBDomain::make -C psu_cortexa53_0/libsrc/avbuf_v2_5/src -s include  "SHELL=/bin/sh" "COMPILER=aarch64-none-elf-gcc" "ASSEMBLER=aarch64-no
TRACE::2025-07-24.17:30:49::SCWBDomain::ne-elf-as" "ARCHIVER=aarch64-none-elf-ar" "COMPILER_FLAGS=  -c" "EXTRA_COMPILER_FLAGS=-g -Wall -Wextra -fno-tree-loop-distribut
TRACE::2025-07-24.17:30:49::SCWBDomain::e-patterns -Os -flto -ffat-lto-objects"

TRACE::2025-07-24.17:30:49::SCWBDomain::make -C psu_cortexa53_0/libsrc/axipmon_v6_9/src -s include  "SHELL=/bin/sh" "COMPILER=aarch64-none-elf-gcc" "ASSEMBLER=aarch64-
TRACE::2025-07-24.17:30:49::SCWBDomain::none-elf-as" "ARCHIVER=aarch64-none-elf-ar" "COMPILER_FLAGS=  -c" "EXTRA_COMPILER_FLAGS=-g -Wall -Wextra -fno-tree-loop-distrib
TRACE::2025-07-24.17:30:49::SCWBDomain::ute-patterns -Os -flto -ffat-lto-objects"

TRACE::2025-07-24.17:30:49::SCWBDomain::Running Make include in psu_cortexa53_0/libsrc/clockps_v1_4/src

TRACE::2025-07-24.17:30:49::SCWBDomain::make -C psu_cortexa53_0/libsrc/clockps_v1_4/src -s include  "SHELL=/bin/sh" "COMPILER=aarch64-none-elf-gcc" "ASSEMBLER=aarch64-
TRACE::2025-07-24.17:30:49::SCWBDomain::none-elf-as" "ARCHIVER=aarch64-none-elf-ar" "COMPILER_FLAGS=  -c" "EXTRA_COMPILER_FLAGS=-g -Wall -Wextra -fno-tree-loop-distrib
TRACE::2025-07-24.17:30:49::SCWBDomain::ute-patterns -Os -flto -ffat-lto-objects"

TRACE::2025-07-24.17:30:49::SCWBDomain::Running Make include in psu_cortexa53_0/libsrc/coresightps_dcc_v1_8/src

TRACE::2025-07-24.17:30:49::SCWBDomain::Running Make include in psu_cortexa53_0/libsrc/cpu_cortexa53_v2_0/src

TRACE::2025-07-24.17:30:49::SCWBDomain::make -C psu_cortexa53_0/libsrc/coresightps_dcc_v1_8/src -s include  "SHELL=/bin/sh" "COMPILER=aarch64-none-elf-gcc" "ASSEMBLER=
TRACE::2025-07-24.17:30:49::SCWBDomain::aarch64-none-elf-as" "ARCHIVER=aarch64-none-elf-ar" "COMPILER_FLAGS=  -c" "EXTRA_COMPILER_FLAGS=-g -Wall -Wextra -fno-tree-loop
TRACE::2025-07-24.17:30:49::SCWBDomain::-distribute-patterns -Os -flto -ffat-lto-objects"

TRACE::2025-07-24.17:30:49::SCWBDomain::make -C psu_cortexa53_0/libsrc/cpu_cortexa53_v2_0/src -s include  "SHELL=/bin/sh" "COMPILER=aarch64-none-elf-gcc" "ASSEMBLER=aa
TRACE::2025-07-24.17:30:49::SCWBDomain::rch64-none-elf-as" "ARCHIVER=aarch64-none-elf-ar" "COMPILER_FLAGS=  -c" "EXTRA_COMPILER_FLAGS=-g -Wall -Wextra -fno-tree-loop-d
TRACE::2025-07-24.17:30:49::SCWBDomain::istribute-patterns -Os -flto -ffat-lto-objects"

TRACE::2025-07-24.17:30:49::SCWBDomain::Running Make include in psu_cortexa53_0/libsrc/csudma_v1_11/src

TRACE::2025-07-24.17:30:49::SCWBDomain::make -C psu_cortexa53_0/libsrc/csudma_v1_11/src -s include  "SHELL=/bin/sh" "COMPILER=aarch64-none-elf-gcc" "ASSEMBLER=aarch64-
TRACE::2025-07-24.17:30:49::SCWBDomain::none-elf-as" "ARCHIVER=aarch64-none-elf-ar" "COMPILER_FLAGS=  -c" "EXTRA_COMPILER_FLAGS=-g -Wall -Wextra -fno-tree-loop-distrib
TRACE::2025-07-24.17:30:49::SCWBDomain::ute-patterns -Os -flto -ffat-lto-objects"

TRACE::2025-07-24.17:30:49::SCWBDomain::Running Make include in psu_cortexa53_0/libsrc/ddrcpsu_v1_4/src

TRACE::2025-07-24.17:30:49::SCWBDomain::make -C psu_cortexa53_0/libsrc/ddrcpsu_v1_4/src -s include  "SHELL=/bin/sh" "COMPILER=aarch64-none-elf-gcc" "ASSEMBLER=aarch64-
TRACE::2025-07-24.17:30:49::SCWBDomain::none-elf-as" "ARCHIVER=aarch64-none-elf-ar" "COMPILER_FLAGS=  -c" "EXTRA_COMPILER_FLAGS=-g -Wall -Wextra -fno-tree-loop-distrib
TRACE::2025-07-24.17:30:49::SCWBDomain::ute-patterns -Os -flto -ffat-lto-objects"

TRACE::2025-07-24.17:30:49::SCWBDomain::Running Make include in psu_cortexa53_0/libsrc/dpdma_v1_4/src

TRACE::2025-07-24.17:30:49::SCWBDomain::Running Make include in psu_cortexa53_0/libsrc/dppsu_v1_6/src

TRACE::2025-07-24.17:30:49::SCWBDomain::make -C psu_cortexa53_0/libsrc/dpdma_v1_4/src -s include  "SHELL=/bin/sh" "COMPILER=aarch64-none-elf-gcc" "ASSEMBLER=aarch64-no
TRACE::2025-07-24.17:30:49::SCWBDomain::ne-elf-as" "ARCHIVER=aarch64-none-elf-ar" "COMPILER_FLAGS=  -c" "EXTRA_COMPILER_FLAGS=-g -Wall -Wextra -fno-tree-loop-distribut
TRACE::2025-07-24.17:30:49::SCWBDomain::e-patterns -Os -flto -ffat-lto-objects"

TRACE::2025-07-24.17:30:49::SCWBDomain::Running Make include in psu_cortexa53_0/libsrc/iicps_v3_15/src

TRACE::2025-07-24.17:30:49::SCWBDomain::Running Make include in psu_cortexa53_0/libsrc/gpiops_v3_9/src

TRACE::2025-07-24.17:30:49::SCWBDomain::make -C psu_cortexa53_0/libsrc/dppsu_v1_6/src -s include  "SHELL=/bin/sh" "COMPILER=aarch64-none-elf-gcc" "ASSEMBLER=aarch64-no
TRACE::2025-07-24.17:30:49::SCWBDomain::ne-elf-as" "ARCHIVER=aarch64-none-elf-ar" "COMPILER_FLAGS=  -c" "EXTRA_COMPILER_FLAGS=-g -Wall -Wextra -fno-tree-loop-distribut
TRACE::2025-07-24.17:30:49::SCWBDomain::e-patterns -Os -flto -ffat-lto-objects"

TRACE::2025-07-24.17:30:49::SCWBDomain::make -C psu_cortexa53_0/libsrc/gpiops_v3_9/src -s include  "SHELL=/bin/sh" "COMPILER=aarch64-none-elf-gcc" "ASSEMBLER=aarch64-n
TRACE::2025-07-24.17:30:49::SCWBDomain::one-elf-as" "ARCHIVER=aarch64-none-elf-ar" "COMPILER_FLAGS=  -c" "EXTRA_COMPILER_FLAGS=-g -Wall -Wextra -fno-tree-loop-distribu
TRACE::2025-07-24.17:30:49::SCWBDomain::te-patterns -Os -flto -ffat-lto-objects"

TRACE::2025-07-24.17:30:49::SCWBDomain::make -C psu_cortexa53_0/libsrc/iicps_v3_15/src -s include  "SHELL=/bin/sh" "COMPILER=aarch64-none-elf-gcc" "ASSEMBLER=aarch64-n
TRACE::2025-07-24.17:30:49::SCWBDomain::one-elf-as" "ARCHIVER=aarch64-none-elf-ar" "COMPILER_FLAGS=  -c" "EXTRA_COMPILER_FLAGS=-g -Wall -Wextra -fno-tree-loop-distribu
TRACE::2025-07-24.17:30:49::SCWBDomain::te-patterns -Os -flto -ffat-lto-objects"

TRACE::2025-07-24.17:30:49::SCWBDomain::Running Make include in psu_cortexa53_0/libsrc/ipipsu_v2_11/src

TRACE::2025-07-24.17:30:49::SCWBDomain::Running Make include in psu_cortexa53_0/libsrc/resetps_v1_5/src

TRACE::2025-07-24.17:30:49::SCWBDomain::make -C psu_cortexa53_0/libsrc/ipipsu_v2_11/src -s include  "SHELL=/bin/sh" "COMPILER=aarch64-none-elf-gcc" "ASSEMBLER=aarch64-
TRACE::2025-07-24.17:30:49::SCWBDomain::none-elf-as" "ARCHIVER=aarch64-none-elf-ar" "COMPILER_FLAGS=  -c" "EXTRA_COMPILER_FLAGS=-g -Wall -Wextra -fno-tree-loop-distrib
TRACE::2025-07-24.17:30:49::SCWBDomain::ute-patterns -Os -flto -ffat-lto-objects"

TRACE::2025-07-24.17:30:49::SCWBDomain::make -C psu_cortexa53_0/libsrc/resetps_v1_5/src -s include  "SHELL=/bin/sh" "COMPILER=aarch64-none-elf-gcc" "ASSEMBLER=aarch64-
TRACE::2025-07-24.17:30:49::SCWBDomain::none-elf-as" "ARCHIVER=aarch64-none-elf-ar" "COMPILER_FLAGS=  -c" "EXTRA_COMPILER_FLAGS=-g -Wall -Wextra -fno-tree-loop-distrib
TRACE::2025-07-24.17:30:49::SCWBDomain::ute-patterns -Os -flto -ffat-lto-objects"

TRACE::2025-07-24.17:30:49::SCWBDomain::Running Make include in psu_cortexa53_0/libsrc/rtcpsu_v1_11/src

TRACE::2025-07-24.17:30:49::SCWBDomain::make -C psu_cortexa53_0/libsrc/rtcpsu_v1_11/src -s include  "SHELL=/bin/sh" "COMPILER=aarch64-none-elf-gcc" "ASSEMBLER=aarch64-
TRACE::2025-07-24.17:30:49::SCWBDomain::none-elf-as" "ARCHIVER=aarch64-none-elf-ar" "COMPILER_FLAGS=  -c" "EXTRA_COMPILER_FLAGS=-g -Wall -Wextra -fno-tree-loop-distrib
TRACE::2025-07-24.17:30:49::SCWBDomain::ute-patterns -Os -flto -ffat-lto-objects"

TRACE::2025-07-24.17:30:49::SCWBDomain::Running Make include in psu_cortexa53_0/libsrc/scugic_v4_7/src

TRACE::2025-07-24.17:30:49::SCWBDomain::Running Make include in psu_cortexa53_0/libsrc/sdps_v3_14/src

TRACE::2025-07-24.17:30:49::SCWBDomain::make -C psu_cortexa53_0/libsrc/scugic_v4_7/src -s include  "SHELL=/bin/sh" "COMPILER=aarch64-none-elf-gcc" "ASSEMBLER=aarch64-n
TRACE::2025-07-24.17:30:49::SCWBDomain::one-elf-as" "ARCHIVER=aarch64-none-elf-ar" "COMPILER_FLAGS=  -c" "EXTRA_COMPILER_FLAGS=-g -Wall -Wextra -fno-tree-loop-distribu
TRACE::2025-07-24.17:30:49::SCWBDomain::te-patterns -Os -flto -ffat-lto-objects"

TRACE::2025-07-24.17:30:49::SCWBDomain::make -C psu_cortexa53_0/libsrc/sdps_v3_14/src -s include  "SHELL=/bin/sh" "COMPILER=aarch64-none-elf-gcc" "ASSEMBLER=aarch64-no
TRACE::2025-07-24.17:30:49::SCWBDomain::ne-elf-as" "ARCHIVER=aarch64-none-elf-ar" "COMPILER_FLAGS=  -c" "EXTRA_COMPILER_FLAGS=-g -Wall -Wextra -fno-tree-loop-distribut
TRACE::2025-07-24.17:30:49::SCWBDomain::e-patterns -Os -flto -ffat-lto-objects"

TRACE::2025-07-24.17:30:49::SCWBDomain::Running Make include in psu_cortexa53_0/libsrc/spips_v3_7/src

TRACE::2025-07-24.17:30:49::SCWBDomain::make -C psu_cortexa53_0/libsrc/spips_v3_7/src -s include  "SHELL=/bin/sh" "COMPILER=aarch64-none-elf-gcc" "ASSEMBLER=aarch64-no
TRACE::2025-07-24.17:30:49::SCWBDomain::ne-elf-as" "ARCHIVER=aarch64-none-elf-ar" "COMPILER_FLAGS=  -c" "EXTRA_COMPILER_FLAGS=-g -Wall -Wextra -fno-tree-loop-distribut
TRACE::2025-07-24.17:30:49::SCWBDomain::e-patterns -Os -flto -ffat-lto-objects"

TRACE::2025-07-24.17:30:49::SCWBDomain::Running Make include in psu_cortexa53_0/libsrc/sysmonpsu_v2_7/src

TRACE::2025-07-24.17:30:49::SCWBDomain::Running Make include in psu_cortexa53_0/libsrc/standalone_v7_7/src

TRACE::2025-07-24.17:30:49::SCWBDomain::make -C psu_cortexa53_0/libsrc/standalone_v7_7/src -s include  "SHELL=/bin/sh" "COMPILER=aarch64-none-elf-gcc" "ASSEMBLER=aarch
TRACE::2025-07-24.17:30:49::SCWBDomain::64-none-elf-as" "ARCHIVER=aarch64-none-elf-ar" "COMPILER_FLAGS=  -c" "EXTRA_COMPILER_FLAGS=-g -Wall -Wextra -fno-tree-loop-dist
TRACE::2025-07-24.17:30:49::SCWBDomain::ribute-patterns -Os -flto -ffat-lto-objects"

TRACE::2025-07-24.17:30:49::SCWBDomain::Running Make include in psu_cortexa53_0/libsrc/ttcps_v3_15/src

TRACE::2025-07-24.17:30:49::SCWBDomain::make -C psu_cortexa53_0/libsrc/sysmonpsu_v2_7/src -s include  "SHELL=/bin/sh" "COMPILER=aarch64-none-elf-gcc" "ASSEMBLER=aarch6
TRACE::2025-07-24.17:30:49::SCWBDomain::4-none-elf-as" "ARCHIVER=aarch64-none-elf-ar" "COMPILER_FLAGS=  -c" "EXTRA_COMPILER_FLAGS=-g -Wall -Wextra -fno-tree-loop-distr
TRACE::2025-07-24.17:30:49::SCWBDomain::ibute-patterns -Os -flto -ffat-lto-objects"

TRACE::2025-07-24.17:30:49::SCWBDomain::make -C psu_cortexa53_0/libsrc/ttcps_v3_15/src -s include  "SHELL=/bin/sh" "COMPILER=aarch64-none-elf-gcc" "ASSEMBLER=aarch64-n
TRACE::2025-07-24.17:30:49::SCWBDomain::one-elf-as" "ARCHIVER=aarch64-none-elf-ar" "COMPILER_FLAGS=  -c" "EXTRA_COMPILER_FLAGS=-g -Wall -Wextra -fno-tree-loop-distribu
TRACE::2025-07-24.17:30:49::SCWBDomain::te-patterns -Os -flto -ffat-lto-objects"

TRACE::2025-07-24.17:30:49::SCWBDomain::Running Make include in psu_cortexa53_0/libsrc/uartps_v3_11/src

TRACE::2025-07-24.17:30:49::SCWBDomain::make -C psu_cortexa53_0/libsrc/uartps_v3_11/src -s include  "SHELL=/bin/sh" "COMPILER=aarch64-none-elf-gcc" "ASSEMBLER=aarch64-
TRACE::2025-07-24.17:30:49::SCWBDomain::none-elf-as" "ARCHIVER=aarch64-none-elf-ar" "COMPILER_FLAGS=  -c" "EXTRA_COMPILER_FLAGS=-g -Wall -Wextra -fno-tree-loop-distrib
TRACE::2025-07-24.17:30:49::SCWBDomain::ute-patterns -Os -flto -ffat-lto-objects"

TRACE::2025-07-24.17:30:49::SCWBDomain::Running Make include in psu_cortexa53_0/libsrc/usbpsu_v1_11/src

TRACE::2025-07-24.17:30:49::SCWBDomain::make -C psu_cortexa53_0/libsrc/usbpsu_v1_11/src -s include  "SHELL=/bin/sh" "COMPILER=aarch64-none-elf-gcc" "ASSEMBLER=aarch64-
TRACE::2025-07-24.17:30:49::SCWBDomain::none-elf-as" "ARCHIVER=aarch64-none-elf-ar" "COMPILER_FLAGS=  -c" "EXTRA_COMPILER_FLAGS=-g -Wall -Wextra -fno-tree-loop-distrib
TRACE::2025-07-24.17:30:49::SCWBDomain::ute-patterns -Os -flto -ffat-lto-objects"

TRACE::2025-07-24.17:30:49::SCWBDomain::Running Make include in psu_cortexa53_0/libsrc/wdtps_v3_5/src

TRACE::2025-07-24.17:30:49::SCWBDomain::Running Make include in psu_cortexa53_0/libsrc/video_common_v4_13/src

TRACE::2025-07-24.17:30:49::SCWBDomain::Running Make include in psu_cortexa53_0/libsrc/xilffs_v4_7/src

TRACE::2025-07-24.17:30:49::SCWBDomain::make -C psu_cortexa53_0/libsrc/video_common_v4_13/src -s include  "SHELL=/bin/sh" "COMPILER=aarch64-none-elf-gcc" "ASSEMBLER=aa
TRACE::2025-07-24.17:30:49::SCWBDomain::rch64-none-elf-as" "ARCHIVER=aarch64-none-elf-ar" "COMPILER_FLAGS=  -c" "EXTRA_COMPILER_FLAGS=-g -Wall -Wextra -fno-tree-loop-d
TRACE::2025-07-24.17:30:49::SCWBDomain::istribute-patterns -Os -flto -ffat-lto-objects"

TRACE::2025-07-24.17:30:49::SCWBDomain::make -C psu_cortexa53_0/libsrc/wdtps_v3_5/src -s include  "SHELL=/bin/sh" "COMPILER=aarch64-none-elf-gcc" "ASSEMBLER=aarch64-no
TRACE::2025-07-24.17:30:49::SCWBDomain::ne-elf-as" "ARCHIVER=aarch64-none-elf-ar" "COMPILER_FLAGS=  -c" "EXTRA_COMPILER_FLAGS=-g -Wall -Wextra -fno-tree-loop-distribut
TRACE::2025-07-24.17:30:49::SCWBDomain::e-patterns -Os -flto -ffat-lto-objects"

TRACE::2025-07-24.17:30:49::SCWBDomain::Running Make include in psu_cortexa53_0/libsrc/xilpm_v4_0/src

TRACE::2025-07-24.17:30:49::SCWBDomain::Running Make include in psu_cortexa53_0/libsrc/xilsecure_v4_7/src

TRACE::2025-07-24.17:30:49::SCWBDomain::make -C psu_cortexa53_0/libsrc/xilffs_v4_7/src -s include  "SHELL=/bin/sh" "COMPILER=aarch64-none-elf-gcc" "ASSEMBLER=aarch64-n
TRACE::2025-07-24.17:30:49::SCWBDomain::one-elf-as" "ARCHIVER=aarch64-none-elf-ar" "COMPILER_FLAGS=  -c" "EXTRA_COMPILER_FLAGS=-g -Wall -Wextra -fno-tree-loop-distribu
TRACE::2025-07-24.17:30:49::SCWBDomain::te-patterns -Os -flto -ffat-lto-objects"

TRACE::2025-07-24.17:30:49::SCWBDomain::Running Make include in psu_cortexa53_0/libsrc/zdma_v1_14/src

TRACE::2025-07-24.17:30:49::SCWBDomain::make -C psu_cortexa53_0/libsrc/xilpm_v4_0/src -s include  "SHELL=/bin/sh" "COMPILER=aarch64-none-elf-gcc" "ASSEMBLER=aarch64-no
TRACE::2025-07-24.17:30:49::SCWBDomain::ne-elf-as" "ARCHIVER=aarch64-none-elf-ar" "COMPILER_FLAGS=  -c" "EXTRA_COMPILER_FLAGS=-g -Wall -Wextra -fno-tree-loop-distribut
TRACE::2025-07-24.17:30:49::SCWBDomain::e-patterns -Os -flto -ffat-lto-objects"

TRACE::2025-07-24.17:30:49::SCWBDomain::make -C psu_cortexa53_0/libsrc/xilsecure_v4_7/src -s include  "SHELL=/bin/sh" "COMPILER=aarch64-none-elf-gcc" "ASSEMBLER=aarch6
TRACE::2025-07-24.17:30:49::SCWBDomain::4-none-elf-as" "ARCHIVER=aarch64-none-elf-ar" "COMPILER_FLAGS=  -c" "EXTRA_COMPILER_FLAGS=-g -Wall -Wextra -fno-tree-loop-distr
TRACE::2025-07-24.17:30:49::SCWBDomain::ibute-patterns -Os -flto -ffat-lto-objects"

TRACE::2025-07-24.17:30:49::SCWBDomain::make -C psu_cortexa53_0/libsrc/zdma_v1_14/src -s include  "SHELL=/bin/sh" "COMPILER=aarch64-none-elf-gcc" "ASSEMBLER=aarch64-no
TRACE::2025-07-24.17:30:49::SCWBDomain::ne-elf-as" "ARCHIVER=aarch64-none-elf-ar" "COMPILER_FLAGS=  -c" "EXTRA_COMPILER_FLAGS=-g -Wall -Wextra -fno-tree-loop-distribut
TRACE::2025-07-24.17:30:49::SCWBDomain::e-patterns -Os -flto -ffat-lto-objects"

TRACE::2025-07-24.17:30:49::SCWBDomain::Include files for this library have already been copied.

TRACE::2025-07-24.17:30:49::SCWBDomain::Running Make libs in psu_cortexa53_0/libsrc/axipmon_v6_9/src

TRACE::2025-07-24.17:30:49::SCWBDomain::Running Make libs in psu_cortexa53_0/libsrc/clockps_v1_4/src

TRACE::2025-07-24.17:30:49::SCWBDomain::make -C psu_cortexa53_0/libsrc/axipmon_v6_9/src -s libs  "SHELL=/bin/sh" "COMPILER=aarch64-none-elf-gcc" "ASSEMBLER=aarch64-non
TRACE::2025-07-24.17:30:49::SCWBDomain::e-elf-as" "ARCHIVER=aarch64-none-elf-ar" "COMPILER_FLAGS=  -c" "EXTRA_COMPILER_FLAGS=-g -Wall -Wextra -fno-tree-loop-distribute
TRACE::2025-07-24.17:30:49::SCWBDomain::-patterns -Os -flto -ffat-lto-objects"

TRACE::2025-07-24.17:30:49::SCWBDomain::Running Make libs in psu_cortexa53_0/libsrc/coresightps_dcc_v1_8/src

TRACE::2025-07-24.17:30:49::SCWBDomain::make -C psu_cortexa53_0/libsrc/clockps_v1_4/src -s libs  "SHELL=/bin/sh" "COMPILER=aarch64-none-elf-gcc" "ASSEMBLER=aarch64-non
TRACE::2025-07-24.17:30:49::SCWBDomain::e-elf-as" "ARCHIVER=aarch64-none-elf-ar" "COMPILER_FLAGS=  -c" "EXTRA_COMPILER_FLAGS=-g -Wall -Wextra -fno-tree-loop-distribute
TRACE::2025-07-24.17:30:49::SCWBDomain::-patterns -Os -flto -ffat-lto-objects"

TRACE::2025-07-24.17:30:49::SCWBDomain::make -C psu_cortexa53_0/libsrc/coresightps_dcc_v1_8/src -s libs  "SHELL=/bin/sh" "COMPILER=aarch64-none-elf-gcc" "ASSEMBLER=aar
TRACE::2025-07-24.17:30:49::SCWBDomain::ch64-none-elf-as" "ARCHIVER=aarch64-none-elf-ar" "COMPILER_FLAGS=  -c" "EXTRA_COMPILER_FLAGS=-g -Wall -Wextra -fno-tree-loop-di
TRACE::2025-07-24.17:30:49::SCWBDomain::stribute-patterns -Os -flto -ffat-lto-objects"

TRACE::2025-07-24.17:30:49::SCWBDomain::Running Make libs in psu_cortexa53_0/libsrc/csudma_v1_11/src

TRACE::2025-07-24.17:30:49::SCWBDomain::Running Make libs in psu_cortexa53_0/libsrc/cpu_cortexa53_v2_0/src

TRACE::2025-07-24.17:30:49::SCWBDomain::make -C psu_cortexa53_0/libsrc/cpu_cortexa53_v2_0/src -s libs  "SHELL=/bin/sh" "COMPILER=aarch64-none-elf-gcc" "ASSEMBLER=aarch
TRACE::2025-07-24.17:30:49::SCWBDomain::64-none-elf-as" "ARCHIVER=aarch64-none-elf-ar" "COMPILER_FLAGS=  -c" "EXTRA_COMPILER_FLAGS=-g -Wall -Wextra -fno-tree-loop-dist
TRACE::2025-07-24.17:30:49::SCWBDomain::ribute-patterns -Os -flto -ffat-lto-objects"

TRACE::2025-07-24.17:30:49::SCWBDomain::Running Make libs in psu_cortexa53_0/libsrc/ddrcpsu_v1_4/src

TRACE::2025-07-24.17:30:49::SCWBDomain::make -C psu_cortexa53_0/libsrc/csudma_v1_11/src -s libs  "SHELL=/bin/sh" "COMPILER=aarch64-none-elf-gcc" "ASSEMBLER=aarch64-non
TRACE::2025-07-24.17:30:49::SCWBDomain::e-elf-as" "ARCHIVER=aarch64-none-elf-ar" "COMPILER_FLAGS=  -c" "EXTRA_COMPILER_FLAGS=-g -Wall -Wextra -fno-tree-loop-distribute
TRACE::2025-07-24.17:30:49::SCWBDomain::-patterns -Os -flto -ffat-lto-objects"

TRACE::2025-07-24.17:30:49::SCWBDomain::make -C psu_cortexa53_0/libsrc/ddrcpsu_v1_4/src -s libs  "SHELL=/bin/sh" "COMPILER=aarch64-none-elf-gcc" "ASSEMBLER=aarch64-non
TRACE::2025-07-24.17:30:49::SCWBDomain::e-elf-as" "ARCHIVER=aarch64-none-elf-ar" "COMPILER_FLAGS=  -c" "EXTRA_COMPILER_FLAGS=-g -Wall -Wextra -fno-tree-loop-distribute
TRACE::2025-07-24.17:30:49::SCWBDomain::-patterns -Os -flto -ffat-lto-objects"

TRACE::2025-07-24.17:30:49::SCWBDomain::Running Make libs in psu_cortexa53_0/libsrc/gpiops_v3_9/src

TRACE::2025-07-24.17:30:49::SCWBDomain::make -C psu_cortexa53_0/libsrc/gpiops_v3_9/src -s libs  "SHELL=/bin/sh" "COMPILER=aarch64-none-elf-gcc" "ASSEMBLER=aarch64-none
TRACE::2025-07-24.17:30:49::SCWBDomain::-elf-as" "ARCHIVER=aarch64-none-elf-ar" "COMPILER_FLAGS=  -c" "EXTRA_COMPILER_FLAGS=-g -Wall -Wextra -fno-tree-loop-distribute-
TRACE::2025-07-24.17:30:49::SCWBDomain::patterns -Os -flto -ffat-lto-objects"

TRACE::2025-07-24.17:30:49::SCWBDomain::Running Make libs in psu_cortexa53_0/libsrc/ipipsu_v2_11/src

TRACE::2025-07-24.17:30:49::SCWBDomain::Running Make libs in psu_cortexa53_0/libsrc/iicps_v3_15/src

TRACE::2025-07-24.17:30:49::SCWBDomain::Running Make libs in psu_cortexa53_0/libsrc/resetps_v1_5/src

TRACE::2025-07-24.17:30:49::SCWBDomain::make -C psu_cortexa53_0/libsrc/iicps_v3_15/src -s libs  "SHELL=/bin/sh" "COMPILER=aarch64-none-elf-gcc" "ASSEMBLER=aarch64-none
TRACE::2025-07-24.17:30:49::SCWBDomain::-elf-as" "ARCHIVER=aarch64-none-elf-ar" "COMPILER_FLAGS=  -c" "EXTRA_COMPILER_FLAGS=-g -Wall -Wextra -fno-tree-loop-distribute-
TRACE::2025-07-24.17:30:49::SCWBDomain::patterns -Os -flto -ffat-lto-objects"

TRACE::2025-07-24.17:30:49::SCWBDomain::Running Make libs in psu_cortexa53_0/libsrc/rtcpsu_v1_11/src

TRACE::2025-07-24.17:30:49::SCWBDomain::make -C psu_cortexa53_0/libsrc/ipipsu_v2_11/src -s libs  "SHELL=/bin/sh" "COMPILER=aarch64-none-elf-gcc" "ASSEMBLER=aarch64-non
TRACE::2025-07-24.17:30:49::SCWBDomain::e-elf-as" "ARCHIVER=aarch64-none-elf-ar" "COMPILER_FLAGS=  -c" "EXTRA_COMPILER_FLAGS=-g -Wall -Wextra -fno-tree-loop-distribute
TRACE::2025-07-24.17:30:49::SCWBDomain::-patterns -Os -flto -ffat-lto-objects"

TRACE::2025-07-24.17:30:49::SCWBDomain::Running Make libs in psu_cortexa53_0/libsrc/scugic_v4_7/src

TRACE::2025-07-24.17:30:49::SCWBDomain::Running Make libs in psu_cortexa53_0/libsrc/sdps_v3_14/src

TRACE::2025-07-24.17:30:49::SCWBDomain::make -C psu_cortexa53_0/libsrc/resetps_v1_5/src -s libs  "SHELL=/bin/sh" "COMPILER=aarch64-none-elf-gcc" "ASSEMBLER=aarch64-non
TRACE::2025-07-24.17:30:49::SCWBDomain::e-elf-as" "ARCHIVER=aarch64-none-elf-ar" "COMPILER_FLAGS=  -c" "EXTRA_COMPILER_FLAGS=-g -Wall -Wextra -fno-tree-loop-distribute
TRACE::2025-07-24.17:30:49::SCWBDomain::-patterns -Os -flto -ffat-lto-objects"

TRACE::2025-07-24.17:30:49::SCWBDomain::make -C psu_cortexa53_0/libsrc/rtcpsu_v1_11/src -s libs  "SHELL=/bin/sh" "COMPILER=aarch64-none-elf-gcc" "ASSEMBLER=aarch64-non
TRACE::2025-07-24.17:30:49::SCWBDomain::e-elf-as" "ARCHIVER=aarch64-none-elf-ar" "COMPILER_FLAGS=  -c" "EXTRA_COMPILER_FLAGS=-g -Wall -Wextra -fno-tree-loop-distribute
TRACE::2025-07-24.17:30:49::SCWBDomain::-patterns -Os -flto -ffat-lto-objects"

TRACE::2025-07-24.17:30:49::SCWBDomain::make -C psu_cortexa53_0/libsrc/scugic_v4_7/src -s libs  "SHELL=/bin/sh" "COMPILER=aarch64-none-elf-gcc" "ASSEMBLER=aarch64-none
TRACE::2025-07-24.17:30:49::SCWBDomain::-elf-as" "ARCHIVER=aarch64-none-elf-ar" "COMPILER_FLAGS=  -c" "EXTRA_COMPILER_FLAGS=-g -Wall -Wextra -fno-tree-loop-distribute-
TRACE::2025-07-24.17:30:49::SCWBDomain::patterns -Os -flto -ffat-lto-objects"

TRACE::2025-07-24.17:30:49::SCWBDomain::make -C psu_cortexa53_0/libsrc/sdps_v3_14/src -s libs  "SHELL=/bin/sh" "COMPILER=aarch64-none-elf-gcc" "ASSEMBLER=aarch64-none-
TRACE::2025-07-24.17:30:49::SCWBDomain::elf-as" "ARCHIVER=aarch64-none-elf-ar" "COMPILER_FLAGS=  -c" "EXTRA_COMPILER_FLAGS=-g -Wall -Wextra -fno-tree-loop-distribute-p
TRACE::2025-07-24.17:30:49::SCWBDomain::atterns -Os -flto -ffat-lto-objects"

TRACE::2025-07-24.17:30:49::SCWBDomain::Running Make libs in psu_cortexa53_0/libsrc/spips_v3_7/src

TRACE::2025-07-24.17:30:49::SCWBDomain::make -C psu_cortexa53_0/libsrc/spips_v3_7/src -s libs  "SHELL=/bin/sh" "COMPILER=aarch64-none-elf-gcc" "ASSEMBLER=aarch64-none-
TRACE::2025-07-24.17:30:49::SCWBDomain::elf-as" "ARCHIVER=aarch64-none-elf-ar" "COMPILER_FLAGS=  -c" "EXTRA_COMPILER_FLAGS=-g -Wall -Wextra -fno-tree-loop-distribute-p
TRACE::2025-07-24.17:30:49::SCWBDomain::atterns -Os -flto -ffat-lto-objects"

TRACE::2025-07-24.17:30:49::SCWBDomain::Running Make libs in psu_cortexa53_0/libsrc/standalone_v7_7/src

TRACE::2025-07-24.17:30:49::SCWBDomain::make -C psu_cortexa53_0/libsrc/standalone_v7_7/src -s libs  "SHELL=/bin/sh" "COMPILER=aarch64-none-elf-gcc" "ASSEMBLER=aarch64-
TRACE::2025-07-24.17:30:49::SCWBDomain::none-elf-as" "ARCHIVER=aarch64-none-elf-ar" "COMPILER_FLAGS=  -c" "EXTRA_COMPILER_FLAGS=-g -Wall -Wextra -fno-tree-loop-distrib
TRACE::2025-07-24.17:30:49::SCWBDomain::ute-patterns -Os -flto -ffat-lto-objects"

TRACE::2025-07-24.17:30:49::SCWBDomain::Running Make libs in psu_cortexa53_0/libsrc/sysmonpsu_v2_7/src

TRACE::2025-07-24.17:30:49::SCWBDomain::make -C psu_cortexa53_0/libsrc/sysmonpsu_v2_7/src -s libs  "SHELL=/bin/sh" "COMPILER=aarch64-none-elf-gcc" "ASSEMBLER=aarch64-n
TRACE::2025-07-24.17:30:49::SCWBDomain::one-elf-as" "ARCHIVER=aarch64-none-elf-ar" "COMPILER_FLAGS=  -c" "EXTRA_COMPILER_FLAGS=-g -Wall -Wextra -fno-tree-loop-distribu
TRACE::2025-07-24.17:30:49::SCWBDomain::te-patterns -Os -flto -ffat-lto-objects"

TRACE::2025-07-24.17:30:49::SCWBDomain::Running Make libs in psu_cortexa53_0/libsrc/ttcps_v3_15/src

TRACE::2025-07-24.17:30:49::SCWBDomain::make -C psu_cortexa53_0/libsrc/ttcps_v3_15/src -s libs  "SHELL=/bin/sh" "COMPILER=aarch64-none-elf-gcc" "ASSEMBLER=aarch64-none
TRACE::2025-07-24.17:30:49::SCWBDomain::-elf-as" "ARCHIVER=aarch64-none-elf-ar" "COMPILER_FLAGS=  -c" "EXTRA_COMPILER_FLAGS=-g -Wall -Wextra -fno-tree-loop-distribute-
TRACE::2025-07-24.17:30:49::SCWBDomain::patterns -Os -flto -ffat-lto-objects"

TRACE::2025-07-24.17:30:49::SCWBDomain::Running Make libs in psu_cortexa53_0/libsrc/uartps_v3_11/src

TRACE::2025-07-24.17:30:49::SCWBDomain::make -C psu_cortexa53_0/libsrc/uartps_v3_11/src -s libs  "SHELL=/bin/sh" "COMPILER=aarch64-none-elf-gcc" "ASSEMBLER=aarch64-non
TRACE::2025-07-24.17:30:49::SCWBDomain::e-elf-as" "ARCHIVER=aarch64-none-elf-ar" "COMPILER_FLAGS=  -c" "EXTRA_COMPILER_FLAGS=-g -Wall -Wextra -fno-tree-loop-distribute
TRACE::2025-07-24.17:30:49::SCWBDomain::-patterns -Os -flto -ffat-lto-objects"

TRACE::2025-07-24.17:30:49::SCWBDomain::Running Make libs in psu_cortexa53_0/libsrc/usbpsu_v1_11/src

TRACE::2025-07-24.17:30:49::SCWBDomain::make -C psu_cortexa53_0/libsrc/usbpsu_v1_11/src -s libs  "SHELL=/bin/sh" "COMPILER=aarch64-none-elf-gcc" "ASSEMBLER=aarch64-non
TRACE::2025-07-24.17:30:49::SCWBDomain::e-elf-as" "ARCHIVER=aarch64-none-elf-ar" "COMPILER_FLAGS=  -c" "EXTRA_COMPILER_FLAGS=-g -Wall -Wextra -fno-tree-loop-distribute
TRACE::2025-07-24.17:30:49::SCWBDomain::-patterns -Os -flto -ffat-lto-objects"

TRACE::2025-07-24.17:30:49::SCWBDomain::Running Make libs in psu_cortexa53_0/libsrc/video_common_v4_13/src

TRACE::2025-07-24.17:30:49::SCWBDomain::make -C psu_cortexa53_0/libsrc/video_common_v4_13/src -s libs  "SHELL=/bin/sh" "COMPILER=aarch64-none-elf-gcc" "ASSEMBLER=aarch
TRACE::2025-07-24.17:30:49::SCWBDomain::64-none-elf-as" "ARCHIVER=aarch64-none-elf-ar" "COMPILER_FLAGS=  -c" "EXTRA_COMPILER_FLAGS=-g -Wall -Wextra -fno-tree-loop-dist
TRACE::2025-07-24.17:30:49::SCWBDomain::ribute-patterns -Os -flto -ffat-lto-objects"

TRACE::2025-07-24.17:30:50::SCWBDomain::Running Make libs in psu_cortexa53_0/libsrc/wdtps_v3_5/src

TRACE::2025-07-24.17:30:50::SCWBDomain::make -C psu_cortexa53_0/libsrc/wdtps_v3_5/src -s libs  "SHELL=/bin/sh" "COMPILER=aarch64-none-elf-gcc" "ASSEMBLER=aarch64-none-
TRACE::2025-07-24.17:30:50::SCWBDomain::elf-as" "ARCHIVER=aarch64-none-elf-ar" "COMPILER_FLAGS=  -c" "EXTRA_COMPILER_FLAGS=-g -Wall -Wextra -fno-tree-loop-distribute-p
TRACE::2025-07-24.17:30:50::SCWBDomain::atterns -Os -flto -ffat-lto-objects"

TRACE::2025-07-24.17:30:50::SCWBDomain::Running Make libs in psu_cortexa53_0/libsrc/xilffs_v4_7/src

TRACE::2025-07-24.17:30:50::SCWBDomain::make -C psu_cortexa53_0/libsrc/xilffs_v4_7/src -s libs  "SHELL=/bin/sh" "COMPILER=aarch64-none-elf-gcc" "ASSEMBLER=aarch64-none
TRACE::2025-07-24.17:30:50::SCWBDomain::-elf-as" "ARCHIVER=aarch64-none-elf-ar" "COMPILER_FLAGS=  -c" "EXTRA_COMPILER_FLAGS=-g -Wall -Wextra -fno-tree-loop-distribute-
TRACE::2025-07-24.17:30:50::SCWBDomain::patterns -Os -flto -ffat-lto-objects"

TRACE::2025-07-24.17:30:50::SCWBDomain::Running Make libs in psu_cortexa53_0/libsrc/zdma_v1_14/src

TRACE::2025-07-24.17:30:50::SCWBDomain::make -C psu_cortexa53_0/libsrc/zdma_v1_14/src -s libs  "SHELL=/bin/sh" "COMPILER=aarch64-none-elf-gcc" "ASSEMBLER=aarch64-none-
TRACE::2025-07-24.17:30:50::SCWBDomain::elf-as" "ARCHIVER=aarch64-none-elf-ar" "COMPILER_FLAGS=  -c" "EXTRA_COMPILER_FLAGS=-g -Wall -Wextra -fno-tree-loop-distribute-p
TRACE::2025-07-24.17:30:50::SCWBDomain::atterns -Os -flto -ffat-lto-objects"

TRACE::2025-07-24.17:30:50::SCWBDomain::Finished building libraries parallelly.

TRACE::2025-07-24.17:30:50::SCWBDomain::make --no-print-directory archive

TRACE::2025-07-24.17:30:50::SCWBDomain::aarch64-none-elf-ar -r  psu_cortexa53_0/lib/libxil.a psu_cortexa53_0/lib/abort.o psu_cortexa53_0/lib/asm_vectors.o psu_cortexa5
TRACE::2025-07-24.17:30:50::SCWBDomain::3_0/lib/boot.o psu_cortexa53_0/lib/close.o psu_cortexa53_0/lib/cpputest_time.o psu_cortexa53_0/lib/errno.o psu_cortexa53_0/lib/
TRACE::2025-07-24.17:30:50::SCWBDomain::_exit.o psu_cortexa53_0/lib/fcntl.o psu_cortexa53_0/lib/fstat.o psu_cortexa53_0/lib/getpid.o psu_cortexa53_0/lib/inbyte.o psu_c
TRACE::2025-07-24.17:30:50::SCWBDomain::ortexa53_0/lib/initialise_monitor_handles.o psu_cortexa53_0/lib/isatty.o psu_cortexa53_0/lib/kill.o psu_cortexa53_0/lib/lseek.o
TRACE::2025-07-24.17:30:50::SCWBDomain:: psu_cortexa53_0/lib/_open.o psu_cortexa53_0/lib/open.o psu_cortexa53_0/lib/outbyte.o psu_cortexa53_0/lib/print.o psu_cortexa53
TRACE::2025-07-24.17:30:50::SCWBDomain::_0/lib/putnum.o psu_cortexa53_0/lib/read.o psu_cortexa53_0/lib/_sbrk.o psu_cortexa53_0/lib/sbrk.o psu_cortexa53_0/lib/sleep.o p
TRACE::2025-07-24.17:30:50::SCWBDomain::su_cortexa53_0/lib/time.o psu_cortexa53_0/lib/translation_table.o psu_cortexa53_0/lib/unlink.o psu_cortexa53_0/lib/vectors.o ps
TRACE::2025-07-24.17:30:50::SCWBDomain::u_cortexa53_0/lib/write.o psu_cortexa53_0/lib/xaxipmon_g.o psu_cortexa53_0/lib/xaxipmon.o psu_cortexa53_0/lib/xaxipmon_selftest
TRACE::2025-07-24.17:30:50::SCWBDomain::.o psu_cortexa53_0/lib/xaxipmon_sinit.o psu_cortexa53_0/lib/xclockps_divider.o psu_cortexa53_0/lib/xclockps_fixedfactor.o psu_c
TRACE::2025-07-24.17:30:50::SCWBDomain::ortexa53_0/lib/xclockps_gate.o psu_cortexa53_0/lib/xclockps_g.o psu_cortexa53_0/lib/xclockps_mux.o psu_cortexa53_0/lib/xclockps
TRACE::2025-07-24.17:30:50::SCWBDomain::.o psu_cortexa53_0/lib/xclockps_pll.o psu_cortexa53_0/lib/xclockps_sinit.o psu_cortexa53_0/lib/xcoresightpsdcc.o psu_cortexa53_
TRACE::2025-07-24.17:30:50::SCWBDomain::0/lib/xcsudma_g.o psu_cortexa53_0/lib/xcsudma_intr.o psu_cortexa53_0/lib/xcsudma.o psu_cortexa53_0/lib/xcsudma_selftest.o psu_c
TRACE::2025-07-24.17:30:50::SCWBDomain::ortexa53_0/lib/xcsudma_sinit.o psu_cortexa53_0/lib/xgpiops_g.o psu_cortexa53_0/lib/xgpiops_hw.o psu_cortexa53_0/lib/xgpiops_int
TRACE::2025-07-24.17:30:50::SCWBDomain::r.o psu_cortexa53_0/lib/xgpiops.o psu_cortexa53_0/lib/xgpiops_selftest.o psu_cortexa53_0/lib/xgpiops_sinit.o psu_cortexa53_0/li
TRACE::2025-07-24.17:30:50::SCWBDomain::b/xiicps_g.o psu_cortexa53_0/lib/xiicps_hw.o psu_cortexa53_0/lib/xiicps_intr.o psu_cortexa53_0/lib/xiicps_master.o psu_cortexa5
TRACE::2025-07-24.17:30:50::SCWBDomain::3_0/lib/xiicps.o psu_cortexa53_0/lib/xiicps_options.o psu_cortexa53_0/lib/xiicps_selftest.o psu_cortexa53_0/lib/xiicps_sinit.o 
TRACE::2025-07-24.17:30:50::SCWBDomain::psu_cortexa53_0/lib/xiicps_slave.o psu_cortexa53_0/lib/xiicps_xfer.o psu_cortexa53_0/lib/xil_assert.o psu_cortexa53_0/lib/xil_c
TRACE::2025-07-24.17:30:50::SCWBDomain::ache.o psu_cortexa53_0/lib/xil_clocking.o psu_cortexa53_0/lib/xil-crt0.o psu_cortexa53_0/lib/xil_exception.o psu_cortexa53_0/li
TRACE::2025-07-24.17:30:50::SCWBDomain::b/xil_mem.o psu_cortexa53_0/lib/xil_mmu.o psu_cortexa53_0/lib/xil_printf.o psu_cortexa53_0/lib/xil_sleepcommon.o psu_cortexa53_
TRACE::2025-07-24.17:30:50::SCWBDomain::0/lib/xil_sleeptimer.o psu_cortexa53_0/lib/xil_smc.o psu_cortexa53_0/lib/xil_spinlock.o psu_cortexa53_0/lib/xil_testcache.o psu
TRACE::2025-07-24.17:30:50::SCWBDomain::_cortexa53_0/lib/xil_testio.o psu_cortexa53_0/lib/xil_testmem.o psu_cortexa53_0/lib/xil_util.o psu_cortexa53_0/lib/xinterrupt_w
TRACE::2025-07-24.17:30:50::SCWBDomain::rap.o psu_cortexa53_0/lib/xipipsu_buf.o psu_cortexa53_0/lib/xipipsu_g.o psu_cortexa53_0/lib/xipipsu.o psu_cortexa53_0/lib/xipip
TRACE::2025-07-24.17:30:50::SCWBDomain::su_sinit.o psu_cortexa53_0/lib/xplatform_info.o psu_cortexa53_0/lib/xresetps_g.o psu_cortexa53_0/lib/xresetps.o psu_cortexa53_0
TRACE::2025-07-24.17:30:50::SCWBDomain::/lib/xresetps_sinit.o psu_cortexa53_0/lib/xrtcpsu_g.o psu_cortexa53_0/lib/xrtcpsu_intr.o psu_cortexa53_0/lib/xrtcpsu.o psu_cort
TRACE::2025-07-24.17:30:50::SCWBDomain::exa53_0/lib/xrtcpsu_selftest.o psu_cortexa53_0/lib/xrtcpsu_sinit.o psu_cortexa53_0/lib/xscugic_g.o psu_cortexa53_0/lib/xscugic_
TRACE::2025-07-24.17:30:50::SCWBDomain::hw.o psu_cortexa53_0/lib/xscugic_intr.o psu_cortexa53_0/lib/xscugic.o psu_cortexa53_0/lib/xscugic_selftest.o psu_cortexa53_0/li
TRACE::2025-07-24.17:30:50::SCWBDomain::b/xscugic_sinit.o psu_cortexa53_0/lib/xsdps_card.o psu_cortexa53_0/lib/xsdps_g.o psu_cortexa53_0/lib/xsdps_host.o psu_cortexa53
TRACE::2025-07-24.17:30:50::SCWBDomain::_0/lib/xsdps.o psu_cortexa53_0/lib/xsdps_options.o psu_cortexa53_0/lib/xsdps_sinit.o psu_cortexa53_0/lib/xspips_g.o psu_cortexa
TRACE::2025-07-24.17:30:50::SCWBDomain::53_0/lib/xspips_hw.o psu_cortexa53_0/lib/xspips.o psu_cortexa53_0/lib/xspips_options.o psu_cortexa53_0/lib/xspips_selftest.o ps
TRACE::2025-07-24.17:30:50::SCWBDomain::u_cortexa53_0/lib/xspips_sinit.o psu_cortexa53_0/lib/xsysmonpsu_g.o psu_cortexa53_0/lib/xsysmonpsu_intr.o psu_cortexa53_0/lib/x
TRACE::2025-07-24.17:30:50::SCWBDomain::sysmonpsu.o psu_cortexa53_0/lib/xsysmonpsu_selftest.o psu_cortexa53_0/lib/xsysmonpsu_sinit.o psu_cortexa53_0/lib/xtime_l.o psu_
TRACE::2025-07-24.17:30:50::SCWBDomain::cortexa53_0/lib/xttcps_g.o psu_cortexa53_0/lib/xttcps.o psu_cortexa53_0/lib/xttcps_options.o psu_cortexa53_0/lib/xttcps_selftes
TRACE::2025-07-24.17:30:50::SCWBDomain::t.o psu_cortexa53_0/lib/xttcps_sinit.o psu_cortexa53_0/lib/xuartps_g.o psu_cortexa53_0/lib/xuartps_hw.o psu_cortexa53_0/lib/xua
TRACE::2025-07-24.17:30:50::SCWBDomain::rtps_intr.o psu_cortexa53_0/lib/xuartps.o psu_cortexa53_0/lib/xuartps_options.o psu_cortexa53_0/lib/xuartps_selftest.o psu_cort
TRACE::2025-07-24.17:30:50::SCWBDomain::exa53_0/lib/xuartps_sinit.o psu_cortexa53_0/lib/xusbpsu_command.o psu_cortexa53_0/lib/xusbpsu_controltransfers.o psu_cortexa53_
TRACE::2025-07-24.17:30:50::SCWBDomain::0/lib/xusbpsu_device.o psu_cortexa53_0/lib/xusbpsu_endpoint.o psu_cortexa53_0/lib/xusbpsu_ep0handler.o psu_cortexa53_0/lib/xusb
TRACE::2025-07-24.17:30:50::SCWBDomain::psu_ephandler.o psu_cortexa53_0/lib/xusbpsu_event.o psu_cortexa53_0/lib/xusbpsu_g.o psu_cortexa53_0/lib/xusbpsu_hibernation.o p
TRACE::2025-07-24.17:30:50::SCWBDomain::su_cortexa53_0/lib/xusbpsu_intr.o psu_cortexa53_0/lib/xusbpsu.o psu_cortexa53_0/lib/xusbpsu_sinit.o psu_cortexa53_0/lib/xvidc_e
TRACE::2025-07-24.17:30:50::SCWBDomain::did_ext.o psu_cortexa53_0/lib/xvidc_edid.o psu_cortexa53_0/lib/xvidc.o psu_cortexa53_0/lib/xvidc_parse_edid.o psu_cortexa53_0/l
TRACE::2025-07-24.17:30:50::SCWBDomain::ib/xvidc_timings_table.o psu_cortexa53_0/lib/xwdtps_g.o psu_cortexa53_0/lib/xwdtps.o psu_cortexa53_0/lib/xwdtps_selftest.o psu_
TRACE::2025-07-24.17:30:50::SCWBDomain::cortexa53_0/lib/xwdtps_sinit.o psu_cortexa53_0/lib/xzdma_g.o psu_cortexa53_0/lib/xzdma_intr.o psu_cortexa53_0/lib/xzdma.o psu_c
TRACE::2025-07-24.17:30:50::SCWBDomain::ortexa53_0/lib/xzdma_selftest.o psu_cortexa53_0/lib/xzdma_sinit.o

TRACE::2025-07-24.17:30:50::SCWBDomain::Finished building libraries

TRACE::2025-07-24.17:30:50::SCWBDomain::make: Leaving directory '/home/call_me_utka/Documents/Projects/aes-ultra96-v2-playground/LED_Blink/design_1_wrapper/zynqmp_fsbl
TRACE::2025-07-24.17:30:50::SCWBDomain::/zynqmp_fsbl_bsp'

TRACE::2025-07-24.17:30:50::SCWBDomain::aarch64-none-elf-gcc  -c -MMD -MP      -Wall -fmessage-length=0 -DARMA53_64 -Os -flto -ffat-lto-objects   -c psu_init.c -o psu_
TRACE::2025-07-24.17:30:50::SCWBDomain::init.o -Izynqmp_fsbl_bsp/psu_cortexa53_0/include -I.

TRACE::2025-07-24.17:30:50::SCWBDomain::aarch64-none-elf-gcc  -c -MMD -MP      -Wall -fmessage-length=0 -DARMA53_64 -Os -flto -ffat-lto-objects   -c xfsbl_authenticati
TRACE::2025-07-24.17:30:50::SCWBDomain::on.c -o xfsbl_authentication.o -Izynqmp_fsbl_bsp/psu_cortexa53_0/include -I.

TRACE::2025-07-24.17:30:51::SCWBDomain::aarch64-none-elf-gcc  -c -MMD -MP      -Wall -fmessage-length=0 -DARMA53_64 -Os -flto -ffat-lto-objects   -c xfsbl_board.c -o x
TRACE::2025-07-24.17:30:51::SCWBDomain::fsbl_board.o -Izynqmp_fsbl_bsp/psu_cortexa53_0/include -I.

TRACE::2025-07-24.17:30:51::SCWBDomain::aarch64-none-elf-gcc  -c -MMD -MP      -Wall -fmessage-length=0 -DARMA53_64 -Os -flto -ffat-lto-objects   -c xfsbl_bs.c -o xfsb
TRACE::2025-07-24.17:30:51::SCWBDomain::l_bs.o -Izynqmp_fsbl_bsp/psu_cortexa53_0/include -I.

TRACE::2025-07-24.17:30:51::SCWBDomain::aarch64-none-elf-gcc  -c -MMD -MP      -Wall -fmessage-length=0 -DARMA53_64 -Os -flto -ffat-lto-objects   -c xfsbl_csu_dma.c -o
TRACE::2025-07-24.17:30:51::SCWBDomain:: xfsbl_csu_dma.o -Izynqmp_fsbl_bsp/psu_cortexa53_0/include -I.

TRACE::2025-07-24.17:30:51::SCWBDomain::aarch64-none-elf-gcc  -c -MMD -MP      -Wall -fmessage-length=0 -DARMA53_64 -Os -flto -ffat-lto-objects   -c xfsbl_ddr_init.c -
TRACE::2025-07-24.17:30:51::SCWBDomain::o xfsbl_ddr_init.o -Izynqmp_fsbl_bsp/psu_cortexa53_0/include -I.

TRACE::2025-07-24.17:30:51::SCWBDomain::aarch64-none-elf-gcc  -c -MMD -MP      -Wall -fmessage-length=0 -DARMA53_64 -Os -flto -ffat-lto-objects   -c xfsbl_dfu_util.c -
TRACE::2025-07-24.17:30:51::SCWBDomain::o xfsbl_dfu_util.o -Izynqmp_fsbl_bsp/psu_cortexa53_0/include -I.

TRACE::2025-07-24.17:30:51::SCWBDomain::aarch64-none-elf-gcc  -c -MMD -MP      -Wall -fmessage-length=0 -DARMA53_64 -Os -flto -ffat-lto-objects   -c xfsbl_handoff.c -o
TRACE::2025-07-24.17:30:51::SCWBDomain:: xfsbl_handoff.o -Izynqmp_fsbl_bsp/psu_cortexa53_0/include -I.

TRACE::2025-07-24.17:30:51::SCWBDomain::aarch64-none-elf-gcc  -c -MMD -MP      -Wall -fmessage-length=0 -DARMA53_64 -Os -flto -ffat-lto-objects   -c xfsbl_hooks.c -o x
TRACE::2025-07-24.17:30:51::SCWBDomain::fsbl_hooks.o -Izynqmp_fsbl_bsp/psu_cortexa53_0/include -I.

TRACE::2025-07-24.17:30:51::SCWBDomain::aarch64-none-elf-gcc  -c -MMD -MP      -Wall -fmessage-length=0 -DARMA53_64 -Os -flto -ffat-lto-objects   -c xfsbl_image_header
TRACE::2025-07-24.17:30:51::SCWBDomain::.c -o xfsbl_image_header.o -Izynqmp_fsbl_bsp/psu_cortexa53_0/include -I.

TRACE::2025-07-24.17:30:51::SCWBDomain::aarch64-none-elf-gcc  -c -MMD -MP      -Wall -fmessage-length=0 -DARMA53_64 -Os -flto -ffat-lto-objects   -c xfsbl_initializati
TRACE::2025-07-24.17:30:51::SCWBDomain::on.c -o xfsbl_initialization.o -Izynqmp_fsbl_bsp/psu_cortexa53_0/include -I.

TRACE::2025-07-24.17:30:51::SCWBDomain::aarch64-none-elf-gcc  -c -MMD -MP      -Wall -fmessage-length=0 -DARMA53_64 -Os -flto -ffat-lto-objects   -c xfsbl_main.c -o xf
TRACE::2025-07-24.17:30:51::SCWBDomain::sbl_main.o -Izynqmp_fsbl_bsp/psu_cortexa53_0/include -I.

TRACE::2025-07-24.17:30:51::SCWBDomain::aarch64-none-elf-gcc  -c -MMD -MP      -Wall -fmessage-length=0 -DARMA53_64 -Os -flto -ffat-lto-objects   -c xfsbl_misc.c -o xf
TRACE::2025-07-24.17:30:51::SCWBDomain::sbl_misc.o -Izynqmp_fsbl_bsp/psu_cortexa53_0/include -I.

TRACE::2025-07-24.17:30:51::SCWBDomain::aarch64-none-elf-gcc  -c -MMD -MP      -Wall -fmessage-length=0 -DARMA53_64 -Os -flto -ffat-lto-objects   -c xfsbl_misc_drivers
TRACE::2025-07-24.17:30:51::SCWBDomain::.c -o xfsbl_misc_drivers.o -Izynqmp_fsbl_bsp/psu_cortexa53_0/include -I.

TRACE::2025-07-24.17:30:51::SCWBDomain::aarch64-none-elf-gcc  -c -MMD -MP      -Wall -fmessage-length=0 -DARMA53_64 -Os -flto -ffat-lto-objects   -c xfsbl_nand.c -o xf
TRACE::2025-07-24.17:30:51::SCWBDomain::sbl_nand.o -Izynqmp_fsbl_bsp/psu_cortexa53_0/include -I.

TRACE::2025-07-24.17:30:52::SCWBDomain::aarch64-none-elf-gcc  -c -MMD -MP      -Wall -fmessage-length=0 -DARMA53_64 -Os -flto -ffat-lto-objects   -c xfsbl_partition_lo
TRACE::2025-07-24.17:30:52::SCWBDomain::ad.c -o xfsbl_partition_load.o -Izynqmp_fsbl_bsp/psu_cortexa53_0/include -I.

TRACE::2025-07-24.17:30:52::SCWBDomain::aarch64-none-elf-gcc  -c -MMD -MP      -Wall -fmessage-length=0 -DARMA53_64 -Os -flto -ffat-lto-objects   -c xfsbl_plpartition_
TRACE::2025-07-24.17:30:52::SCWBDomain::valid.c -o xfsbl_plpartition_valid.o -Izynqmp_fsbl_bsp/psu_cortexa53_0/include -I.

TRACE::2025-07-24.17:30:52::SCWBDomain::aarch64-none-elf-gcc  -c -MMD -MP      -Wall -fmessage-length=0 -DARMA53_64 -Os -flto -ffat-lto-objects   -c xfsbl_qspi.c -o xf
TRACE::2025-07-24.17:30:52::SCWBDomain::sbl_qspi.o -Izynqmp_fsbl_bsp/psu_cortexa53_0/include -I.

TRACE::2025-07-24.17:30:52::SCWBDomain::aarch64-none-elf-gcc  -c -MMD -MP      -Wall -fmessage-length=0 -DARMA53_64 -Os -flto -ffat-lto-objects   -c xfsbl_rsa_sha.c -o
TRACE::2025-07-24.17:30:52::SCWBDomain:: xfsbl_rsa_sha.o -Izynqmp_fsbl_bsp/psu_cortexa53_0/include -I.

TRACE::2025-07-24.17:30:52::SCWBDomain::aarch64-none-elf-gcc  -c -MMD -MP      -Wall -fmessage-length=0 -DARMA53_64 -Os -flto -ffat-lto-objects   -c xfsbl_sd.c -o xfsb
TRACE::2025-07-24.17:30:52::SCWBDomain::l_sd.o -Izynqmp_fsbl_bsp/psu_cortexa53_0/include -I.

TRACE::2025-07-24.17:30:52::SCWBDomain::aarch64-none-elf-gcc  -c -MMD -MP      -Wall -fmessage-length=0 -DARMA53_64 -Os -flto -ffat-lto-objects   -c xfsbl_tpm.c -o xfs
TRACE::2025-07-24.17:30:52::SCWBDomain::bl_tpm.o -Izynqmp_fsbl_bsp/psu_cortexa53_0/include -I.

TRACE::2025-07-24.17:30:52::SCWBDomain::aarch64-none-elf-gcc  -c -MMD -MP      -Wall -fmessage-length=0 -DARMA53_64 -Os -flto -ffat-lto-objects   -c xfsbl_tpm_util.c -
TRACE::2025-07-24.17:30:52::SCWBDomain::o xfsbl_tpm_util.o -Izynqmp_fsbl_bsp/psu_cortexa53_0/include -I.

TRACE::2025-07-24.17:30:52::SCWBDomain::aarch64-none-elf-gcc  -c -MMD -MP      -Wall -fmessage-length=0 -DARMA53_64 -Os -flto -ffat-lto-objects   -c xfsbl_usb.c -o xfs
TRACE::2025-07-24.17:30:52::SCWBDomain::bl_usb.o -Izynqmp_fsbl_bsp/psu_cortexa53_0/include -I.

TRACE::2025-07-24.17:30:52::SCWBDomain::aarch64-none-elf-gcc  -c -MMD -MP      -Wall -fmessage-length=0 -DARMA53_64 -Os -flto -ffat-lto-objects   -c xfsbl_exit.S -o xf
TRACE::2025-07-24.17:30:52::SCWBDomain::sbl_exit.o -Izynqmp_fsbl_bsp/psu_cortexa53_0/include -I.

TRACE::2025-07-24.17:30:52::SCWBDomain::aarch64-none-elf-gcc  -c -MMD -MP      -Wall -fmessage-length=0 -DARMA53_64 -Os -flto -ffat-lto-objects   -c xfsbl_translation_
TRACE::2025-07-24.17:30:52::SCWBDomain::table.S -o xfsbl_translation_table.o -Izynqmp_fsbl_bsp/psu_cortexa53_0/include -I.

TRACE::2025-07-24.17:30:52::SCWBDomain::aarch64-none-elf-gcc -o fsbl_a53.elf psu_init.o xfsbl_authentication.o xfsbl_board.o xfsbl_bs.o xfsbl_csu_dma.o xfsbl_ddr_init.
TRACE::2025-07-24.17:30:52::SCWBDomain::o xfsbl_dfu_util.o xfsbl_exit.o xfsbl_handoff.o xfsbl_hooks.o xfsbl_image_header.o xfsbl_initialization.o xfsbl_main.o xfsbl_mi
TRACE::2025-07-24.17:30:52::SCWBDomain::sc.o xfsbl_misc_drivers.o xfsbl_nand.o xfsbl_partition_load.o xfsbl_plpartition_valid.o xfsbl_qspi.o xfsbl_rsa_sha.o xfsbl_sd.o
TRACE::2025-07-24.17:30:52::SCWBDomain:: xfsbl_tpm.o xfsbl_tpm_util.o xfsbl_translation_table.o xfsbl_usb.o -MMD -MP      -Wall -fmessage-length=0 -DARMA53_64 -Os -flt
TRACE::2025-07-24.17:30:52::SCWBDomain::o -ffat-lto-objects    -Wl,--start-group,-lxil,-lgcc,-lc,--end-group -Wl,--start-group,-lxilffs,-lxil,-lgcc,-lc,--end-group -Wl
TRACE::2025-07-24.17:30:52::SCWBDomain::,--start-group,-lxilsecure,-lxil,-lgcc,-lc,--end-group -Wl,--start-group,-lxilpm,-lxil,-lgcc,-lc,--end-group                   
TRACE::2025-07-24.17:30:52::SCWBDomain::                                                                                    -n  -Wl,--gc-sections -Lzynqmp_fsbl_bsp/psu
TRACE::2025-07-24.17:30:52::SCWBDomain::_cortexa53_0/lib -Tlscript.ld

LOG::2025-07-24.17:30:53::SCWSystem::Checking the domain zynqmp_pmufw
LOG::2025-07-24.17:30:53::SCWSystem::Doing application build for :  zynqmp_pmufw
TRACE::2025-07-24.17:30:53::SCWBDomain::Not a forced makefile updation, No changes are present. 
TRACE::2025-07-24.17:30:53::SCWDomain::Building the domain as part of full build :  zynqmp_pmufw
TRACE::2025-07-24.17:30:53::SCWPlatform::Trying to open the hw design at /home/call_me_utka/Documents/Projects/aes-ultra96-v2-playground/LED_Blink/design_1_wrapper/hw/design_1_wrapper.xsa
TRACE::2025-07-24.17:30:53::SCWPlatform::DSA given /home/call_me_utka/Documents/Projects/aes-ultra96-v2-playground/LED_Blink/design_1_wrapper/hw/design_1_wrapper.xsa
TRACE::2025-07-24.17:30:53::SCWPlatform::DSA absoulate path /home/call_me_utka/Documents/Projects/aes-ultra96-v2-playground/LED_Blink/design_1_wrapper/hw/design_1_wrapper.xsa
TRACE::2025-07-24.17:30:53::SCWPlatform::DSA directory /home/call_me_utka/Documents/Projects/aes-ultra96-v2-playground/LED_Blink/design_1_wrapper/hw
TRACE::2025-07-24.17:30:53::SCWPlatform:: Platform Path /home/call_me_utka/Documents/Projects/aes-ultra96-v2-playground/LED_Blink/design_1_wrapper/hw/design_1_wrapper.xsa
TRACE::2025-07-24.17:30:53::SCWPlatform:: Unique name xilinx:ultra96v2::0.0
TRACE::2025-07-24.17:30:53::SCWPlatform::Trying to set the existing hwdb with name design_1_wrapper_5
TRACE::2025-07-24.17:30:53::SCWPlatform::Opened existing hwdb design_1_wrapper_5
TRACE::2025-07-24.17:30:53::SCWPlatform::Found the Hw Db part of the input DSA
TRACE::2025-07-24.17:30:53::SCWMssOS::Checking the sw design at  /home/call_me_utka/Documents/Projects/aes-ultra96-v2-playground/LED_Blink/design_1_wrapper/zynqmp_pmufw/zynqmp_pmufw_bsp/system.mss
TRACE::2025-07-24.17:30:53::SCWMssOS::DEBUG:  swdes dump  /home/call_me_utka/Documents/Projects/aes-ultra96-v2-playground/LED_Blink/design_1_wrapper/zynqmp_fsbl/zynqmp_fsbl_bsp/system.mss|system||
/home/call_me_utka/Documents/Projects/aes-ultra96-v2-playground/LED_Blink/design_1_wrapper/zynqmp_pmufw/zynqmp_pmufw_bsp/system.mss|system_0||

TRACE::2025-07-24.17:30:53::SCWMssOS::Sw design exists and opened at  /home/call_me_utka/Documents/Projects/aes-ultra96-v2-playground/LED_Blink/design_1_wrapper/zynqmp_pmufw/zynqmp_pmufw_bsp/system.mss
TRACE::2025-07-24.17:30:53::SCWBDomain::Completed writing the mss file at /home/call_me_utka/Documents/Projects/aes-ultra96-v2-playground/LED_Blink/design_1_wrapper/zynqmp_pmufw/zynqmp_pmufw_bsp
TRACE::2025-07-24.17:30:53::SCWBDomain::bsp generated is upto date with the mss file. Skipping bsp generation.
TRACE::2025-07-24.17:30:53::SCWBDomain::Not a forced makefile updation, No changes are present. 
TRACE::2025-07-24.17:30:53::SCWBDomain::System Command Ran  cd  /home/call_me_utka/Documents/Projects/aes-ultra96-v2-playground/LED_Blink/design_1_wrapper/zynqmp_pmufw ; bash -c " make -C zynqmp_pmufw_bsp ; make  " 
TRACE::2025-07-24.17:30:53::SCWBDomain::make: Entering directory '/home/call_me_utka/Documents/Projects/aes-ultra96-v2-playground/LED_Blink/design_1_wrapper/zynqmp_pmu
TRACE::2025-07-24.17:30:53::SCWBDomain::fw/zynqmp_pmufw_bsp'

TRACE::2025-07-24.17:30:53::SCWBDomain::make --no-print-directory seq_libs

TRACE::2025-07-24.17:30:53::SCWBDomain::Running Make include in psu_pmu_0/libsrc/avbuf_v2_5/src

TRACE::2025-07-24.17:30:53::SCWBDomain::make -C psu_pmu_0/libsrc/avbuf_v2_5/src -s include  "SHELL=/bin/sh" "COMPILER=mb-gcc" "ASSEMBLER=mb-as" "ARCHIVER=mb-ar" "COMPI
TRACE::2025-07-24.17:30:53::SCWBDomain::LER_FLAGS=  -O2 -c -mcpu=v9.2 -mlittle-endian -mxl-barrel-shift -mxl-pattern-compare -mxl-soft-mul" "EXTRA_COMPILER_FLAGS=-g -f
TRACE::2025-07-24.17:30:53::SCWBDomain::function-sections -fdata-sections -Wall -Wextra -fno-tree-loop-distribute-patterns  -Os -flto -ffat-lto-objects"

TRACE::2025-07-24.17:30:53::SCWBDomain::Running Make include in psu_pmu_0/libsrc/axipmon_v6_9/src

TRACE::2025-07-24.17:30:53::SCWBDomain::make -C psu_pmu_0/libsrc/axipmon_v6_9/src -s include  "SHELL=/bin/sh" "COMPILER=mb-gcc" "ASSEMBLER=mb-as" "ARCHIVER=mb-ar" "COM
TRACE::2025-07-24.17:30:53::SCWBDomain::PILER_FLAGS=  -O2 -c -mcpu=v9.2 -mlittle-endian -mxl-barrel-shift -mxl-pattern-compare -mxl-soft-mul" "EXTRA_COMPILER_FLAGS=-g 
TRACE::2025-07-24.17:30:53::SCWBDomain::-ffunction-sections -fdata-sections -Wall -Wextra -fno-tree-loop-distribute-patterns  -Os -flto -ffat-lto-objects"

TRACE::2025-07-24.17:30:53::SCWBDomain::Running Make include in psu_pmu_0/libsrc/clockps_v1_4/src

TRACE::2025-07-24.17:30:53::SCWBDomain::make -C psu_pmu_0/libsrc/clockps_v1_4/src -s include  "SHELL=/bin/sh" "COMPILER=mb-gcc" "ASSEMBLER=mb-as" "ARCHIVER=mb-ar" "COM
TRACE::2025-07-24.17:30:53::SCWBDomain::PILER_FLAGS=  -O2 -c -mcpu=v9.2 -mlittle-endian -mxl-barrel-shift -mxl-pattern-compare -mxl-soft-mul" "EXTRA_COMPILER_FLAGS=-g 
TRACE::2025-07-24.17:30:53::SCWBDomain::-ffunction-sections -fdata-sections -Wall -Wextra -fno-tree-loop-distribute-patterns  -Os -flto -ffat-lto-objects"

TRACE::2025-07-24.17:30:53::SCWBDomain::Running Make include in psu_pmu_0/libsrc/cpu_v2_15/src

TRACE::2025-07-24.17:30:53::SCWBDomain::make -C psu_pmu_0/libsrc/cpu_v2_15/src -s include  "SHELL=/bin/sh" "COMPILER=mb-gcc" "ASSEMBLER=mb-as" "ARCHIVER=mb-ar" "COMPIL
TRACE::2025-07-24.17:30:53::SCWBDomain::ER_FLAGS=  -O2 -c -mcpu=v9.2 -mlittle-endian -mxl-barrel-shift -mxl-pattern-compare -mxl-soft-mul" "EXTRA_COMPILER_FLAGS=-g -ff
TRACE::2025-07-24.17:30:53::SCWBDomain::unction-sections -fdata-sections -Wall -Wextra -fno-tree-loop-distribute-patterns  -Os -flto -ffat-lto-objects"

TRACE::2025-07-24.17:30:53::SCWBDomain::Running Make include in psu_pmu_0/libsrc/csudma_v1_11/src

TRACE::2025-07-24.17:30:53::SCWBDomain::make -C psu_pmu_0/libsrc/csudma_v1_11/src -s include  "SHELL=/bin/sh" "COMPILER=mb-gcc" "ASSEMBLER=mb-as" "ARCHIVER=mb-ar" "COM
TRACE::2025-07-24.17:30:53::SCWBDomain::PILER_FLAGS=  -O2 -c -mcpu=v9.2 -mlittle-endian -mxl-barrel-shift -mxl-pattern-compare -mxl-soft-mul" "EXTRA_COMPILER_FLAGS=-g 
TRACE::2025-07-24.17:30:53::SCWBDomain::-ffunction-sections -fdata-sections -Wall -Wextra -fno-tree-loop-distribute-patterns  -Os -flto -ffat-lto-objects"

TRACE::2025-07-24.17:30:53::SCWBDomain::Running Make include in psu_pmu_0/libsrc/ddrcpsu_v1_4/src

TRACE::2025-07-24.17:30:53::SCWBDomain::make -C psu_pmu_0/libsrc/ddrcpsu_v1_4/src -s include  "SHELL=/bin/sh" "COMPILER=mb-gcc" "ASSEMBLER=mb-as" "ARCHIVER=mb-ar" "COM
TRACE::2025-07-24.17:30:53::SCWBDomain::PILER_FLAGS=  -O2 -c -mcpu=v9.2 -mlittle-endian -mxl-barrel-shift -mxl-pattern-compare -mxl-soft-mul" "EXTRA_COMPILER_FLAGS=-g 
TRACE::2025-07-24.17:30:53::SCWBDomain::-ffunction-sections -fdata-sections -Wall -Wextra -fno-tree-loop-distribute-patterns  -Os -flto -ffat-lto-objects"

TRACE::2025-07-24.17:30:53::SCWBDomain::Running Make include in psu_pmu_0/libsrc/dpdma_v1_4/src

TRACE::2025-07-24.17:30:53::SCWBDomain::make -C psu_pmu_0/libsrc/dpdma_v1_4/src -s include  "SHELL=/bin/sh" "COMPILER=mb-gcc" "ASSEMBLER=mb-as" "ARCHIVER=mb-ar" "COMPI
TRACE::2025-07-24.17:30:53::SCWBDomain::LER_FLAGS=  -O2 -c -mcpu=v9.2 -mlittle-endian -mxl-barrel-shift -mxl-pattern-compare -mxl-soft-mul" "EXTRA_COMPILER_FLAGS=-g -f
TRACE::2025-07-24.17:30:53::SCWBDomain::function-sections -fdata-sections -Wall -Wextra -fno-tree-loop-distribute-patterns  -Os -flto -ffat-lto-objects"

TRACE::2025-07-24.17:30:53::SCWBDomain::Running Make include in psu_pmu_0/libsrc/dppsu_v1_6/src

TRACE::2025-07-24.17:30:53::SCWBDomain::make -C psu_pmu_0/libsrc/dppsu_v1_6/src -s include  "SHELL=/bin/sh" "COMPILER=mb-gcc" "ASSEMBLER=mb-as" "ARCHIVER=mb-ar" "COMPI
TRACE::2025-07-24.17:30:53::SCWBDomain::LER_FLAGS=  -O2 -c -mcpu=v9.2 -mlittle-endian -mxl-barrel-shift -mxl-pattern-compare -mxl-soft-mul" "EXTRA_COMPILER_FLAGS=-g -f
TRACE::2025-07-24.17:30:53::SCWBDomain::function-sections -fdata-sections -Wall -Wextra -fno-tree-loop-distribute-patterns  -Os -flto -ffat-lto-objects"

TRACE::2025-07-24.17:30:53::SCWBDomain::Running Make include in psu_pmu_0/libsrc/gpiops_v3_9/src

TRACE::2025-07-24.17:30:53::SCWBDomain::make -C psu_pmu_0/libsrc/gpiops_v3_9/src -s include  "SHELL=/bin/sh" "COMPILER=mb-gcc" "ASSEMBLER=mb-as" "ARCHIVER=mb-ar" "COMP
TRACE::2025-07-24.17:30:53::SCWBDomain::ILER_FLAGS=  -O2 -c -mcpu=v9.2 -mlittle-endian -mxl-barrel-shift -mxl-pattern-compare -mxl-soft-mul" "EXTRA_COMPILER_FLAGS=-g -
TRACE::2025-07-24.17:30:53::SCWBDomain::ffunction-sections -fdata-sections -Wall -Wextra -fno-tree-loop-distribute-patterns  -Os -flto -ffat-lto-objects"

TRACE::2025-07-24.17:30:53::SCWBDomain::Running Make include in psu_pmu_0/libsrc/iicps_v3_15/src

TRACE::2025-07-24.17:30:53::SCWBDomain::make -C psu_pmu_0/libsrc/iicps_v3_15/src -s include  "SHELL=/bin/sh" "COMPILER=mb-gcc" "ASSEMBLER=mb-as" "ARCHIVER=mb-ar" "COMP
TRACE::2025-07-24.17:30:53::SCWBDomain::ILER_FLAGS=  -O2 -c -mcpu=v9.2 -mlittle-endian -mxl-barrel-shift -mxl-pattern-compare -mxl-soft-mul" "EXTRA_COMPILER_FLAGS=-g -
TRACE::2025-07-24.17:30:53::SCWBDomain::ffunction-sections -fdata-sections -Wall -Wextra -fno-tree-loop-distribute-patterns  -Os -flto -ffat-lto-objects"

TRACE::2025-07-24.17:30:53::SCWBDomain::Running Make include in psu_pmu_0/libsrc/ipipsu_v2_11/src

TRACE::2025-07-24.17:30:53::SCWBDomain::make -C psu_pmu_0/libsrc/ipipsu_v2_11/src -s include  "SHELL=/bin/sh" "COMPILER=mb-gcc" "ASSEMBLER=mb-as" "ARCHIVER=mb-ar" "COM
TRACE::2025-07-24.17:30:53::SCWBDomain::PILER_FLAGS=  -O2 -c -mcpu=v9.2 -mlittle-endian -mxl-barrel-shift -mxl-pattern-compare -mxl-soft-mul" "EXTRA_COMPILER_FLAGS=-g 
TRACE::2025-07-24.17:30:53::SCWBDomain::-ffunction-sections -fdata-sections -Wall -Wextra -fno-tree-loop-distribute-patterns  -Os -flto -ffat-lto-objects"

TRACE::2025-07-24.17:30:53::SCWBDomain::Running Make include in psu_pmu_0/libsrc/resetps_v1_5/src

TRACE::2025-07-24.17:30:53::SCWBDomain::make -C psu_pmu_0/libsrc/resetps_v1_5/src -s include  "SHELL=/bin/sh" "COMPILER=mb-gcc" "ASSEMBLER=mb-as" "ARCHIVER=mb-ar" "COM
TRACE::2025-07-24.17:30:53::SCWBDomain::PILER_FLAGS=  -O2 -c -mcpu=v9.2 -mlittle-endian -mxl-barrel-shift -mxl-pattern-compare -mxl-soft-mul" "EXTRA_COMPILER_FLAGS=-g 
TRACE::2025-07-24.17:30:53::SCWBDomain::-ffunction-sections -fdata-sections -Wall -Wextra -fno-tree-loop-distribute-patterns  -Os -flto -ffat-lto-objects"

TRACE::2025-07-24.17:30:53::SCWBDomain::Running Make include in psu_pmu_0/libsrc/rtcpsu_v1_11/src

TRACE::2025-07-24.17:30:53::SCWBDomain::make -C psu_pmu_0/libsrc/rtcpsu_v1_11/src -s include  "SHELL=/bin/sh" "COMPILER=mb-gcc" "ASSEMBLER=mb-as" "ARCHIVER=mb-ar" "COM
TRACE::2025-07-24.17:30:53::SCWBDomain::PILER_FLAGS=  -O2 -c -mcpu=v9.2 -mlittle-endian -mxl-barrel-shift -mxl-pattern-compare -mxl-soft-mul" "EXTRA_COMPILER_FLAGS=-g 
TRACE::2025-07-24.17:30:53::SCWBDomain::-ffunction-sections -fdata-sections -Wall -Wextra -fno-tree-loop-distribute-patterns  -Os -flto -ffat-lto-objects"

TRACE::2025-07-24.17:30:53::SCWBDomain::Running Make include in psu_pmu_0/libsrc/sdps_v3_14/src

TRACE::2025-07-24.17:30:53::SCWBDomain::make -C psu_pmu_0/libsrc/sdps_v3_14/src -s include  "SHELL=/bin/sh" "COMPILER=mb-gcc" "ASSEMBLER=mb-as" "ARCHIVER=mb-ar" "COMPI
TRACE::2025-07-24.17:30:53::SCWBDomain::LER_FLAGS=  -O2 -c -mcpu=v9.2 -mlittle-endian -mxl-barrel-shift -mxl-pattern-compare -mxl-soft-mul" "EXTRA_COMPILER_FLAGS=-g -f
TRACE::2025-07-24.17:30:53::SCWBDomain::function-sections -fdata-sections -Wall -Wextra -fno-tree-loop-distribute-patterns  -Os -flto -ffat-lto-objects"

TRACE::2025-07-24.17:30:53::SCWBDomain::Running Make include in psu_pmu_0/libsrc/spips_v3_7/src

TRACE::2025-07-24.17:30:53::SCWBDomain::make -C psu_pmu_0/libsrc/spips_v3_7/src -s include  "SHELL=/bin/sh" "COMPILER=mb-gcc" "ASSEMBLER=mb-as" "ARCHIVER=mb-ar" "COMPI
TRACE::2025-07-24.17:30:53::SCWBDomain::LER_FLAGS=  -O2 -c -mcpu=v9.2 -mlittle-endian -mxl-barrel-shift -mxl-pattern-compare -mxl-soft-mul" "EXTRA_COMPILER_FLAGS=-g -f
TRACE::2025-07-24.17:30:53::SCWBDomain::function-sections -fdata-sections -Wall -Wextra -fno-tree-loop-distribute-patterns  -Os -flto -ffat-lto-objects"

TRACE::2025-07-24.17:30:53::SCWBDomain::Running Make include in psu_pmu_0/libsrc/standalone_v7_7/src

TRACE::2025-07-24.17:30:53::SCWBDomain::make -C psu_pmu_0/libsrc/standalone_v7_7/src -s include  "SHELL=/bin/sh" "COMPILER=mb-gcc" "ASSEMBLER=mb-as" "ARCHIVER=mb-ar" "
TRACE::2025-07-24.17:30:53::SCWBDomain::COMPILER_FLAGS=  -O2 -c -mcpu=v9.2 -mlittle-endian -mxl-barrel-shift -mxl-pattern-compare -mxl-soft-mul" "EXTRA_COMPILER_FLAGS=
TRACE::2025-07-24.17:30:53::SCWBDomain::-g -ffunction-sections -fdata-sections -Wall -Wextra -fno-tree-loop-distribute-patterns  -Os -flto -ffat-lto-objects"

TRACE::2025-07-24.17:30:54::SCWBDomain::Running Make include in psu_pmu_0/libsrc/sysmonpsu_v2_7/src

TRACE::2025-07-24.17:30:54::SCWBDomain::make -C psu_pmu_0/libsrc/sysmonpsu_v2_7/src -s include  "SHELL=/bin/sh" "COMPILER=mb-gcc" "ASSEMBLER=mb-as" "ARCHIVER=mb-ar" "C
TRACE::2025-07-24.17:30:54::SCWBDomain::OMPILER_FLAGS=  -O2 -c -mcpu=v9.2 -mlittle-endian -mxl-barrel-shift -mxl-pattern-compare -mxl-soft-mul" "EXTRA_COMPILER_FLAGS=-
TRACE::2025-07-24.17:30:54::SCWBDomain::g -ffunction-sections -fdata-sections -Wall -Wextra -fno-tree-loop-distribute-patterns  -Os -flto -ffat-lto-objects"

TRACE::2025-07-24.17:30:54::SCWBDomain::Running Make include in psu_pmu_0/libsrc/ttcps_v3_15/src

TRACE::2025-07-24.17:30:54::SCWBDomain::make -C psu_pmu_0/libsrc/ttcps_v3_15/src -s include  "SHELL=/bin/sh" "COMPILER=mb-gcc" "ASSEMBLER=mb-as" "ARCHIVER=mb-ar" "COMP
TRACE::2025-07-24.17:30:54::SCWBDomain::ILER_FLAGS=  -O2 -c -mcpu=v9.2 -mlittle-endian -mxl-barrel-shift -mxl-pattern-compare -mxl-soft-mul" "EXTRA_COMPILER_FLAGS=-g -
TRACE::2025-07-24.17:30:54::SCWBDomain::ffunction-sections -fdata-sections -Wall -Wextra -fno-tree-loop-distribute-patterns  -Os -flto -ffat-lto-objects"

TRACE::2025-07-24.17:30:54::SCWBDomain::Running Make include in psu_pmu_0/libsrc/uartps_v3_11/src

TRACE::2025-07-24.17:30:54::SCWBDomain::make -C psu_pmu_0/libsrc/uartps_v3_11/src -s include  "SHELL=/bin/sh" "COMPILER=mb-gcc" "ASSEMBLER=mb-as" "ARCHIVER=mb-ar" "COM
TRACE::2025-07-24.17:30:54::SCWBDomain::PILER_FLAGS=  -O2 -c -mcpu=v9.2 -mlittle-endian -mxl-barrel-shift -mxl-pattern-compare -mxl-soft-mul" "EXTRA_COMPILER_FLAGS=-g 
TRACE::2025-07-24.17:30:54::SCWBDomain::-ffunction-sections -fdata-sections -Wall -Wextra -fno-tree-loop-distribute-patterns  -Os -flto -ffat-lto-objects"

TRACE::2025-07-24.17:30:54::SCWBDomain::Running Make include in psu_pmu_0/libsrc/usbpsu_v1_11/src

TRACE::2025-07-24.17:30:54::SCWBDomain::make -C psu_pmu_0/libsrc/usbpsu_v1_11/src -s include  "SHELL=/bin/sh" "COMPILER=mb-gcc" "ASSEMBLER=mb-as" "ARCHIVER=mb-ar" "COM
TRACE::2025-07-24.17:30:54::SCWBDomain::PILER_FLAGS=  -O2 -c -mcpu=v9.2 -mlittle-endian -mxl-barrel-shift -mxl-pattern-compare -mxl-soft-mul" "EXTRA_COMPILER_FLAGS=-g 
TRACE::2025-07-24.17:30:54::SCWBDomain::-ffunction-sections -fdata-sections -Wall -Wextra -fno-tree-loop-distribute-patterns  -Os -flto -ffat-lto-objects"

TRACE::2025-07-24.17:30:54::SCWBDomain::Running Make include in psu_pmu_0/libsrc/video_common_v4_13/src

TRACE::2025-07-24.17:30:54::SCWBDomain::make -C psu_pmu_0/libsrc/video_common_v4_13/src -s include  "SHELL=/bin/sh" "COMPILER=mb-gcc" "ASSEMBLER=mb-as" "ARCHIVER=mb-ar
TRACE::2025-07-24.17:30:54::SCWBDomain::" "COMPILER_FLAGS=  -O2 -c -mcpu=v9.2 -mlittle-endian -mxl-barrel-shift -mxl-pattern-compare -mxl-soft-mul" "EXTRA_COMPILER_FLA
TRACE::2025-07-24.17:30:54::SCWBDomain::GS=-g -ffunction-sections -fdata-sections -Wall -Wextra -fno-tree-loop-distribute-patterns  -Os -flto -ffat-lto-objects"

TRACE::2025-07-24.17:30:54::SCWBDomain::Running Make include in psu_pmu_0/libsrc/wdtps_v3_5/src

TRACE::2025-07-24.17:30:54::SCWBDomain::make -C psu_pmu_0/libsrc/wdtps_v3_5/src -s include  "SHELL=/bin/sh" "COMPILER=mb-gcc" "ASSEMBLER=mb-as" "ARCHIVER=mb-ar" "COMPI
TRACE::2025-07-24.17:30:54::SCWBDomain::LER_FLAGS=  -O2 -c -mcpu=v9.2 -mlittle-endian -mxl-barrel-shift -mxl-pattern-compare -mxl-soft-mul" "EXTRA_COMPILER_FLAGS=-g -f
TRACE::2025-07-24.17:30:54::SCWBDomain::function-sections -fdata-sections -Wall -Wextra -fno-tree-loop-distribute-patterns  -Os -flto -ffat-lto-objects"

TRACE::2025-07-24.17:30:54::SCWBDomain::Running Make include in psu_pmu_0/libsrc/xilfpga_v6_2/src

TRACE::2025-07-24.17:30:54::SCWBDomain::make -C psu_pmu_0/libsrc/xilfpga_v6_2/src -s include  "SHELL=/bin/sh" "COMPILER=mb-gcc" "ASSEMBLER=mb-as" "ARCHIVER=mb-ar" "COM
TRACE::2025-07-24.17:30:54::SCWBDomain::PILER_FLAGS=  -O2 -c -mcpu=v9.2 -mlittle-endian -mxl-barrel-shift -mxl-pattern-compare -mxl-soft-mul" "EXTRA_COMPILER_FLAGS=-g 
TRACE::2025-07-24.17:30:54::SCWBDomain::-ffunction-sections -fdata-sections -Wall -Wextra -fno-tree-loop-distribute-patterns  -Os -flto -ffat-lto-objects"

TRACE::2025-07-24.17:30:54::SCWBDomain::Running Make include in psu_pmu_0/libsrc/xilsecure_v4_7/src

TRACE::2025-07-24.17:30:54::SCWBDomain::make -C psu_pmu_0/libsrc/xilsecure_v4_7/src -s include  "SHELL=/bin/sh" "COMPILER=mb-gcc" "ASSEMBLER=mb-as" "ARCHIVER=mb-ar" "C
TRACE::2025-07-24.17:30:54::SCWBDomain::OMPILER_FLAGS=  -O2 -c -mcpu=v9.2 -mlittle-endian -mxl-barrel-shift -mxl-pattern-compare -mxl-soft-mul" "EXTRA_COMPILER_FLAGS=-
TRACE::2025-07-24.17:30:54::SCWBDomain::g -ffunction-sections -fdata-sections -Wall -Wextra -fno-tree-loop-distribute-patterns  -Os -flto -ffat-lto-objects"

TRACE::2025-07-24.17:30:54::SCWBDomain::Running Make include in psu_pmu_0/libsrc/xilskey_v7_3/src

TRACE::2025-07-24.17:30:54::SCWBDomain::make -C psu_pmu_0/libsrc/xilskey_v7_3/src -s include  "SHELL=/bin/sh" "COMPILER=mb-gcc" "ASSEMBLER=mb-as" "ARCHIVER=mb-ar" "COM
TRACE::2025-07-24.17:30:54::SCWBDomain::PILER_FLAGS=  -O2 -c -mcpu=v9.2 -mlittle-endian -mxl-barrel-shift -mxl-pattern-compare -mxl-soft-mul" "EXTRA_COMPILER_FLAGS=-g 
TRACE::2025-07-24.17:30:54::SCWBDomain::-ffunction-sections -fdata-sections -Wall -Wextra -fno-tree-loop-distribute-patterns  -Os -flto -ffat-lto-objects"

TRACE::2025-07-24.17:30:54::SCWBDomain::Running Make include in psu_pmu_0/libsrc/zdma_v1_14/src

TRACE::2025-07-24.17:30:54::SCWBDomain::make -C psu_pmu_0/libsrc/zdma_v1_14/src -s include  "SHELL=/bin/sh" "COMPILER=mb-gcc" "ASSEMBLER=mb-as" "ARCHIVER=mb-ar" "COMPI
TRACE::2025-07-24.17:30:54::SCWBDomain::LER_FLAGS=  -O2 -c -mcpu=v9.2 -mlittle-endian -mxl-barrel-shift -mxl-pattern-compare -mxl-soft-mul" "EXTRA_COMPILER_FLAGS=-g -f
TRACE::2025-07-24.17:30:54::SCWBDomain::function-sections -fdata-sections -Wall -Wextra -fno-tree-loop-distribute-patterns  -Os -flto -ffat-lto-objects"

TRACE::2025-07-24.17:30:54::SCWBDomain::Running Make libs in psu_pmu_0/libsrc/xilskey_v7_3/src

TRACE::2025-07-24.17:30:54::SCWBDomain::make -C psu_pmu_0/libsrc/xilskey_v7_3/src -s libs  "SHELL=/bin/sh" "COMPILER=mb-gcc" "ASSEMBLER=mb-as" "ARCHIVER=mb-ar" "COMPIL
TRACE::2025-07-24.17:30:54::SCWBDomain::ER_FLAGS=  -O2 -c -mcpu=v9.2 -mlittle-endian -mxl-barrel-shift -mxl-pattern-compare -mxl-soft-mul" "EXTRA_COMPILER_FLAGS=-g -ff
TRACE::2025-07-24.17:30:54::SCWBDomain::unction-sections -fdata-sections -Wall -Wextra -fno-tree-loop-distribute-patterns  -Os -flto -ffat-lto-objects"

TRACE::2025-07-24.17:30:54::SCWBDomain::Compiling Xilskey Library

TRACE::2025-07-24.17:30:54::SCWBDomain::Running Make libs in psu_pmu_0/libsrc/dppsu_v1_6/src

TRACE::2025-07-24.17:30:54::SCWBDomain::make -C psu_pmu_0/libsrc/dppsu_v1_6/src -s libs  "SHELL=/bin/sh" "COMPILER=mb-gcc" "ASSEMBLER=mb-as" "ARCHIVER=mb-ar" "COMPILER
TRACE::2025-07-24.17:30:54::SCWBDomain::_FLAGS=  -O2 -c -mcpu=v9.2 -mlittle-endian -mxl-barrel-shift -mxl-pattern-compare -mxl-soft-mul" "EXTRA_COMPILER_FLAGS=-g -ffun
TRACE::2025-07-24.17:30:54::SCWBDomain::ction-sections -fdata-sections -Wall -Wextra -fno-tree-loop-distribute-patterns  -Os -flto -ffat-lto-objects"

TRACE::2025-07-24.17:30:54::SCWBDomain::Compiling dppsu

TRACE::2025-07-24.17:30:55::SCWBDomain::Running Make libs in psu_pmu_0/libsrc/avbuf_v2_5/src

TRACE::2025-07-24.17:30:55::SCWBDomain::make -C psu_pmu_0/libsrc/avbuf_v2_5/src -s libs  "SHELL=/bin/sh" "COMPILER=mb-gcc" "ASSEMBLER=mb-as" "ARCHIVER=mb-ar" "COMPILER
TRACE::2025-07-24.17:30:55::SCWBDomain::_FLAGS=  -O2 -c -mcpu=v9.2 -mlittle-endian -mxl-barrel-shift -mxl-pattern-compare -mxl-soft-mul" "EXTRA_COMPILER_FLAGS=-g -ffun
TRACE::2025-07-24.17:30:55::SCWBDomain::ction-sections -fdata-sections -Wall -Wextra -fno-tree-loop-distribute-patterns  -Os -flto -ffat-lto-objects"

TRACE::2025-07-24.17:30:55::SCWBDomain::Compiling avbuf

TRACE::2025-07-24.17:30:55::SCWBDomain::Running Make libs in psu_pmu_0/libsrc/xilsecure_v4_7/src

TRACE::2025-07-24.17:30:55::SCWBDomain::make -C psu_pmu_0/libsrc/xilsecure_v4_7/src -s libs  "SHELL=/bin/sh" "COMPILER=mb-gcc" "ASSEMBLER=mb-as" "ARCHIVER=mb-ar" "COMP
TRACE::2025-07-24.17:30:55::SCWBDomain::ILER_FLAGS=  -O2 -c -mcpu=v9.2 -mlittle-endian -mxl-barrel-shift -mxl-pattern-compare -mxl-soft-mul" "EXTRA_COMPILER_FLAGS=-g -
TRACE::2025-07-24.17:30:55::SCWBDomain::ffunction-sections -fdata-sections -Wall -Wextra -fno-tree-loop-distribute-patterns  -Os -flto -ffat-lto-objects"

TRACE::2025-07-24.17:30:55::SCWBDomain::Compiling XilSecure Library

TRACE::2025-07-24.17:30:56::SCWBDomain::Running Make libs in psu_pmu_0/libsrc/dpdma_v1_4/src

TRACE::2025-07-24.17:30:56::SCWBDomain::make -C psu_pmu_0/libsrc/dpdma_v1_4/src -s libs  "SHELL=/bin/sh" "COMPILER=mb-gcc" "ASSEMBLER=mb-as" "ARCHIVER=mb-ar" "COMPILER
TRACE::2025-07-24.17:30:56::SCWBDomain::_FLAGS=  -O2 -c -mcpu=v9.2 -mlittle-endian -mxl-barrel-shift -mxl-pattern-compare -mxl-soft-mul" "EXTRA_COMPILER_FLAGS=-g -ffun
TRACE::2025-07-24.17:30:56::SCWBDomain::ction-sections -fdata-sections -Wall -Wextra -fno-tree-loop-distribute-patterns  -Os -flto -ffat-lto-objects"

TRACE::2025-07-24.17:30:56::SCWBDomain::Compiling dpdma

TRACE::2025-07-24.17:30:56::SCWBDomain::Finished building libraries sequentially.

TRACE::2025-07-24.17:30:56::SCWBDomain::make -j 14 --no-print-directory par_libs

TRACE::2025-07-24.17:30:56::SCWBDomain::Running Make include in psu_pmu_0/libsrc/avbuf_v2_5/src

TRACE::2025-07-24.17:30:56::SCWBDomain::make -C psu_pmu_0/libsrc/avbuf_v2_5/src -s include  "SHELL=/bin/sh" "COMPILER=mb-gcc" "ASSEMBLER=mb-as" "ARCHIVER=mb-ar" "COMPI
TRACE::2025-07-24.17:30:56::SCWBDomain::LER_FLAGS=  -O2 -c -mcpu=v9.2 -mlittle-endian -mxl-barrel-shift -mxl-pattern-compare -mxl-soft-mul" "EXTRA_COMPILER_FLAGS=-g -f
TRACE::2025-07-24.17:30:56::SCWBDomain::function-sections -fdata-sections -Wall -Wextra -fno-tree-loop-distribute-patterns  -Os -flto -ffat-lto-objects"

TRACE::2025-07-24.17:30:56::SCWBDomain::Running Make include in psu_pmu_0/libsrc/clockps_v1_4/src

TRACE::2025-07-24.17:30:56::SCWBDomain::Running Make include in psu_pmu_0/libsrc/axipmon_v6_9/src

TRACE::2025-07-24.17:30:56::SCWBDomain::make -C psu_pmu_0/libsrc/clockps_v1_4/src -s include  "SHELL=/bin/sh" "COMPILER=mb-gcc" "ASSEMBLER=mb-as" "ARCHIVER=mb-ar" "COM
TRACE::2025-07-24.17:30:56::SCWBDomain::PILER_FLAGS=  -O2 -c -mcpu=v9.2 -mlittle-endian -mxl-barrel-shift -mxl-pattern-compare -mxl-soft-mul" "EXTRA_COMPILER_FLAGS=-g 
TRACE::2025-07-24.17:30:56::SCWBDomain::-ffunction-sections -fdata-sections -Wall -Wextra -fno-tree-loop-distribute-patterns  -Os -flto -ffat-lto-objects"

TRACE::2025-07-24.17:30:56::SCWBDomain::make -C psu_pmu_0/libsrc/axipmon_v6_9/src -s include  "SHELL=/bin/sh" "COMPILER=mb-gcc" "ASSEMBLER=mb-as" "ARCHIVER=mb-ar" "COM
TRACE::2025-07-24.17:30:56::SCWBDomain::PILER_FLAGS=  -O2 -c -mcpu=v9.2 -mlittle-endian -mxl-barrel-shift -mxl-pattern-compare -mxl-soft-mul" "EXTRA_COMPILER_FLAGS=-g 
TRACE::2025-07-24.17:30:56::SCWBDomain::-ffunction-sections -fdata-sections -Wall -Wextra -fno-tree-loop-distribute-patterns  -Os -flto -ffat-lto-objects"

TRACE::2025-07-24.17:30:56::SCWBDomain::Running Make include in psu_pmu_0/libsrc/cpu_v2_15/src

TRACE::2025-07-24.17:30:56::SCWBDomain::Running Make include in psu_pmu_0/libsrc/csudma_v1_11/src

TRACE::2025-07-24.17:30:56::SCWBDomain::make -C psu_pmu_0/libsrc/cpu_v2_15/src -s include  "SHELL=/bin/sh" "COMPILER=mb-gcc" "ASSEMBLER=mb-as" "ARCHIVER=mb-ar" "COMPIL
TRACE::2025-07-24.17:30:56::SCWBDomain::ER_FLAGS=  -O2 -c -mcpu=v9.2 -mlittle-endian -mxl-barrel-shift -mxl-pattern-compare -mxl-soft-mul" "EXTRA_COMPILER_FLAGS=-g -ff
TRACE::2025-07-24.17:30:56::SCWBDomain::unction-sections -fdata-sections -Wall -Wextra -fno-tree-loop-distribute-patterns  -Os -flto -ffat-lto-objects"

TRACE::2025-07-24.17:30:56::SCWBDomain::Running Make include in psu_pmu_0/libsrc/ddrcpsu_v1_4/src

TRACE::2025-07-24.17:30:56::SCWBDomain::make -C psu_pmu_0/libsrc/csudma_v1_11/src -s include  "SHELL=/bin/sh" "COMPILER=mb-gcc" "ASSEMBLER=mb-as" "ARCHIVER=mb-ar" "COM
TRACE::2025-07-24.17:30:56::SCWBDomain::PILER_FLAGS=  -O2 -c -mcpu=v9.2 -mlittle-endian -mxl-barrel-shift -mxl-pattern-compare -mxl-soft-mul" "EXTRA_COMPILER_FLAGS=-g 
TRACE::2025-07-24.17:30:56::SCWBDomain::-ffunction-sections -fdata-sections -Wall -Wextra -fno-tree-loop-distribute-patterns  -Os -flto -ffat-lto-objects"

TRACE::2025-07-24.17:30:56::SCWBDomain::make -C psu_pmu_0/libsrc/ddrcpsu_v1_4/src -s include  "SHELL=/bin/sh" "COMPILER=mb-gcc" "ASSEMBLER=mb-as" "ARCHIVER=mb-ar" "COM
TRACE::2025-07-24.17:30:56::SCWBDomain::PILER_FLAGS=  -O2 -c -mcpu=v9.2 -mlittle-endian -mxl-barrel-shift -mxl-pattern-compare -mxl-soft-mul" "EXTRA_COMPILER_FLAGS=-g 
TRACE::2025-07-24.17:30:56::SCWBDomain::-ffunction-sections -fdata-sections -Wall -Wextra -fno-tree-loop-distribute-patterns  -Os -flto -ffat-lto-objects"

TRACE::2025-07-24.17:30:56::SCWBDomain::Running Make include in psu_pmu_0/libsrc/dpdma_v1_4/src

TRACE::2025-07-24.17:30:56::SCWBDomain::make -C psu_pmu_0/libsrc/dpdma_v1_4/src -s include  "SHELL=/bin/sh" "COMPILER=mb-gcc" "ASSEMBLER=mb-as" "ARCHIVER=mb-ar" "COMPI
TRACE::2025-07-24.17:30:56::SCWBDomain::LER_FLAGS=  -O2 -c -mcpu=v9.2 -mlittle-endian -mxl-barrel-shift -mxl-pattern-compare -mxl-soft-mul" "EXTRA_COMPILER_FLAGS=-g -f
TRACE::2025-07-24.17:30:56::SCWBDomain::function-sections -fdata-sections -Wall -Wextra -fno-tree-loop-distribute-patterns  -Os -flto -ffat-lto-objects"

TRACE::2025-07-24.17:30:56::SCWBDomain::Running Make include in psu_pmu_0/libsrc/dppsu_v1_6/src

TRACE::2025-07-24.17:30:56::SCWBDomain::make -C psu_pmu_0/libsrc/dppsu_v1_6/src -s include  "SHELL=/bin/sh" "COMPILER=mb-gcc" "ASSEMBLER=mb-as" "ARCHIVER=mb-ar" "COMPI
TRACE::2025-07-24.17:30:56::SCWBDomain::LER_FLAGS=  -O2 -c -mcpu=v9.2 -mlittle-endian -mxl-barrel-shift -mxl-pattern-compare -mxl-soft-mul" "EXTRA_COMPILER_FLAGS=-g -f
TRACE::2025-07-24.17:30:56::SCWBDomain::function-sections -fdata-sections -Wall -Wextra -fno-tree-loop-distribute-patterns  -Os -flto -ffat-lto-objects"

TRACE::2025-07-24.17:30:56::SCWBDomain::Running Make include in psu_pmu_0/libsrc/gpiops_v3_9/src

TRACE::2025-07-24.17:30:56::SCWBDomain::make -C psu_pmu_0/libsrc/gpiops_v3_9/src -s include  "SHELL=/bin/sh" "COMPILER=mb-gcc" "ASSEMBLER=mb-as" "ARCHIVER=mb-ar" "COMP
TRACE::2025-07-24.17:30:56::SCWBDomain::ILER_FLAGS=  -O2 -c -mcpu=v9.2 -mlittle-endian -mxl-barrel-shift -mxl-pattern-compare -mxl-soft-mul" "EXTRA_COMPILER_FLAGS=-g -
TRACE::2025-07-24.17:30:56::SCWBDomain::ffunction-sections -fdata-sections -Wall -Wextra -fno-tree-loop-distribute-patterns  -Os -flto -ffat-lto-objects"

TRACE::2025-07-24.17:30:56::SCWBDomain::Running Make include in psu_pmu_0/libsrc/iicps_v3_15/src

TRACE::2025-07-24.17:30:56::SCWBDomain::make -C psu_pmu_0/libsrc/iicps_v3_15/src -s include  "SHELL=/bin/sh" "COMPILER=mb-gcc" "ASSEMBLER=mb-as" "ARCHIVER=mb-ar" "COMP
TRACE::2025-07-24.17:30:56::SCWBDomain::ILER_FLAGS=  -O2 -c -mcpu=v9.2 -mlittle-endian -mxl-barrel-shift -mxl-pattern-compare -mxl-soft-mul" "EXTRA_COMPILER_FLAGS=-g -
TRACE::2025-07-24.17:30:56::SCWBDomain::ffunction-sections -fdata-sections -Wall -Wextra -fno-tree-loop-distribute-patterns  -Os -flto -ffat-lto-objects"

TRACE::2025-07-24.17:30:56::SCWBDomain::Running Make include in psu_pmu_0/libsrc/ipipsu_v2_11/src

TRACE::2025-07-24.17:30:56::SCWBDomain::make -C psu_pmu_0/libsrc/ipipsu_v2_11/src -s include  "SHELL=/bin/sh" "COMPILER=mb-gcc" "ASSEMBLER=mb-as" "ARCHIVER=mb-ar" "COM
TRACE::2025-07-24.17:30:56::SCWBDomain::PILER_FLAGS=  -O2 -c -mcpu=v9.2 -mlittle-endian -mxl-barrel-shift -mxl-pattern-compare -mxl-soft-mul" "EXTRA_COMPILER_FLAGS=-g 
TRACE::2025-07-24.17:30:56::SCWBDomain::-ffunction-sections -fdata-sections -Wall -Wextra -fno-tree-loop-distribute-patterns  -Os -flto -ffat-lto-objects"

TRACE::2025-07-24.17:30:56::SCWBDomain::Running Make include in psu_pmu_0/libsrc/resetps_v1_5/src

TRACE::2025-07-24.17:30:56::SCWBDomain::make -C psu_pmu_0/libsrc/resetps_v1_5/src -s include  "SHELL=/bin/sh" "COMPILER=mb-gcc" "ASSEMBLER=mb-as" "ARCHIVER=mb-ar" "COM
TRACE::2025-07-24.17:30:56::SCWBDomain::PILER_FLAGS=  -O2 -c -mcpu=v9.2 -mlittle-endian -mxl-barrel-shift -mxl-pattern-compare -mxl-soft-mul" "EXTRA_COMPILER_FLAGS=-g 
TRACE::2025-07-24.17:30:56::SCWBDomain::-ffunction-sections -fdata-sections -Wall -Wextra -fno-tree-loop-distribute-patterns  -Os -flto -ffat-lto-objects"

TRACE::2025-07-24.17:30:56::SCWBDomain::Running Make include in psu_pmu_0/libsrc/rtcpsu_v1_11/src

TRACE::2025-07-24.17:30:56::SCWBDomain::make -C psu_pmu_0/libsrc/rtcpsu_v1_11/src -s include  "SHELL=/bin/sh" "COMPILER=mb-gcc" "ASSEMBLER=mb-as" "ARCHIVER=mb-ar" "COM
TRACE::2025-07-24.17:30:56::SCWBDomain::PILER_FLAGS=  -O2 -c -mcpu=v9.2 -mlittle-endian -mxl-barrel-shift -mxl-pattern-compare -mxl-soft-mul" "EXTRA_COMPILER_FLAGS=-g 
TRACE::2025-07-24.17:30:56::SCWBDomain::-ffunction-sections -fdata-sections -Wall -Wextra -fno-tree-loop-distribute-patterns  -Os -flto -ffat-lto-objects"

TRACE::2025-07-24.17:30:56::SCWBDomain::Running Make include in psu_pmu_0/libsrc/sdps_v3_14/src

TRACE::2025-07-24.17:30:56::SCWBDomain::make -C psu_pmu_0/libsrc/sdps_v3_14/src -s include  "SHELL=/bin/sh" "COMPILER=mb-gcc" "ASSEMBLER=mb-as" "ARCHIVER=mb-ar" "COMPI
TRACE::2025-07-24.17:30:56::SCWBDomain::LER_FLAGS=  -O2 -c -mcpu=v9.2 -mlittle-endian -mxl-barrel-shift -mxl-pattern-compare -mxl-soft-mul" "EXTRA_COMPILER_FLAGS=-g -f
TRACE::2025-07-24.17:30:56::SCWBDomain::function-sections -fdata-sections -Wall -Wextra -fno-tree-loop-distribute-patterns  -Os -flto -ffat-lto-objects"

TRACE::2025-07-24.17:30:56::SCWBDomain::Running Make include in psu_pmu_0/libsrc/spips_v3_7/src

TRACE::2025-07-24.17:30:56::SCWBDomain::Running Make include in psu_pmu_0/libsrc/standalone_v7_7/src

TRACE::2025-07-24.17:30:56::SCWBDomain::make -C psu_pmu_0/libsrc/spips_v3_7/src -s include  "SHELL=/bin/sh" "COMPILER=mb-gcc" "ASSEMBLER=mb-as" "ARCHIVER=mb-ar" "COMPI
TRACE::2025-07-24.17:30:56::SCWBDomain::LER_FLAGS=  -O2 -c -mcpu=v9.2 -mlittle-endian -mxl-barrel-shift -mxl-pattern-compare -mxl-soft-mul" "EXTRA_COMPILER_FLAGS=-g -f
TRACE::2025-07-24.17:30:56::SCWBDomain::function-sections -fdata-sections -Wall -Wextra -fno-tree-loop-distribute-patterns  -Os -flto -ffat-lto-objects"

TRACE::2025-07-24.17:30:56::SCWBDomain::make -C psu_pmu_0/libsrc/standalone_v7_7/src -s include  "SHELL=/bin/sh" "COMPILER=mb-gcc" "ASSEMBLER=mb-as" "ARCHIVER=mb-ar" "
TRACE::2025-07-24.17:30:56::SCWBDomain::COMPILER_FLAGS=  -O2 -c -mcpu=v9.2 -mlittle-endian -mxl-barrel-shift -mxl-pattern-compare -mxl-soft-mul" "EXTRA_COMPILER_FLAGS=
TRACE::2025-07-24.17:30:56::SCWBDomain::-g -ffunction-sections -fdata-sections -Wall -Wextra -fno-tree-loop-distribute-patterns  -Os -flto -ffat-lto-objects"

TRACE::2025-07-24.17:30:56::SCWBDomain::Running Make include in psu_pmu_0/libsrc/sysmonpsu_v2_7/src

TRACE::2025-07-24.17:30:56::SCWBDomain::make -C psu_pmu_0/libsrc/sysmonpsu_v2_7/src -s include  "SHELL=/bin/sh" "COMPILER=mb-gcc" "ASSEMBLER=mb-as" "ARCHIVER=mb-ar" "C
TRACE::2025-07-24.17:30:56::SCWBDomain::OMPILER_FLAGS=  -O2 -c -mcpu=v9.2 -mlittle-endian -mxl-barrel-shift -mxl-pattern-compare -mxl-soft-mul" "EXTRA_COMPILER_FLAGS=-
TRACE::2025-07-24.17:30:56::SCWBDomain::g -ffunction-sections -fdata-sections -Wall -Wextra -fno-tree-loop-distribute-patterns  -Os -flto -ffat-lto-objects"

TRACE::2025-07-24.17:30:56::SCWBDomain::Running Make include in psu_pmu_0/libsrc/ttcps_v3_15/src

TRACE::2025-07-24.17:30:56::SCWBDomain::make -C psu_pmu_0/libsrc/ttcps_v3_15/src -s include  "SHELL=/bin/sh" "COMPILER=mb-gcc" "ASSEMBLER=mb-as" "ARCHIVER=mb-ar" "COMP
TRACE::2025-07-24.17:30:56::SCWBDomain::ILER_FLAGS=  -O2 -c -mcpu=v9.2 -mlittle-endian -mxl-barrel-shift -mxl-pattern-compare -mxl-soft-mul" "EXTRA_COMPILER_FLAGS=-g -
TRACE::2025-07-24.17:30:56::SCWBDomain::ffunction-sections -fdata-sections -Wall -Wextra -fno-tree-loop-distribute-patterns  -Os -flto -ffat-lto-objects"

TRACE::2025-07-24.17:30:56::SCWBDomain::Running Make include in psu_pmu_0/libsrc/uartps_v3_11/src

TRACE::2025-07-24.17:30:56::SCWBDomain::make -C psu_pmu_0/libsrc/uartps_v3_11/src -s include  "SHELL=/bin/sh" "COMPILER=mb-gcc" "ASSEMBLER=mb-as" "ARCHIVER=mb-ar" "COM
TRACE::2025-07-24.17:30:56::SCWBDomain::PILER_FLAGS=  -O2 -c -mcpu=v9.2 -mlittle-endian -mxl-barrel-shift -mxl-pattern-compare -mxl-soft-mul" "EXTRA_COMPILER_FLAGS=-g 
TRACE::2025-07-24.17:30:56::SCWBDomain::-ffunction-sections -fdata-sections -Wall -Wextra -fno-tree-loop-distribute-patterns  -Os -flto -ffat-lto-objects"

TRACE::2025-07-24.17:30:56::SCWBDomain::Running Make include in psu_pmu_0/libsrc/usbpsu_v1_11/src

TRACE::2025-07-24.17:30:56::SCWBDomain::make -C psu_pmu_0/libsrc/usbpsu_v1_11/src -s include  "SHELL=/bin/sh" "COMPILER=mb-gcc" "ASSEMBLER=mb-as" "ARCHIVER=mb-ar" "COM
TRACE::2025-07-24.17:30:56::SCWBDomain::PILER_FLAGS=  -O2 -c -mcpu=v9.2 -mlittle-endian -mxl-barrel-shift -mxl-pattern-compare -mxl-soft-mul" "EXTRA_COMPILER_FLAGS=-g 
TRACE::2025-07-24.17:30:56::SCWBDomain::-ffunction-sections -fdata-sections -Wall -Wextra -fno-tree-loop-distribute-patterns  -Os -flto -ffat-lto-objects"

TRACE::2025-07-24.17:30:56::SCWBDomain::Running Make include in psu_pmu_0/libsrc/video_common_v4_13/src

TRACE::2025-07-24.17:30:56::SCWBDomain::make -C psu_pmu_0/libsrc/video_common_v4_13/src -s include  "SHELL=/bin/sh" "COMPILER=mb-gcc" "ASSEMBLER=mb-as" "ARCHIVER=mb-ar
TRACE::2025-07-24.17:30:56::SCWBDomain::" "COMPILER_FLAGS=  -O2 -c -mcpu=v9.2 -mlittle-endian -mxl-barrel-shift -mxl-pattern-compare -mxl-soft-mul" "EXTRA_COMPILER_FLA
TRACE::2025-07-24.17:30:56::SCWBDomain::GS=-g -ffunction-sections -fdata-sections -Wall -Wextra -fno-tree-loop-distribute-patterns  -Os -flto -ffat-lto-objects"

TRACE::2025-07-24.17:30:56::SCWBDomain::Running Make include in psu_pmu_0/libsrc/wdtps_v3_5/src

TRACE::2025-07-24.17:30:56::SCWBDomain::make -C psu_pmu_0/libsrc/wdtps_v3_5/src -s include  "SHELL=/bin/sh" "COMPILER=mb-gcc" "ASSEMBLER=mb-as" "ARCHIVER=mb-ar" "COMPI
TRACE::2025-07-24.17:30:56::SCWBDomain::LER_FLAGS=  -O2 -c -mcpu=v9.2 -mlittle-endian -mxl-barrel-shift -mxl-pattern-compare -mxl-soft-mul" "EXTRA_COMPILER_FLAGS=-g -f
TRACE::2025-07-24.17:30:56::SCWBDomain::function-sections -fdata-sections -Wall -Wextra -fno-tree-loop-distribute-patterns  -Os -flto -ffat-lto-objects"

TRACE::2025-07-24.17:30:56::SCWBDomain::Running Make include in psu_pmu_0/libsrc/xilfpga_v6_2/src

TRACE::2025-07-24.17:30:56::SCWBDomain::make -C psu_pmu_0/libsrc/xilfpga_v6_2/src -s include  "SHELL=/bin/sh" "COMPILER=mb-gcc" "ASSEMBLER=mb-as" "ARCHIVER=mb-ar" "COM
TRACE::2025-07-24.17:30:56::SCWBDomain::PILER_FLAGS=  -O2 -c -mcpu=v9.2 -mlittle-endian -mxl-barrel-shift -mxl-pattern-compare -mxl-soft-mul" "EXTRA_COMPILER_FLAGS=-g 
TRACE::2025-07-24.17:30:56::SCWBDomain::-ffunction-sections -fdata-sections -Wall -Wextra -fno-tree-loop-distribute-patterns  -Os -flto -ffat-lto-objects"

TRACE::2025-07-24.17:30:56::SCWBDomain::Running Make include in psu_pmu_0/libsrc/xilsecure_v4_7/src

TRACE::2025-07-24.17:30:56::SCWBDomain::make -C psu_pmu_0/libsrc/xilsecure_v4_7/src -s include  "SHELL=/bin/sh" "COMPILER=mb-gcc" "ASSEMBLER=mb-as" "ARCHIVER=mb-ar" "C
TRACE::2025-07-24.17:30:56::SCWBDomain::OMPILER_FLAGS=  -O2 -c -mcpu=v9.2 -mlittle-endian -mxl-barrel-shift -mxl-pattern-compare -mxl-soft-mul" "EXTRA_COMPILER_FLAGS=-
TRACE::2025-07-24.17:30:56::SCWBDomain::g -ffunction-sections -fdata-sections -Wall -Wextra -fno-tree-loop-distribute-patterns  -Os -flto -ffat-lto-objects"

TRACE::2025-07-24.17:30:56::SCWBDomain::Running Make include in psu_pmu_0/libsrc/xilskey_v7_3/src

TRACE::2025-07-24.17:30:56::SCWBDomain::make -C psu_pmu_0/libsrc/xilskey_v7_3/src -s include  "SHELL=/bin/sh" "COMPILER=mb-gcc" "ASSEMBLER=mb-as" "ARCHIVER=mb-ar" "COM
TRACE::2025-07-24.17:30:56::SCWBDomain::PILER_FLAGS=  -O2 -c -mcpu=v9.2 -mlittle-endian -mxl-barrel-shift -mxl-pattern-compare -mxl-soft-mul" "EXTRA_COMPILER_FLAGS=-g 
TRACE::2025-07-24.17:30:56::SCWBDomain::-ffunction-sections -fdata-sections -Wall -Wextra -fno-tree-loop-distribute-patterns  -Os -flto -ffat-lto-objects"

TRACE::2025-07-24.17:30:56::SCWBDomain::Running Make include in psu_pmu_0/libsrc/zdma_v1_14/src

TRACE::2025-07-24.17:30:56::SCWBDomain::make -C psu_pmu_0/libsrc/zdma_v1_14/src -s include  "SHELL=/bin/sh" "COMPILER=mb-gcc" "ASSEMBLER=mb-as" "ARCHIVER=mb-ar" "COMPI
TRACE::2025-07-24.17:30:56::SCWBDomain::LER_FLAGS=  -O2 -c -mcpu=v9.2 -mlittle-endian -mxl-barrel-shift -mxl-pattern-compare -mxl-soft-mul" "EXTRA_COMPILER_FLAGS=-g -f
TRACE::2025-07-24.17:30:56::SCWBDomain::function-sections -fdata-sections -Wall -Wextra -fno-tree-loop-distribute-patterns  -Os -flto -ffat-lto-objects"

TRACE::2025-07-24.17:30:56::SCWBDomain::Running Make libs in psu_pmu_0/libsrc/axipmon_v6_9/src

TRACE::2025-07-24.17:30:56::SCWBDomain::Running Make libs in psu_pmu_0/libsrc/clockps_v1_4/src

TRACE::2025-07-24.17:30:56::SCWBDomain::make -C psu_pmu_0/libsrc/axipmon_v6_9/src -s libs  "SHELL=/bin/sh" "COMPILER=mb-gcc" "ASSEMBLER=mb-as" "ARCHIVER=mb-ar" "COMPIL
TRACE::2025-07-24.17:30:56::SCWBDomain::ER_FLAGS=  -O2 -c -mcpu=v9.2 -mlittle-endian -mxl-barrel-shift -mxl-pattern-compare -mxl-soft-mul" "EXTRA_COMPILER_FLAGS=-g -ff
TRACE::2025-07-24.17:30:56::SCWBDomain::unction-sections -fdata-sections -Wall -Wextra -fno-tree-loop-distribute-patterns  -Os -flto -ffat-lto-objects"

TRACE::2025-07-24.17:30:56::SCWBDomain::make -C psu_pmu_0/libsrc/clockps_v1_4/src -s libs  "SHELL=/bin/sh" "COMPILER=mb-gcc" "ASSEMBLER=mb-as" "ARCHIVER=mb-ar" "COMPIL
TRACE::2025-07-24.17:30:56::SCWBDomain::ER_FLAGS=  -O2 -c -mcpu=v9.2 -mlittle-endian -mxl-barrel-shift -mxl-pattern-compare -mxl-soft-mul" "EXTRA_COMPILER_FLAGS=-g -ff
TRACE::2025-07-24.17:30:56::SCWBDomain::unction-sections -fdata-sections -Wall -Wextra -fno-tree-loop-distribute-patterns  -Os -flto -ffat-lto-objects"

TRACE::2025-07-24.17:30:56::SCWBDomain::Running Make libs in psu_pmu_0/libsrc/cpu_v2_15/src

TRACE::2025-07-24.17:30:56::SCWBDomain::make -C psu_pmu_0/libsrc/cpu_v2_15/src -s libs  "SHELL=/bin/sh" "COMPILER=mb-gcc" "ASSEMBLER=mb-as" "ARCHIVER=mb-ar" "COMPILER_
TRACE::2025-07-24.17:30:56::SCWBDomain::FLAGS=  -O2 -c -mcpu=v9.2 -mlittle-endian -mxl-barrel-shift -mxl-pattern-compare -mxl-soft-mul" "EXTRA_COMPILER_FLAGS=-g -ffunc
TRACE::2025-07-24.17:30:56::SCWBDomain::tion-sections -fdata-sections -Wall -Wextra -fno-tree-loop-distribute-patterns  -Os -flto -ffat-lto-objects"

TRACE::2025-07-24.17:30:56::SCWBDomain::Running Make libs in psu_pmu_0/libsrc/csudma_v1_11/src

TRACE::2025-07-24.17:30:56::SCWBDomain::make -C psu_pmu_0/libsrc/csudma_v1_11/src -s libs  "SHELL=/bin/sh" "COMPILER=mb-gcc" "ASSEMBLER=mb-as" "ARCHIVER=mb-ar" "COMPIL
TRACE::2025-07-24.17:30:56::SCWBDomain::ER_FLAGS=  -O2 -c -mcpu=v9.2 -mlittle-endian -mxl-barrel-shift -mxl-pattern-compare -mxl-soft-mul" "EXTRA_COMPILER_FLAGS=-g -ff
TRACE::2025-07-24.17:30:56::SCWBDomain::unction-sections -fdata-sections -Wall -Wextra -fno-tree-loop-distribute-patterns  -Os -flto -ffat-lto-objects"

TRACE::2025-07-24.17:30:56::SCWBDomain::Running Make libs in psu_pmu_0/libsrc/ddrcpsu_v1_4/src

TRACE::2025-07-24.17:30:56::SCWBDomain::make -C psu_pmu_0/libsrc/ddrcpsu_v1_4/src -s libs  "SHELL=/bin/sh" "COMPILER=mb-gcc" "ASSEMBLER=mb-as" "ARCHIVER=mb-ar" "COMPIL
TRACE::2025-07-24.17:30:56::SCWBDomain::ER_FLAGS=  -O2 -c -mcpu=v9.2 -mlittle-endian -mxl-barrel-shift -mxl-pattern-compare -mxl-soft-mul" "EXTRA_COMPILER_FLAGS=-g -ff
TRACE::2025-07-24.17:30:56::SCWBDomain::unction-sections -fdata-sections -Wall -Wextra -fno-tree-loop-distribute-patterns  -Os -flto -ffat-lto-objects"

TRACE::2025-07-24.17:30:56::SCWBDomain::Running Make libs in psu_pmu_0/libsrc/gpiops_v3_9/src

TRACE::2025-07-24.17:30:56::SCWBDomain::make -C psu_pmu_0/libsrc/gpiops_v3_9/src -s libs  "SHELL=/bin/sh" "COMPILER=mb-gcc" "ASSEMBLER=mb-as" "ARCHIVER=mb-ar" "COMPILE
TRACE::2025-07-24.17:30:56::SCWBDomain::R_FLAGS=  -O2 -c -mcpu=v9.2 -mlittle-endian -mxl-barrel-shift -mxl-pattern-compare -mxl-soft-mul" "EXTRA_COMPILER_FLAGS=-g -ffu
TRACE::2025-07-24.17:30:56::SCWBDomain::nction-sections -fdata-sections -Wall -Wextra -fno-tree-loop-distribute-patterns  -Os -flto -ffat-lto-objects"

TRACE::2025-07-24.17:30:56::SCWBDomain::Running Make libs in psu_pmu_0/libsrc/iicps_v3_15/src

TRACE::2025-07-24.17:30:56::SCWBDomain::make -C psu_pmu_0/libsrc/iicps_v3_15/src -s libs  "SHELL=/bin/sh" "COMPILER=mb-gcc" "ASSEMBLER=mb-as" "ARCHIVER=mb-ar" "COMPILE
TRACE::2025-07-24.17:30:56::SCWBDomain::R_FLAGS=  -O2 -c -mcpu=v9.2 -mlittle-endian -mxl-barrel-shift -mxl-pattern-compare -mxl-soft-mul" "EXTRA_COMPILER_FLAGS=-g -ffu
TRACE::2025-07-24.17:30:56::SCWBDomain::nction-sections -fdata-sections -Wall -Wextra -fno-tree-loop-distribute-patterns  -Os -flto -ffat-lto-objects"

TRACE::2025-07-24.17:30:56::SCWBDomain::Running Make libs in psu_pmu_0/libsrc/resetps_v1_5/src

TRACE::2025-07-24.17:30:56::SCWBDomain::Running Make libs in psu_pmu_0/libsrc/ipipsu_v2_11/src

TRACE::2025-07-24.17:30:56::SCWBDomain::make -C psu_pmu_0/libsrc/ipipsu_v2_11/src -s libs  "SHELL=/bin/sh" "COMPILER=mb-gcc" "ASSEMBLER=mb-as" "ARCHIVER=mb-ar" "COMPIL
TRACE::2025-07-24.17:30:56::SCWBDomain::ER_FLAGS=  -O2 -c -mcpu=v9.2 -mlittle-endian -mxl-barrel-shift -mxl-pattern-compare -mxl-soft-mul" "EXTRA_COMPILER_FLAGS=-g -ff
TRACE::2025-07-24.17:30:56::SCWBDomain::unction-sections -fdata-sections -Wall -Wextra -fno-tree-loop-distribute-patterns  -Os -flto -ffat-lto-objects"

TRACE::2025-07-24.17:30:56::SCWBDomain::make -C psu_pmu_0/libsrc/resetps_v1_5/src -s libs  "SHELL=/bin/sh" "COMPILER=mb-gcc" "ASSEMBLER=mb-as" "ARCHIVER=mb-ar" "COMPIL
TRACE::2025-07-24.17:30:56::SCWBDomain::ER_FLAGS=  -O2 -c -mcpu=v9.2 -mlittle-endian -mxl-barrel-shift -mxl-pattern-compare -mxl-soft-mul" "EXTRA_COMPILER_FLAGS=-g -ff
TRACE::2025-07-24.17:30:56::SCWBDomain::unction-sections -fdata-sections -Wall -Wextra -fno-tree-loop-distribute-patterns  -Os -flto -ffat-lto-objects"

TRACE::2025-07-24.17:30:56::SCWBDomain::Running Make libs in psu_pmu_0/libsrc/rtcpsu_v1_11/src

TRACE::2025-07-24.17:30:56::SCWBDomain::make -C psu_pmu_0/libsrc/rtcpsu_v1_11/src -s libs  "SHELL=/bin/sh" "COMPILER=mb-gcc" "ASSEMBLER=mb-as" "ARCHIVER=mb-ar" "COMPIL
TRACE::2025-07-24.17:30:56::SCWBDomain::ER_FLAGS=  -O2 -c -mcpu=v9.2 -mlittle-endian -mxl-barrel-shift -mxl-pattern-compare -mxl-soft-mul" "EXTRA_COMPILER_FLAGS=-g -ff
TRACE::2025-07-24.17:30:56::SCWBDomain::unction-sections -fdata-sections -Wall -Wextra -fno-tree-loop-distribute-patterns  -Os -flto -ffat-lto-objects"

TRACE::2025-07-24.17:30:56::SCWBDomain::Running Make libs in psu_pmu_0/libsrc/sdps_v3_14/src

TRACE::2025-07-24.17:30:56::SCWBDomain::make -C psu_pmu_0/libsrc/sdps_v3_14/src -s libs  "SHELL=/bin/sh" "COMPILER=mb-gcc" "ASSEMBLER=mb-as" "ARCHIVER=mb-ar" "COMPILER
TRACE::2025-07-24.17:30:56::SCWBDomain::_FLAGS=  -O2 -c -mcpu=v9.2 -mlittle-endian -mxl-barrel-shift -mxl-pattern-compare -mxl-soft-mul" "EXTRA_COMPILER_FLAGS=-g -ffun
TRACE::2025-07-24.17:30:56::SCWBDomain::ction-sections -fdata-sections -Wall -Wextra -fno-tree-loop-distribute-patterns  -Os -flto -ffat-lto-objects"

TRACE::2025-07-24.17:30:56::SCWBDomain::Running Make libs in psu_pmu_0/libsrc/spips_v3_7/src

TRACE::2025-07-24.17:30:56::SCWBDomain::make -C psu_pmu_0/libsrc/spips_v3_7/src -s libs  "SHELL=/bin/sh" "COMPILER=mb-gcc" "ASSEMBLER=mb-as" "ARCHIVER=mb-ar" "COMPILER
TRACE::2025-07-24.17:30:56::SCWBDomain::_FLAGS=  -O2 -c -mcpu=v9.2 -mlittle-endian -mxl-barrel-shift -mxl-pattern-compare -mxl-soft-mul" "EXTRA_COMPILER_FLAGS=-g -ffun
TRACE::2025-07-24.17:30:56::SCWBDomain::ction-sections -fdata-sections -Wall -Wextra -fno-tree-loop-distribute-patterns  -Os -flto -ffat-lto-objects"

TRACE::2025-07-24.17:30:56::SCWBDomain::Running Make libs in psu_pmu_0/libsrc/standalone_v7_7/src

TRACE::2025-07-24.17:30:56::SCWBDomain::make -C psu_pmu_0/libsrc/standalone_v7_7/src -s libs  "SHELL=/bin/sh" "COMPILER=mb-gcc" "ASSEMBLER=mb-as" "ARCHIVER=mb-ar" "COM
TRACE::2025-07-24.17:30:56::SCWBDomain::PILER_FLAGS=  -O2 -c -mcpu=v9.2 -mlittle-endian -mxl-barrel-shift -mxl-pattern-compare -mxl-soft-mul" "EXTRA_COMPILER_FLAGS=-g 
TRACE::2025-07-24.17:30:56::SCWBDomain::-ffunction-sections -fdata-sections -Wall -Wextra -fno-tree-loop-distribute-patterns  -Os -flto -ffat-lto-objects"

TRACE::2025-07-24.17:30:56::SCWBDomain::Running Make libs in psu_pmu_0/libsrc/sysmonpsu_v2_7/src

TRACE::2025-07-24.17:30:56::SCWBDomain::make -C psu_pmu_0/libsrc/sysmonpsu_v2_7/src -s libs  "SHELL=/bin/sh" "COMPILER=mb-gcc" "ASSEMBLER=mb-as" "ARCHIVER=mb-ar" "COMP
TRACE::2025-07-24.17:30:56::SCWBDomain::ILER_FLAGS=  -O2 -c -mcpu=v9.2 -mlittle-endian -mxl-barrel-shift -mxl-pattern-compare -mxl-soft-mul" "EXTRA_COMPILER_FLAGS=-g -
TRACE::2025-07-24.17:30:56::SCWBDomain::ffunction-sections -fdata-sections -Wall -Wextra -fno-tree-loop-distribute-patterns  -Os -flto -ffat-lto-objects"

TRACE::2025-07-24.17:30:56::SCWBDomain::Running Make libs in psu_pmu_0/libsrc/ttcps_v3_15/src

TRACE::2025-07-24.17:30:56::SCWBDomain::make -C psu_pmu_0/libsrc/ttcps_v3_15/src -s libs  "SHELL=/bin/sh" "COMPILER=mb-gcc" "ASSEMBLER=mb-as" "ARCHIVER=mb-ar" "COMPILE
TRACE::2025-07-24.17:30:56::SCWBDomain::R_FLAGS=  -O2 -c -mcpu=v9.2 -mlittle-endian -mxl-barrel-shift -mxl-pattern-compare -mxl-soft-mul" "EXTRA_COMPILER_FLAGS=-g -ffu
TRACE::2025-07-24.17:30:56::SCWBDomain::nction-sections -fdata-sections -Wall -Wextra -fno-tree-loop-distribute-patterns  -Os -flto -ffat-lto-objects"

TRACE::2025-07-24.17:30:56::SCWBDomain::Running Make libs in psu_pmu_0/libsrc/uartps_v3_11/src

TRACE::2025-07-24.17:30:56::SCWBDomain::make -C psu_pmu_0/libsrc/uartps_v3_11/src -s libs  "SHELL=/bin/sh" "COMPILER=mb-gcc" "ASSEMBLER=mb-as" "ARCHIVER=mb-ar" "COMPIL
TRACE::2025-07-24.17:30:56::SCWBDomain::ER_FLAGS=  -O2 -c -mcpu=v9.2 -mlittle-endian -mxl-barrel-shift -mxl-pattern-compare -mxl-soft-mul" "EXTRA_COMPILER_FLAGS=-g -ff
TRACE::2025-07-24.17:30:56::SCWBDomain::unction-sections -fdata-sections -Wall -Wextra -fno-tree-loop-distribute-patterns  -Os -flto -ffat-lto-objects"

TRACE::2025-07-24.17:30:56::SCWBDomain::Running Make libs in psu_pmu_0/libsrc/usbpsu_v1_11/src

TRACE::2025-07-24.17:30:56::SCWBDomain::make -C psu_pmu_0/libsrc/usbpsu_v1_11/src -s libs  "SHELL=/bin/sh" "COMPILER=mb-gcc" "ASSEMBLER=mb-as" "ARCHIVER=mb-ar" "COMPIL
TRACE::2025-07-24.17:30:56::SCWBDomain::ER_FLAGS=  -O2 -c -mcpu=v9.2 -mlittle-endian -mxl-barrel-shift -mxl-pattern-compare -mxl-soft-mul" "EXTRA_COMPILER_FLAGS=-g -ff
TRACE::2025-07-24.17:30:56::SCWBDomain::unction-sections -fdata-sections -Wall -Wextra -fno-tree-loop-distribute-patterns  -Os -flto -ffat-lto-objects"

TRACE::2025-07-24.17:30:57::SCWBDomain::Running Make libs in psu_pmu_0/libsrc/video_common_v4_13/src

TRACE::2025-07-24.17:30:57::SCWBDomain::make -C psu_pmu_0/libsrc/video_common_v4_13/src -s libs  "SHELL=/bin/sh" "COMPILER=mb-gcc" "ASSEMBLER=mb-as" "ARCHIVER=mb-ar" "
TRACE::2025-07-24.17:30:57::SCWBDomain::COMPILER_FLAGS=  -O2 -c -mcpu=v9.2 -mlittle-endian -mxl-barrel-shift -mxl-pattern-compare -mxl-soft-mul" "EXTRA_COMPILER_FLAGS=
TRACE::2025-07-24.17:30:57::SCWBDomain::-g -ffunction-sections -fdata-sections -Wall -Wextra -fno-tree-loop-distribute-patterns  -Os -flto -ffat-lto-objects"

TRACE::2025-07-24.17:30:57::SCWBDomain::Running Make libs in psu_pmu_0/libsrc/wdtps_v3_5/src

TRACE::2025-07-24.17:30:57::SCWBDomain::make -C psu_pmu_0/libsrc/wdtps_v3_5/src -s libs  "SHELL=/bin/sh" "COMPILER=mb-gcc" "ASSEMBLER=mb-as" "ARCHIVER=mb-ar" "COMPILER
TRACE::2025-07-24.17:30:57::SCWBDomain::_FLAGS=  -O2 -c -mcpu=v9.2 -mlittle-endian -mxl-barrel-shift -mxl-pattern-compare -mxl-soft-mul" "EXTRA_COMPILER_FLAGS=-g -ffun
TRACE::2025-07-24.17:30:57::SCWBDomain::ction-sections -fdata-sections -Wall -Wextra -fno-tree-loop-distribute-patterns  -Os -flto -ffat-lto-objects"

TRACE::2025-07-24.17:30:57::SCWBDomain::Running Make libs in psu_pmu_0/libsrc/xilfpga_v6_2/src

TRACE::2025-07-24.17:30:57::SCWBDomain::make -C psu_pmu_0/libsrc/xilfpga_v6_2/src -s libs  "SHELL=/bin/sh" "COMPILER=mb-gcc" "ASSEMBLER=mb-as" "ARCHIVER=mb-ar" "COMPIL
TRACE::2025-07-24.17:30:57::SCWBDomain::ER_FLAGS=  -O2 -c -mcpu=v9.2 -mlittle-endian -mxl-barrel-shift -mxl-pattern-compare -mxl-soft-mul" "EXTRA_COMPILER_FLAGS=-g -ff
TRACE::2025-07-24.17:30:57::SCWBDomain::unction-sections -fdata-sections -Wall -Wextra -fno-tree-loop-distribute-patterns  -Os -flto -ffat-lto-objects"

TRACE::2025-07-24.17:30:57::SCWBDomain::Running Make libs in psu_pmu_0/libsrc/zdma_v1_14/src

TRACE::2025-07-24.17:30:57::SCWBDomain::make -C psu_pmu_0/libsrc/zdma_v1_14/src -s libs  "SHELL=/bin/sh" "COMPILER=mb-gcc" "ASSEMBLER=mb-as" "ARCHIVER=mb-ar" "COMPILER
TRACE::2025-07-24.17:30:57::SCWBDomain::_FLAGS=  -O2 -c -mcpu=v9.2 -mlittle-endian -mxl-barrel-shift -mxl-pattern-compare -mxl-soft-mul" "EXTRA_COMPILER_FLAGS=-g -ffun
TRACE::2025-07-24.17:30:57::SCWBDomain::ction-sections -fdata-sections -Wall -Wextra -fno-tree-loop-distribute-patterns  -Os -flto -ffat-lto-objects"

TRACE::2025-07-24.17:30:57::SCWBDomain::DEBUG NON_LTO_OBJECTS is ../../../lib/microblaze_interrupt_handler.o

TRACE::2025-07-24.17:30:57::SCWBDomain::Finished building libraries parallelly.

TRACE::2025-07-24.17:30:57::SCWBDomain::make --no-print-directory archive

TRACE::2025-07-24.17:30:57::SCWBDomain::mb-ar -r  psu_pmu_0/lib/libxil.a psu_pmu_0/lib/errno.o psu_pmu_0/lib/_exit.o psu_pmu_0/lib/fcntl.o psu_pmu_0/lib/hw_exception_h
TRACE::2025-07-24.17:30:57::SCWBDomain::andler.o psu_pmu_0/lib/inbyte.o psu_pmu_0/lib/microblaze_disable_dcache.o psu_pmu_0/lib/microblaze_disable_exceptions.o psu_pmu
TRACE::2025-07-24.17:30:57::SCWBDomain::_0/lib/microblaze_disable_icache.o psu_pmu_0/lib/microblaze_disable_interrupts.o psu_pmu_0/lib/microblaze_enable_dcache.o psu_p
TRACE::2025-07-24.17:30:57::SCWBDomain::mu_0/lib/microblaze_enable_exceptions.o psu_pmu_0/lib/microblaze_enable_icache.o psu_pmu_0/lib/microblaze_enable_interrupts.o p
TRACE::2025-07-24.17:30:57::SCWBDomain::su_pmu_0/lib/microblaze_exception_handler.o psu_pmu_0/lib/microblaze_flush_cache_ext.o psu_pmu_0/lib/microblaze_flush_cache_ext
TRACE::2025-07-24.17:30:57::SCWBDomain::_range.o psu_pmu_0/lib/microblaze_flush_dcache.o psu_pmu_0/lib/microblaze_flush_dcache_range.o psu_pmu_0/lib/microblaze_init_dc
TRACE::2025-07-24.17:30:57::SCWBDomain::ache_range.o psu_pmu_0/lib/microblaze_init_icache_range.o psu_pmu_0/lib/microblaze_interrupt_handler.o psu_pmu_0/lib/microblaze
TRACE::2025-07-24.17:30:57::SCWBDomain::_interrupts_g.o psu_pmu_0/lib/microblaze_invalidate_cache_ext.o psu_pmu_0/lib/microblaze_invalidate_cache_ext_range.o psu_pmu_0
TRACE::2025-07-24.17:30:57::SCWBDomain::/lib/microblaze_invalidate_dcache.o psu_pmu_0/lib/microblaze_invalidate_dcache_range.o psu_pmu_0/lib/microblaze_invalidate_icac
TRACE::2025-07-24.17:30:57::SCWBDomain::he.o psu_pmu_0/lib/microblaze_invalidate_icache_range.o psu_pmu_0/lib/microblaze_scrub.o psu_pmu_0/lib/microblaze_selftest.o ps
TRACE::2025-07-24.17:30:57::SCWBDomain::u_pmu_0/lib/microblaze_sleep.o psu_pmu_0/lib/microblaze_update_dcache.o psu_pmu_0/lib/microblaze_update_icache.o psu_pmu_0/lib/
TRACE::2025-07-24.17:30:57::SCWBDomain::outbyte.o psu_pmu_0/lib/print.o psu_pmu_0/lib/pvr.o psu_pmu_0/lib/xaxipmon_g.o psu_pmu_0/lib/xaxipmon.o psu_pmu_0/lib/xaxipmon_
TRACE::2025-07-24.17:30:57::SCWBDomain::selftest.o psu_pmu_0/lib/xaxipmon_sinit.o psu_pmu_0/lib/xclockps_divider.o psu_pmu_0/lib/xclockps_fixedfactor.o psu_pmu_0/lib/x
TRACE::2025-07-24.17:30:57::SCWBDomain::clockps_gate.o psu_pmu_0/lib/xclockps_g.o psu_pmu_0/lib/xclockps_mux.o psu_pmu_0/lib/xclockps.o psu_pmu_0/lib/xclockps_pll.o ps
TRACE::2025-07-24.17:30:57::SCWBDomain::u_pmu_0/lib/xclockps_sinit.o psu_pmu_0/lib/xcsudma_g.o psu_pmu_0/lib/xcsudma_intr.o psu_pmu_0/lib/xcsudma.o psu_pmu_0/lib/xcsud
TRACE::2025-07-24.17:30:57::SCWBDomain::ma_selftest.o psu_pmu_0/lib/xcsudma_sinit.o psu_pmu_0/lib/xgpiops_g.o psu_pmu_0/lib/xgpiops_hw.o psu_pmu_0/lib/xgpiops_intr.o p
TRACE::2025-07-24.17:30:57::SCWBDomain::su_pmu_0/lib/xgpiops.o psu_pmu_0/lib/xgpiops_selftest.o psu_pmu_0/lib/xgpiops_sinit.o psu_pmu_0/lib/xiicps_g.o psu_pmu_0/lib/xi
TRACE::2025-07-24.17:30:57::SCWBDomain::icps_hw.o psu_pmu_0/lib/xiicps_intr.o psu_pmu_0/lib/xiicps_master.o psu_pmu_0/lib/xiicps.o psu_pmu_0/lib/xiicps_options.o psu_p
TRACE::2025-07-24.17:30:57::SCWBDomain::mu_0/lib/xiicps_selftest.o psu_pmu_0/lib/xiicps_sinit.o psu_pmu_0/lib/xiicps_slave.o psu_pmu_0/lib/xiicps_xfer.o psu_pmu_0/lib/
TRACE::2025-07-24.17:30:57::SCWBDomain::xil_assert.o psu_pmu_0/lib/xil_cache.o psu_pmu_0/lib/xil_clocking.o psu_pmu_0/lib/xil_exception.o psu_pmu_0/lib/xil_mem.o psu_p
TRACE::2025-07-24.17:30:57::SCWBDomain::mu_0/lib/xil_misc_psreset_api.o psu_pmu_0/lib/xil_printf.o psu_pmu_0/lib/xil_sleepcommon.o psu_pmu_0/lib/xil_testcache.o psu_pm
TRACE::2025-07-24.17:30:57::SCWBDomain::u_0/lib/xil_testio.o psu_pmu_0/lib/xil_testmem.o psu_pmu_0/lib/xil_util.o psu_pmu_0/lib/xinterrupt_wrap.o psu_pmu_0/lib/xio.o p
TRACE::2025-07-24.17:30:57::SCWBDomain::su_pmu_0/lib/xipipsu_buf.o psu_pmu_0/lib/xipipsu_g.o psu_pmu_0/lib/xipipsu.o psu_pmu_0/lib/xipipsu_sinit.o psu_pmu_0/lib/xplatf
TRACE::2025-07-24.17:30:57::SCWBDomain::orm_info.o psu_pmu_0/lib/xresetps_g.o psu_pmu_0/lib/xresetps.o psu_pmu_0/lib/xresetps_sinit.o psu_pmu_0/lib/xrtcpsu_g.o psu_pmu
TRACE::2025-07-24.17:30:57::SCWBDomain::_0/lib/xrtcpsu_intr.o psu_pmu_0/lib/xrtcpsu.o psu_pmu_0/lib/xrtcpsu_selftest.o psu_pmu_0/lib/xrtcpsu_sinit.o psu_pmu_0/lib/xsdp
TRACE::2025-07-24.17:30:57::SCWBDomain::s_card.o psu_pmu_0/lib/xsdps_g.o psu_pmu_0/lib/xsdps_host.o psu_pmu_0/lib/xsdps.o psu_pmu_0/lib/xsdps_options.o psu_pmu_0/lib/x
TRACE::2025-07-24.17:30:57::SCWBDomain::sdps_sinit.o psu_pmu_0/lib/xspips_g.o psu_pmu_0/lib/xspips_hw.o psu_pmu_0/lib/xspips.o psu_pmu_0/lib/xspips_options.o psu_pmu_0
TRACE::2025-07-24.17:30:57::SCWBDomain::/lib/xspips_selftest.o psu_pmu_0/lib/xspips_sinit.o psu_pmu_0/lib/xsysmonpsu_g.o psu_pmu_0/lib/xsysmonpsu_intr.o psu_pmu_0/lib/
TRACE::2025-07-24.17:30:57::SCWBDomain::xsysmonpsu.o psu_pmu_0/lib/xsysmonpsu_selftest.o psu_pmu_0/lib/xsysmonpsu_sinit.o psu_pmu_0/lib/xttcps_g.o psu_pmu_0/lib/xttcps
TRACE::2025-07-24.17:30:57::SCWBDomain::.o psu_pmu_0/lib/xttcps_options.o psu_pmu_0/lib/xttcps_selftest.o psu_pmu_0/lib/xttcps_sinit.o psu_pmu_0/lib/xuartps_g.o psu_pm
TRACE::2025-07-24.17:30:57::SCWBDomain::u_0/lib/xuartps_hw.o psu_pmu_0/lib/xuartps_intr.o psu_pmu_0/lib/xuartps.o psu_pmu_0/lib/xuartps_options.o psu_pmu_0/lib/xuartps
TRACE::2025-07-24.17:30:57::SCWBDomain::_selftest.o psu_pmu_0/lib/xuartps_sinit.o psu_pmu_0/lib/xusbpsu_command.o psu_pmu_0/lib/xusbpsu_controltransfers.o psu_pmu_0/li
TRACE::2025-07-24.17:30:57::SCWBDomain::b/xusbpsu_device.o psu_pmu_0/lib/xusbpsu_endpoint.o psu_pmu_0/lib/xusbpsu_ep0handler.o psu_pmu_0/lib/xusbpsu_ephandler.o psu_pm
TRACE::2025-07-24.17:30:57::SCWBDomain::u_0/lib/xusbpsu_event.o psu_pmu_0/lib/xusbpsu_g.o psu_pmu_0/lib/xusbpsu_hibernation.o psu_pmu_0/lib/xusbpsu_intr.o psu_pmu_0/li
TRACE::2025-07-24.17:30:57::SCWBDomain::b/xusbpsu.o psu_pmu_0/lib/xusbpsu_sinit.o psu_pmu_0/lib/xvidc_edid_ext.o psu_pmu_0/lib/xvidc_edid.o psu_pmu_0/lib/xvidc.o psu_p
TRACE::2025-07-24.17:30:57::SCWBDomain::mu_0/lib/xvidc_parse_edid.o psu_pmu_0/lib/xvidc_timings_table.o psu_pmu_0/lib/xwdtps_g.o psu_pmu_0/lib/xwdtps.o psu_pmu_0/lib/x
TRACE::2025-07-24.17:30:57::SCWBDomain::wdtps_selftest.o psu_pmu_0/lib/xwdtps_sinit.o psu_pmu_0/lib/xzdma_g.o psu_pmu_0/lib/xzdma_intr.o psu_pmu_0/lib/xzdma.o psu_pmu_
TRACE::2025-07-24.17:30:57::SCWBDomain::0/lib/xzdma_selftest.o psu_pmu_0/lib/xzdma_sinit.o

TRACE::2025-07-24.17:30:57::SCWBDomain::Finished building libraries

TRACE::2025-07-24.17:30:57::SCWBDomain::make: Leaving directory '/home/call_me_utka/Documents/Projects/aes-ultra96-v2-playground/LED_Blink/design_1_wrapper/zynqmp_pmuf
TRACE::2025-07-24.17:30:57::SCWBDomain::w/zynqmp_pmufw_bsp'

TRACE::2025-07-24.17:30:57::SCWBDomain::mb-gcc  -mlittle-endian -mxl-barrel-shift -mxl-pattern-compare -mxl-soft-mul -mcpu=v9.2 -MMD -MP      -mlittle-endian -mxl-barr
TRACE::2025-07-24.17:30:57::SCWBDomain::el-shift -mxl-pattern-compare -mcpu=v9.2 -mxl-soft-mul -Os -flto -ffat-lto-objects   -c idle_hooks.c -o idle_hooks.o -Izynqmp_p
TRACE::2025-07-24.17:30:57::SCWBDomain::mufw_bsp/psu_pmu_0/include -I.

TRACE::2025-07-24.17:30:57::SCWBDomain::mb-gcc  -mlittle-endian -mxl-barrel-shift -mxl-pattern-compare -mxl-soft-mul -mcpu=v9.2 -MMD -MP      -mlittle-endian -mxl-barr
TRACE::2025-07-24.17:30:57::SCWBDomain::el-shift -mxl-pattern-compare -mcpu=v9.2 -mxl-soft-mul -Os -flto -ffat-lto-objects   -c pm_binding.c -o pm_binding.o -Izynqmp_p
TRACE::2025-07-24.17:30:57::SCWBDomain::mufw_bsp/psu_pmu_0/include -I.

TRACE::2025-07-24.17:30:57::SCWBDomain::mb-gcc  -mlittle-endian -mxl-barrel-shift -mxl-pattern-compare -mxl-soft-mul -mcpu=v9.2 -MMD -MP      -mlittle-endian -mxl-barr
TRACE::2025-07-24.17:30:57::SCWBDomain::el-shift -mxl-pattern-compare -mcpu=v9.2 -mxl-soft-mul -Os -flto -ffat-lto-objects   -c pm_callbacks.c -o pm_callbacks.o -Izynq
TRACE::2025-07-24.17:30:57::SCWBDomain::mp_pmufw_bsp/psu_pmu_0/include -I.

TRACE::2025-07-24.17:30:57::SCWBDomain::mb-gcc  -mlittle-endian -mxl-barrel-shift -mxl-pattern-compare -mxl-soft-mul -mcpu=v9.2 -MMD -MP      -mlittle-endian -mxl-barr
TRACE::2025-07-24.17:30:57::SCWBDomain::el-shift -mxl-pattern-compare -mcpu=v9.2 -mxl-soft-mul -Os -flto -ffat-lto-objects   -c pm_clock.c -o pm_clock.o -Izynqmp_pmufw
TRACE::2025-07-24.17:30:57::SCWBDomain::_bsp/psu_pmu_0/include -I.

TRACE::2025-07-24.17:30:57::SCWBDomain::mb-gcc  -mlittle-endian -mxl-barrel-shift -mxl-pattern-compare -mxl-soft-mul -mcpu=v9.2 -MMD -MP      -mlittle-endian -mxl-barr
TRACE::2025-07-24.17:30:57::SCWBDomain::el-shift -mxl-pattern-compare -mcpu=v9.2 -mxl-soft-mul -Os -flto -ffat-lto-objects   -c pm_config.c -o pm_config.o -Izynqmp_pmu
TRACE::2025-07-24.17:30:57::SCWBDomain::fw_bsp/psu_pmu_0/include -I.

TRACE::2025-07-24.17:30:58::SCWBDomain::mb-gcc  -mlittle-endian -mxl-barrel-shift -mxl-pattern-compare -mxl-soft-mul -mcpu=v9.2 -MMD -MP      -mlittle-endian -mxl-barr
TRACE::2025-07-24.17:30:58::SCWBDomain::el-shift -mxl-pattern-compare -mcpu=v9.2 -mxl-soft-mul -Os -flto -ffat-lto-objects   -c pm_core.c -o pm_core.o -Izynqmp_pmufw_b
TRACE::2025-07-24.17:30:58::SCWBDomain::sp/psu_pmu_0/include -I.

TRACE::2025-07-24.17:30:58::SCWBDomain::mb-gcc  -mlittle-endian -mxl-barrel-shift -mxl-pattern-compare -mxl-soft-mul -mcpu=v9.2 -MMD -MP      -mlittle-endian -mxl-barr
TRACE::2025-07-24.17:30:58::SCWBDomain::el-shift -mxl-pattern-compare -mcpu=v9.2 -mxl-soft-mul -Os -flto -ffat-lto-objects   -c pm_csudma.c -o pm_csudma.o -Izynqmp_pmu
TRACE::2025-07-24.17:30:58::SCWBDomain::fw_bsp/psu_pmu_0/include -I.

TRACE::2025-07-24.17:30:58::SCWBDomain::mb-gcc  -mlittle-endian -mxl-barrel-shift -mxl-pattern-compare -mxl-soft-mul -mcpu=v9.2 -MMD -MP      -mlittle-endian -mxl-barr
TRACE::2025-07-24.17:30:58::SCWBDomain::el-shift -mxl-pattern-compare -mcpu=v9.2 -mxl-soft-mul -Os -flto -ffat-lto-objects   -c pm_ddr.c -o pm_ddr.o -Izynqmp_pmufw_bsp
TRACE::2025-07-24.17:30:58::SCWBDomain::/psu_pmu_0/include -I.

TRACE::2025-07-24.17:30:58::SCWBDomain::mb-gcc  -mlittle-endian -mxl-barrel-shift -mxl-pattern-compare -mxl-soft-mul -mcpu=v9.2 -MMD -MP      -mlittle-endian -mxl-barr
TRACE::2025-07-24.17:30:58::SCWBDomain::el-shift -mxl-pattern-compare -mcpu=v9.2 -mxl-soft-mul -Os -flto -ffat-lto-objects   -c pm_extern.c -o pm_extern.o -Izynqmp_pmu
TRACE::2025-07-24.17:30:58::SCWBDomain::fw_bsp/psu_pmu_0/include -I.

TRACE::2025-07-24.17:30:58::SCWBDomain::mb-gcc  -mlittle-endian -mxl-barrel-shift -mxl-pattern-compare -mxl-soft-mul -mcpu=v9.2 -MMD -MP      -mlittle-endian -mxl-barr
TRACE::2025-07-24.17:30:58::SCWBDomain::el-shift -mxl-pattern-compare -mcpu=v9.2 -mxl-soft-mul -Os -flto -ffat-lto-objects   -c pm_gic_proxy.c -o pm_gic_proxy.o -Izynq
TRACE::2025-07-24.17:30:58::SCWBDomain::mp_pmufw_bsp/psu_pmu_0/include -I.

TRACE::2025-07-24.17:30:58::SCWBDomain::mb-gcc  -mlittle-endian -mxl-barrel-shift -mxl-pattern-compare -mxl-soft-mul -mcpu=v9.2 -MMD -MP      -mlittle-endian -mxl-barr
TRACE::2025-07-24.17:30:58::SCWBDomain::el-shift -mxl-pattern-compare -mcpu=v9.2 -mxl-soft-mul -Os -flto -ffat-lto-objects   -c pm_gpp.c -o pm_gpp.o -Izynqmp_pmufw_bsp
TRACE::2025-07-24.17:30:58::SCWBDomain::/psu_pmu_0/include -I.

TRACE::2025-07-24.17:30:58::SCWBDomain::mb-gcc  -mlittle-endian -mxl-barrel-shift -mxl-pattern-compare -mxl-soft-mul -mcpu=v9.2 -MMD -MP      -mlittle-endian -mxl-barr
TRACE::2025-07-24.17:30:58::SCWBDomain::el-shift -mxl-pattern-compare -mcpu=v9.2 -mxl-soft-mul -Os -flto -ffat-lto-objects   -c pm_hooks.c -o pm_hooks.o -Izynqmp_pmufw
TRACE::2025-07-24.17:30:58::SCWBDomain::_bsp/psu_pmu_0/include -I.

TRACE::2025-07-24.17:30:58::SCWBDomain::mb-gcc  -mlittle-endian -mxl-barrel-shift -mxl-pattern-compare -mxl-soft-mul -mcpu=v9.2 -MMD -MP      -mlittle-endian -mxl-barr
TRACE::2025-07-24.17:30:58::SCWBDomain::el-shift -mxl-pattern-compare -mcpu=v9.2 -mxl-soft-mul -Os -flto -ffat-lto-objects   -c pm_ioctl.c -o pm_ioctl.o -Izynqmp_pmufw
TRACE::2025-07-24.17:30:58::SCWBDomain::_bsp/psu_pmu_0/include -I.

TRACE::2025-07-24.17:30:58::SCWBDomain::mb-gcc  -mlittle-endian -mxl-barrel-shift -mxl-pattern-compare -mxl-soft-mul -mcpu=v9.2 -MMD -MP      -mlittle-endian -mxl-barr
TRACE::2025-07-24.17:30:58::SCWBDomain::el-shift -mxl-pattern-compare -mcpu=v9.2 -mxl-soft-mul -Os -flto -ffat-lto-objects   -c pm_master.c -o pm_master.o -Izynqmp_pmu
TRACE::2025-07-24.17:30:58::SCWBDomain::fw_bsp/psu_pmu_0/include -I.

TRACE::2025-07-24.17:30:58::SCWBDomain::mb-gcc  -mlittle-endian -mxl-barrel-shift -mxl-pattern-compare -mxl-soft-mul -mcpu=v9.2 -MMD -MP      -mlittle-endian -mxl-barr
TRACE::2025-07-24.17:30:58::SCWBDomain::el-shift -mxl-pattern-compare -mcpu=v9.2 -mxl-soft-mul -Os -flto -ffat-lto-objects   -c pm_mmio_access.c -o pm_mmio_access.o -I
TRACE::2025-07-24.17:30:58::SCWBDomain::zynqmp_pmufw_bsp/psu_pmu_0/include -I.

TRACE::2025-07-24.17:30:58::SCWBDomain::mb-gcc  -mlittle-endian -mxl-barrel-shift -mxl-pattern-compare -mxl-soft-mul -mcpu=v9.2 -MMD -MP      -mlittle-endian -mxl-barr
TRACE::2025-07-24.17:30:58::SCWBDomain::el-shift -mxl-pattern-compare -mcpu=v9.2 -mxl-soft-mul -Os -flto -ffat-lto-objects   -c pm_node.c -o pm_node.o -Izynqmp_pmufw_b
TRACE::2025-07-24.17:30:58::SCWBDomain::sp/psu_pmu_0/include -I.

TRACE::2025-07-24.17:30:58::SCWBDomain::mb-gcc  -mlittle-endian -mxl-barrel-shift -mxl-pattern-compare -mxl-soft-mul -mcpu=v9.2 -MMD -MP      -mlittle-endian -mxl-barr
TRACE::2025-07-24.17:30:58::SCWBDomain::el-shift -mxl-pattern-compare -mcpu=v9.2 -mxl-soft-mul -Os -flto -ffat-lto-objects   -c pm_node_reset.c -o pm_node_reset.o -Izy
TRACE::2025-07-24.17:30:58::SCWBDomain::nqmp_pmufw_bsp/psu_pmu_0/include -I.

TRACE::2025-07-24.17:30:58::SCWBDomain::mb-gcc  -mlittle-endian -mxl-barrel-shift -mxl-pattern-compare -mxl-soft-mul -mcpu=v9.2 -MMD -MP      -mlittle-endian -mxl-barr
TRACE::2025-07-24.17:30:58::SCWBDomain::el-shift -mxl-pattern-compare -mcpu=v9.2 -mxl-soft-mul -Os -flto -ffat-lto-objects   -c pm_notifier.c -o pm_notifier.o -Izynqmp
TRACE::2025-07-24.17:30:58::SCWBDomain::_pmufw_bsp/psu_pmu_0/include -I.

TRACE::2025-07-24.17:30:58::SCWBDomain::mb-gcc  -mlittle-endian -mxl-barrel-shift -mxl-pattern-compare -mxl-soft-mul -mcpu=v9.2 -MMD -MP      -mlittle-endian -mxl-barr
TRACE::2025-07-24.17:30:58::SCWBDomain::el-shift -mxl-pattern-compare -mcpu=v9.2 -mxl-soft-mul -Os -flto -ffat-lto-objects   -c pm_periph.c -o pm_periph.o -Izynqmp_pmu
TRACE::2025-07-24.17:30:58::SCWBDomain::fw_bsp/psu_pmu_0/include -I.

TRACE::2025-07-24.17:30:59::SCWBDomain::mb-gcc  -mlittle-endian -mxl-barrel-shift -mxl-pattern-compare -mxl-soft-mul -mcpu=v9.2 -MMD -MP      -mlittle-endian -mxl-barr
TRACE::2025-07-24.17:30:59::SCWBDomain::el-shift -mxl-pattern-compare -mcpu=v9.2 -mxl-soft-mul -Os -flto -ffat-lto-objects   -c pm_pinctrl.c -o pm_pinctrl.o -Izynqmp_p
TRACE::2025-07-24.17:30:59::SCWBDomain::mufw_bsp/psu_pmu_0/include -I.

TRACE::2025-07-24.17:30:59::SCWBDomain::mb-gcc  -mlittle-endian -mxl-barrel-shift -mxl-pattern-compare -mxl-soft-mul -mcpu=v9.2 -MMD -MP      -mlittle-endian -mxl-barr
TRACE::2025-07-24.17:30:59::SCWBDomain::el-shift -mxl-pattern-compare -mcpu=v9.2 -mxl-soft-mul -Os -flto -ffat-lto-objects   -c pm_pll.c -o pm_pll.o -Izynqmp_pmufw_bsp
TRACE::2025-07-24.17:30:59::SCWBDomain::/psu_pmu_0/include -I.

TRACE::2025-07-24.17:30:59::SCWBDomain::mb-gcc  -mlittle-endian -mxl-barrel-shift -mxl-pattern-compare -mxl-soft-mul -mcpu=v9.2 -MMD -MP      -mlittle-endian -mxl-barr
TRACE::2025-07-24.17:30:59::SCWBDomain::el-shift -mxl-pattern-compare -mcpu=v9.2 -mxl-soft-mul -Os -flto -ffat-lto-objects   -c pm_power.c -o pm_power.o -Izynqmp_pmufw
TRACE::2025-07-24.17:30:59::SCWBDomain::_bsp/psu_pmu_0/include -I.

TRACE::2025-07-24.17:30:59::SCWBDomain::mb-gcc  -mlittle-endian -mxl-barrel-shift -mxl-pattern-compare -mxl-soft-mul -mcpu=v9.2 -MMD -MP      -mlittle-endian -mxl-barr
TRACE::2025-07-24.17:30:59::SCWBDomain::el-shift -mxl-pattern-compare -mcpu=v9.2 -mxl-soft-mul -Os -flto -ffat-lto-objects   -c pm_proc.c -o pm_proc.o -Izynqmp_pmufw_b
TRACE::2025-07-24.17:30:59::SCWBDomain::sp/psu_pmu_0/include -I.

TRACE::2025-07-24.17:30:59::SCWBDomain::mb-gcc  -mlittle-endian -mxl-barrel-shift -mxl-pattern-compare -mxl-soft-mul -mcpu=v9.2 -MMD -MP      -mlittle-endian -mxl-barr
TRACE::2025-07-24.17:30:59::SCWBDomain::el-shift -mxl-pattern-compare -mcpu=v9.2 -mxl-soft-mul -Os -flto -ffat-lto-objects   -c pm_qspi.c -o pm_qspi.o -Izynqmp_pmufw_b
TRACE::2025-07-24.17:30:59::SCWBDomain::sp/psu_pmu_0/include -I.

TRACE::2025-07-24.17:30:59::SCWBDomain::mb-gcc  -mlittle-endian -mxl-barrel-shift -mxl-pattern-compare -mxl-soft-mul -mcpu=v9.2 -MMD -MP      -mlittle-endian -mxl-barr
TRACE::2025-07-24.17:30:59::SCWBDomain::el-shift -mxl-pattern-compare -mcpu=v9.2 -mxl-soft-mul -Os -flto -ffat-lto-objects   -c pm_requirement.c -o pm_requirement.o -I
TRACE::2025-07-24.17:30:59::SCWBDomain::zynqmp_pmufw_bsp/psu_pmu_0/include -I.

TRACE::2025-07-24.17:30:59::SCWBDomain::mb-gcc  -mlittle-endian -mxl-barrel-shift -mxl-pattern-compare -mxl-soft-mul -mcpu=v9.2 -MMD -MP      -mlittle-endian -mxl-barr
TRACE::2025-07-24.17:30:59::SCWBDomain::el-shift -mxl-pattern-compare -mcpu=v9.2 -mxl-soft-mul -Os -flto -ffat-lto-objects   -c pm_reset.c -o pm_reset.o -Izynqmp_pmufw
TRACE::2025-07-24.17:30:59::SCWBDomain::_bsp/psu_pmu_0/include -I.

TRACE::2025-07-24.17:30:59::SCWBDomain::mb-gcc  -mlittle-endian -mxl-barrel-shift -mxl-pattern-compare -mxl-soft-mul -mcpu=v9.2 -MMD -MP      -mlittle-endian -mxl-barr
TRACE::2025-07-24.17:30:59::SCWBDomain::el-shift -mxl-pattern-compare -mcpu=v9.2 -mxl-soft-mul -Os -flto -ffat-lto-objects   -c pm_slave.c -o pm_slave.o -Izynqmp_pmufw
TRACE::2025-07-24.17:30:59::SCWBDomain::_bsp/psu_pmu_0/include -I.

TRACE::2025-07-24.17:30:59::SCWBDomain::mb-gcc  -mlittle-endian -mxl-barrel-shift -mxl-pattern-compare -mxl-soft-mul -mcpu=v9.2 -MMD -MP      -mlittle-endian -mxl-barr
TRACE::2025-07-24.17:30:59::SCWBDomain::el-shift -mxl-pattern-compare -mcpu=v9.2 -mxl-soft-mul -Os -flto -ffat-lto-objects   -c pm_sram.c -o pm_sram.o -Izynqmp_pmufw_b
TRACE::2025-07-24.17:30:59::SCWBDomain::sp/psu_pmu_0/include -I.

TRACE::2025-07-24.17:30:59::SCWBDomain::mb-gcc  -mlittle-endian -mxl-barrel-shift -mxl-pattern-compare -mxl-soft-mul -mcpu=v9.2 -MMD -MP      -mlittle-endian -mxl-barr
TRACE::2025-07-24.17:30:59::SCWBDomain::el-shift -mxl-pattern-compare -mcpu=v9.2 -mxl-soft-mul -Os -flto -ffat-lto-objects   -c pm_system.c -o pm_system.o -Izynqmp_pmu
TRACE::2025-07-24.17:30:59::SCWBDomain::fw_bsp/psu_pmu_0/include -I.

TRACE::2025-07-24.17:30:59::SCWBDomain::mb-gcc  -mlittle-endian -mxl-barrel-shift -mxl-pattern-compare -mxl-soft-mul -mcpu=v9.2 -MMD -MP      -mlittle-endian -mxl-barr
TRACE::2025-07-24.17:30:59::SCWBDomain::el-shift -mxl-pattern-compare -mcpu=v9.2 -mxl-soft-mul -Os -flto -ffat-lto-objects   -c pm_usb.c -o pm_usb.o -Izynqmp_pmufw_bsp
TRACE::2025-07-24.17:30:59::SCWBDomain::/psu_pmu_0/include -I.

TRACE::2025-07-24.17:30:59::SCWBDomain::mb-gcc  -mlittle-endian -mxl-barrel-shift -mxl-pattern-compare -mxl-soft-mul -mcpu=v9.2 -MMD -MP      -mlittle-endian -mxl-barr
TRACE::2025-07-24.17:30:59::SCWBDomain::el-shift -mxl-pattern-compare -mcpu=v9.2 -mxl-soft-mul -Os -flto -ffat-lto-objects   -c xpfw_aib.c -o xpfw_aib.o -Izynqmp_pmufw
TRACE::2025-07-24.17:30:59::SCWBDomain::_bsp/psu_pmu_0/include -I.

TRACE::2025-07-24.17:31:00::SCWBDomain::mb-gcc  -mlittle-endian -mxl-barrel-shift -mxl-pattern-compare -mxl-soft-mul -mcpu=v9.2 -MMD -MP      -mlittle-endian -mxl-barr
TRACE::2025-07-24.17:31:00::SCWBDomain::el-shift -mxl-pattern-compare -mcpu=v9.2 -mxl-soft-mul -Os -flto -ffat-lto-objects   -c xpfw_core.c -o xpfw_core.o -Izynqmp_pmu
TRACE::2025-07-24.17:31:00::SCWBDomain::fw_bsp/psu_pmu_0/include -I.

TRACE::2025-07-24.17:31:00::SCWBDomain::mb-gcc  -mlittle-endian -mxl-barrel-shift -mxl-pattern-compare -mxl-soft-mul -mcpu=v9.2 -MMD -MP      -mlittle-endian -mxl-barr
TRACE::2025-07-24.17:31:00::SCWBDomain::el-shift -mxl-pattern-compare -mcpu=v9.2 -mxl-soft-mul -Os -flto -ffat-lto-objects   -c xpfw_error_manager.c -o xpfw_error_mana
TRACE::2025-07-24.17:31:00::SCWBDomain::ger.o -Izynqmp_pmufw_bsp/psu_pmu_0/include -I.

TRACE::2025-07-24.17:31:00::SCWBDomain::mb-gcc  -mlittle-endian -mxl-barrel-shift -mxl-pattern-compare -mxl-soft-mul -mcpu=v9.2 -MMD -MP      -mlittle-endian -mxl-barr
TRACE::2025-07-24.17:31:00::SCWBDomain::el-shift -mxl-pattern-compare -mcpu=v9.2 -mxl-soft-mul -Os -flto -ffat-lto-objects   -c xpfw_events.c -o xpfw_events.o -Izynqmp
TRACE::2025-07-24.17:31:00::SCWBDomain::_pmufw_bsp/psu_pmu_0/include -I.

TRACE::2025-07-24.17:31:00::SCWBDomain::mb-gcc  -mlittle-endian -mxl-barrel-shift -mxl-pattern-compare -mxl-soft-mul -mcpu=v9.2 -MMD -MP      -mlittle-endian -mxl-barr
TRACE::2025-07-24.17:31:00::SCWBDomain::el-shift -mxl-pattern-compare -mcpu=v9.2 -mxl-soft-mul -Os -flto -ffat-lto-objects   -c xpfw_interrupts.c -o xpfw_interrupts.o 
TRACE::2025-07-24.17:31:00::SCWBDomain::-Izynqmp_pmufw_bsp/psu_pmu_0/include -I.

TRACE::2025-07-24.17:31:00::SCWBDomain::mb-gcc  -mlittle-endian -mxl-barrel-shift -mxl-pattern-compare -mxl-soft-mul -mcpu=v9.2 -MMD -MP      -mlittle-endian -mxl-barr
TRACE::2025-07-24.17:31:00::SCWBDomain::el-shift -mxl-pattern-compare -mcpu=v9.2 -mxl-soft-mul -Os -flto -ffat-lto-objects   -c xpfw_ipi_manager.c -o xpfw_ipi_manager.
TRACE::2025-07-24.17:31:00::SCWBDomain::o -Izynqmp_pmufw_bsp/psu_pmu_0/include -I.

TRACE::2025-07-24.17:31:00::SCWBDomain::mb-gcc  -mlittle-endian -mxl-barrel-shift -mxl-pattern-compare -mxl-soft-mul -mcpu=v9.2 -MMD -MP      -mlittle-endian -mxl-barr
TRACE::2025-07-24.17:31:00::SCWBDomain::el-shift -mxl-pattern-compare -mcpu=v9.2 -mxl-soft-mul -Os -flto -ffat-lto-objects   -c xpfw_main.c -o xpfw_main.o -Izynqmp_pmu
TRACE::2025-07-24.17:31:00::SCWBDomain::fw_bsp/psu_pmu_0/include -I.

TRACE::2025-07-24.17:31:00::SCWBDomain::mb-gcc  -mlittle-endian -mxl-barrel-shift -mxl-pattern-compare -mxl-soft-mul -mcpu=v9.2 -MMD -MP      -mlittle-endian -mxl-barr
TRACE::2025-07-24.17:31:00::SCWBDomain::el-shift -mxl-pattern-compare -mcpu=v9.2 -mxl-soft-mul -Os -flto -ffat-lto-objects   -c xpfw_mod_common.c -o xpfw_mod_common.o 
TRACE::2025-07-24.17:31:00::SCWBDomain::-Izynqmp_pmufw_bsp/psu_pmu_0/include -I.

TRACE::2025-07-24.17:31:00::SCWBDomain::mb-gcc  -mlittle-endian -mxl-barrel-shift -mxl-pattern-compare -mxl-soft-mul -mcpu=v9.2 -MMD -MP      -mlittle-endian -mxl-barr
TRACE::2025-07-24.17:31:00::SCWBDomain::el-shift -mxl-pattern-compare -mcpu=v9.2 -mxl-soft-mul -Os -flto -ffat-lto-objects   -c xpfw_mod_dap.c -o xpfw_mod_dap.o -Izynq
TRACE::2025-07-24.17:31:00::SCWBDomain::mp_pmufw_bsp/psu_pmu_0/include -I.

TRACE::2025-07-24.17:31:00::SCWBDomain::mb-gcc  -mlittle-endian -mxl-barrel-shift -mxl-pattern-compare -mxl-soft-mul -mcpu=v9.2 -MMD -MP      -mlittle-endian -mxl-barr
TRACE::2025-07-24.17:31:00::SCWBDomain::el-shift -mxl-pattern-compare -mcpu=v9.2 -mxl-soft-mul -Os -flto -ffat-lto-objects   -c xpfw_mod_em.c -o xpfw_mod_em.o -Izynqmp
TRACE::2025-07-24.17:31:00::SCWBDomain::_pmufw_bsp/psu_pmu_0/include -I.

TRACE::2025-07-24.17:31:00::SCWBDomain::mb-gcc  -mlittle-endian -mxl-barrel-shift -mxl-pattern-compare -mxl-soft-mul -mcpu=v9.2 -MMD -MP      -mlittle-endian -mxl-barr
TRACE::2025-07-24.17:31:00::SCWBDomain::el-shift -mxl-pattern-compare -mcpu=v9.2 -mxl-soft-mul -Os -flto -ffat-lto-objects   -c xpfw_mod_extwdt.c -o xpfw_mod_extwdt.o 
TRACE::2025-07-24.17:31:00::SCWBDomain::-Izynqmp_pmufw_bsp/psu_pmu_0/include -I.

TRACE::2025-07-24.17:31:00::SCWBDomain::mb-gcc  -mlittle-endian -mxl-barrel-shift -mxl-pattern-compare -mxl-soft-mul -mcpu=v9.2 -MMD -MP      -mlittle-endian -mxl-barr
TRACE::2025-07-24.17:31:00::SCWBDomain::el-shift -mxl-pattern-compare -mcpu=v9.2 -mxl-soft-mul -Os -flto -ffat-lto-objects   -c xpfw_mod_legacy.c -o xpfw_mod_legacy.o 
TRACE::2025-07-24.17:31:00::SCWBDomain::-Izynqmp_pmufw_bsp/psu_pmu_0/include -I.

TRACE::2025-07-24.17:31:00::SCWBDomain::mb-gcc  -mlittle-endian -mxl-barrel-shift -mxl-pattern-compare -mxl-soft-mul -mcpu=v9.2 -MMD -MP      -mlittle-endian -mxl-barr
TRACE::2025-07-24.17:31:00::SCWBDomain::el-shift -mxl-pattern-compare -mcpu=v9.2 -mxl-soft-mul -Os -flto -ffat-lto-objects   -c xpfw_mod_overtemp.c -o xpfw_mod_overtem
TRACE::2025-07-24.17:31:00::SCWBDomain::p.o -Izynqmp_pmufw_bsp/psu_pmu_0/include -I.

TRACE::2025-07-24.17:31:00::SCWBDomain::mb-gcc  -mlittle-endian -mxl-barrel-shift -mxl-pattern-compare -mxl-soft-mul -mcpu=v9.2 -MMD -MP      -mlittle-endian -mxl-barr
TRACE::2025-07-24.17:31:00::SCWBDomain::el-shift -mxl-pattern-compare -mcpu=v9.2 -mxl-soft-mul -Os -flto -ffat-lto-objects   -c xpfw_mod_pm.c -o xpfw_mod_pm.o -Izynqmp
TRACE::2025-07-24.17:31:00::SCWBDomain::_pmufw_bsp/psu_pmu_0/include -I.

TRACE::2025-07-24.17:31:00::SCWBDomain::mb-gcc  -mlittle-endian -mxl-barrel-shift -mxl-pattern-compare -mxl-soft-mul -mcpu=v9.2 -MMD -MP      -mlittle-endian -mxl-barr
TRACE::2025-07-24.17:31:00::SCWBDomain::el-shift -mxl-pattern-compare -mcpu=v9.2 -mxl-soft-mul -Os -flto -ffat-lto-objects   -c xpfw_mod_rpu.c -o xpfw_mod_rpu.o -Izynq
TRACE::2025-07-24.17:31:00::SCWBDomain::mp_pmufw_bsp/psu_pmu_0/include -I.

TRACE::2025-07-24.17:31:00::SCWBDomain::mb-gcc  -mlittle-endian -mxl-barrel-shift -mxl-pattern-compare -mxl-soft-mul -mcpu=v9.2 -MMD -MP      -mlittle-endian -mxl-barr
TRACE::2025-07-24.17:31:00::SCWBDomain::el-shift -mxl-pattern-compare -mcpu=v9.2 -mxl-soft-mul -Os -flto -ffat-lto-objects   -c xpfw_mod_rtc.c -o xpfw_mod_rtc.o -Izynq
TRACE::2025-07-24.17:31:00::SCWBDomain::mp_pmufw_bsp/psu_pmu_0/include -I.

TRACE::2025-07-24.17:31:00::SCWBDomain::mb-gcc  -mlittle-endian -mxl-barrel-shift -mxl-pattern-compare -mxl-soft-mul -mcpu=v9.2 -MMD -MP      -mlittle-endian -mxl-barr
TRACE::2025-07-24.17:31:00::SCWBDomain::el-shift -mxl-pattern-compare -mcpu=v9.2 -mxl-soft-mul -Os -flto -ffat-lto-objects   -c xpfw_mod_sched.c -o xpfw_mod_sched.o -I
TRACE::2025-07-24.17:31:00::SCWBDomain::zynqmp_pmufw_bsp/psu_pmu_0/include -I.

TRACE::2025-07-24.17:31:01::SCWBDomain::mb-gcc  -mlittle-endian -mxl-barrel-shift -mxl-pattern-compare -mxl-soft-mul -mcpu=v9.2 -MMD -MP      -mlittle-endian -mxl-barr
TRACE::2025-07-24.17:31:01::SCWBDomain::el-shift -mxl-pattern-compare -mcpu=v9.2 -mxl-soft-mul -Os -flto -ffat-lto-objects   -c xpfw_mod_stl.c -o xpfw_mod_stl.o -Izynq
TRACE::2025-07-24.17:31:01::SCWBDomain::mp_pmufw_bsp/psu_pmu_0/include -I.

TRACE::2025-07-24.17:31:01::SCWBDomain::mb-gcc  -mlittle-endian -mxl-barrel-shift -mxl-pattern-compare -mxl-soft-mul -mcpu=v9.2 -MMD -MP      -mlittle-endian -mxl-barr
TRACE::2025-07-24.17:31:01::SCWBDomain::el-shift -mxl-pattern-compare -mcpu=v9.2 -mxl-soft-mul -Os -flto -ffat-lto-objects   -c xpfw_module.c -o xpfw_module.o -Izynqmp
TRACE::2025-07-24.17:31:01::SCWBDomain::_pmufw_bsp/psu_pmu_0/include -I.

TRACE::2025-07-24.17:31:01::SCWBDomain::mb-gcc  -mlittle-endian -mxl-barrel-shift -mxl-pattern-compare -mxl-soft-mul -mcpu=v9.2 -MMD -MP      -mlittle-endian -mxl-barr
TRACE::2025-07-24.17:31:01::SCWBDomain::el-shift -mxl-pattern-compare -mcpu=v9.2 -mxl-soft-mul -Os -flto -ffat-lto-objects   -c xpfw_mod_ultra96.c -o xpfw_mod_ultra96.
TRACE::2025-07-24.17:31:01::SCWBDomain::o -Izynqmp_pmufw_bsp/psu_pmu_0/include -I.

TRACE::2025-07-24.17:31:01::SCWBDomain::mb-gcc  -mlittle-endian -mxl-barrel-shift -mxl-pattern-compare -mxl-soft-mul -mcpu=v9.2 -MMD -MP      -mlittle-endian -mxl-barr
TRACE::2025-07-24.17:31:01::SCWBDomain::el-shift -mxl-pattern-compare -mcpu=v9.2 -mxl-soft-mul -Os -flto -ffat-lto-objects   -c xpfw_mod_wdt.c -o xpfw_mod_wdt.o -Izynq
TRACE::2025-07-24.17:31:01::SCWBDomain::mp_pmufw_bsp/psu_pmu_0/include -I.

TRACE::2025-07-24.17:31:01::SCWBDomain::mb-gcc  -mlittle-endian -mxl-barrel-shift -mxl-pattern-compare -mxl-soft-mul -mcpu=v9.2 -MMD -MP      -mlittle-endian -mxl-barr
TRACE::2025-07-24.17:31:01::SCWBDomain::el-shift -mxl-pattern-compare -mcpu=v9.2 -mxl-soft-mul -Os -flto -ffat-lto-objects   -c xpfw_platform.c -o xpfw_platform.o -Izy
TRACE::2025-07-24.17:31:01::SCWBDomain::nqmp_pmufw_bsp/psu_pmu_0/include -I.

TRACE::2025-07-24.17:31:01::SCWBDomain::mb-gcc  -mlittle-endian -mxl-barrel-shift -mxl-pattern-compare -mxl-soft-mul -mcpu=v9.2 -MMD -MP      -mlittle-endian -mxl-barr
TRACE::2025-07-24.17:31:01::SCWBDomain::el-shift -mxl-pattern-compare -mcpu=v9.2 -mxl-soft-mul -Os -flto -ffat-lto-objects   -c xpfw_resets.c -o xpfw_resets.o -Izynqmp
TRACE::2025-07-24.17:31:01::SCWBDomain::_pmufw_bsp/psu_pmu_0/include -I.

TRACE::2025-07-24.17:31:01::SCWBDomain::mb-gcc  -mlittle-endian -mxl-barrel-shift -mxl-pattern-compare -mxl-soft-mul -mcpu=v9.2 -MMD -MP      -mlittle-endian -mxl-barr
TRACE::2025-07-24.17:31:01::SCWBDomain::el-shift -mxl-pattern-compare -mcpu=v9.2 -mxl-soft-mul -Os -flto -ffat-lto-objects   -c xpfw_restart.c -o xpfw_restart.o -Izynq
TRACE::2025-07-24.17:31:01::SCWBDomain::mp_pmufw_bsp/psu_pmu_0/include -I.

TRACE::2025-07-24.17:31:01::SCWBDomain::mb-gcc  -mlittle-endian -mxl-barrel-shift -mxl-pattern-compare -mxl-soft-mul -mcpu=v9.2 -MMD -MP      -mlittle-endian -mxl-barr
TRACE::2025-07-24.17:31:01::SCWBDomain::el-shift -mxl-pattern-compare -mcpu=v9.2 -mxl-soft-mul -Os -flto -ffat-lto-objects   -c xpfw_rom_interface.c -o xpfw_rom_interf
TRACE::2025-07-24.17:31:01::SCWBDomain::ace.o -Izynqmp_pmufw_bsp/psu_pmu_0/include -I.

TRACE::2025-07-24.17:31:01::SCWBDomain::mb-gcc  -mlittle-endian -mxl-barrel-shift -mxl-pattern-compare -mxl-soft-mul -mcpu=v9.2 -MMD -MP      -mlittle-endian -mxl-barr
TRACE::2025-07-24.17:31:01::SCWBDomain::el-shift -mxl-pattern-compare -mcpu=v9.2 -mxl-soft-mul -Os -flto -ffat-lto-objects   -c xpfw_scheduler.c -o xpfw_scheduler.o -I
TRACE::2025-07-24.17:31:01::SCWBDomain::zynqmp_pmufw_bsp/psu_pmu_0/include -I.

TRACE::2025-07-24.17:31:01::SCWBDomain::mb-gcc  -mlittle-endian -mxl-barrel-shift -mxl-pattern-compare -mxl-soft-mul -mcpu=v9.2 -MMD -MP      -mlittle-endian -mxl-barr
TRACE::2025-07-24.17:31:01::SCWBDomain::el-shift -mxl-pattern-compare -mcpu=v9.2 -mxl-soft-mul -Os -flto -ffat-lto-objects   -c xpfw_user_startup.c -o xpfw_user_startu
TRACE::2025-07-24.17:31:01::SCWBDomain::p.o -Izynqmp_pmufw_bsp/psu_pmu_0/include -I.

TRACE::2025-07-24.17:31:01::SCWBDomain::mb-gcc  -mlittle-endian -mxl-barrel-shift -mxl-pattern-compare -mxl-soft-mul -mcpu=v9.2 -MMD -MP      -mlittle-endian -mxl-barr
TRACE::2025-07-24.17:31:01::SCWBDomain::el-shift -mxl-pattern-compare -mcpu=v9.2 -mxl-soft-mul -Os -flto -ffat-lto-objects   -c xpfw_util.c -o xpfw_util.o -Izynqmp_pmu
TRACE::2025-07-24.17:31:01::SCWBDomain::fw_bsp/psu_pmu_0/include -I.

TRACE::2025-07-24.17:31:01::SCWBDomain::mb-gcc  -mlittle-endian -mxl-barrel-shift -mxl-pattern-compare -mxl-soft-mul -mcpu=v9.2 -MMD -MP      -mlittle-endian -mxl-barr
TRACE::2025-07-24.17:31:01::SCWBDomain::el-shift -mxl-pattern-compare -mcpu=v9.2 -mxl-soft-mul -Os -flto -ffat-lto-objects   -c xpfw_xpu.c -o xpfw_xpu.o -Izynqmp_pmufw
TRACE::2025-07-24.17:31:01::SCWBDomain::_bsp/psu_pmu_0/include -I.

TRACE::2025-07-24.17:31:01::SCWBDomain::mb-gcc  -mlittle-endian -mxl-barrel-shift -mxl-pattern-compare -mxl-soft-mul -mcpu=v9.2 -MMD -MP      -mlittle-endian -mxl-barr
TRACE::2025-07-24.17:31:01::SCWBDomain::el-shift -mxl-pattern-compare -mcpu=v9.2 -mxl-soft-mul -Os -flto -ffat-lto-objects   -c xpfw_start.S -o xpfw_start.o -Izynqmp_p
TRACE::2025-07-24.17:31:01::SCWBDomain::mufw_bsp/psu_pmu_0/include -I.

TRACE::2025-07-24.17:31:01::SCWBDomain::mb-gcc -o pmufw.elf idle_hooks.o pm_binding.o pm_callbacks.o pm_clock.o pm_config.o pm_core.o pm_csudma.o pm_ddr.o pm_extern.o 
TRACE::2025-07-24.17:31:01::SCWBDomain::pm_gic_proxy.o pm_gpp.o pm_hooks.o pm_ioctl.o pm_master.o pm_mmio_access.o pm_node.o pm_node_reset.o pm_notifier.o pm_periph.o 
TRACE::2025-07-24.17:31:01::SCWBDomain::pm_pinctrl.o pm_pll.o pm_power.o pm_proc.o pm_qspi.o pm_requirement.o pm_reset.o pm_slave.o pm_sram.o pm_system.o pm_usb.o xpfw
TRACE::2025-07-24.17:31:01::SCWBDomain::_aib.o xpfw_core.o xpfw_error_manager.o xpfw_events.o xpfw_interrupts.o xpfw_ipi_manager.o xpfw_main.o xpfw_mod_common.o xpfw_m
TRACE::2025-07-24.17:31:01::SCWBDomain::od_dap.o xpfw_mod_em.o xpfw_mod_extwdt.o xpfw_mod_legacy.o xpfw_mod_overtemp.o xpfw_mod_pm.o xpfw_mod_rpu.o xpfw_mod_rtc.o xpfw
TRACE::2025-07-24.17:31:01::SCWBDomain::_mod_sched.o xpfw_mod_stl.o xpfw_mod_ultra96.o xpfw_mod_wdt.o xpfw_module.o xpfw_platform.o xpfw_resets.o xpfw_restart.o xpfw_r
TRACE::2025-07-24.17:31:01::SCWBDomain::om_interface.o xpfw_scheduler.o xpfw_start.o xpfw_user_startup.o xpfw_util.o xpfw_xpu.o -MMD -MP      -mlittle-endian -mxl-barr
TRACE::2025-07-24.17:31:01::SCWBDomain::el-shift -mxl-pattern-compare -mcpu=v9.2 -mxl-soft-mul -Os -flto -ffat-lto-objects    -Wl,--start-group,-lxil,-lgcc,-lc,--end-g
TRACE::2025-07-24.17:31:01::SCWBDomain::roup -Wl,--start-group,-lxilfpga,-lxil,-lgcc,-lc,--end-group -Wl,--start-group,-lxilsecure,-lxil,-lgcc,-lc,--end-group -Wl,--st
TRACE::2025-07-24.17:31:01::SCWBDomain::art-group,-lxilskey,-lxil,-lgcc,-lc,--end-group                                                                                
TRACE::2025-07-24.17:31:01::SCWBDomain::                           -nostartfiles -Wl,--no-relax -Wl,--gc-sections -Lzynqmp_pmufw_bsp/psu_pmu_0/lib -Tlscript.ld

LOG::2025-07-24.17:31:03::SCWSystem::Checking the domain standalone_psu_cortexa53_0
LOG::2025-07-24.17:31:03::SCWSystem::Not a boot domain 
LOG::2025-07-24.17:31:03::SCWSystem::Started Processing the domain standalone_psu_cortexa53_0
TRACE::2025-07-24.17:31:03::SCWDomain::Generating domain artifcats
TRACE::2025-07-24.17:31:03::SCWMssOS::Generating standalone artifcats
TRACE::2025-07-24.17:31:03::SCWMssOS::Copying the qemu file from  /home/call_me_utka/Documents/Projects/aes-ultra96-v2-playground/LED_Blink/design_1_wrapper/resources/design_1_wrapper/standalone_psu_cortexa53_0/qemu_args.txt To /home/call_me_utka/Documents/Projects/aes-ultra96-v2-playground/LED_Blink/design_1_wrapper/export/design_1_wrapper/sw/design_1_wrapper/qemu/
TRACE::2025-07-24.17:31:03::SCWMssOS::Copying the qemu file from  /home/call_me_utka/Documents/Projects/aes-ultra96-v2-playground/LED_Blink/design_1_wrapper/resources/design_1_wrapper/standalone_psu_cortexa53_0/qemu_args.txt To /home/call_me_utka/Documents/Projects/aes-ultra96-v2-playground/LED_Blink/design_1_wrapper/export/design_1_wrapper/sw/design_1_wrapper/qemu/
TRACE::2025-07-24.17:31:03::SCWMssOS::Copying the qemu file from  /home/call_me_utka/Documents/Projects/aes-ultra96-v2-playground/LED_Blink/design_1_wrapper/resources/design_1_wrapper/standalone_psu_cortexa53_0/qemu_args.txt To /home/call_me_utka/Documents/Projects/aes-ultra96-v2-playground/LED_Blink/design_1_wrapper/export/design_1_wrapper/sw/design_1_wrapper/standalone_psu_cortexa53_0/qemu/
TRACE::2025-07-24.17:31:03::SCWMssOS::Copying the qemu file from  /home/call_me_utka/Documents/Projects/aes-ultra96-v2-playground/LED_Blink/design_1_wrapper/resources/design_1_wrapper/standalone_psu_cortexa53_0/qemu_args.txt To /home/call_me_utka/Documents/Projects/aes-ultra96-v2-playground/LED_Blink/design_1_wrapper/export/design_1_wrapper/sw/design_1_wrapper/standalone_psu_cortexa53_0/qemu/
TRACE::2025-07-24.17:31:03::SCWMssOS:: Copying the user libraries. 
TRACE::2025-07-24.17:31:03::SCWPlatform::Trying to open the hw design at /home/call_me_utka/Documents/Projects/aes-ultra96-v2-playground/LED_Blink/design_1_wrapper/hw/design_1_wrapper.xsa
TRACE::2025-07-24.17:31:03::SCWPlatform::DSA given /home/call_me_utka/Documents/Projects/aes-ultra96-v2-playground/LED_Blink/design_1_wrapper/hw/design_1_wrapper.xsa
TRACE::2025-07-24.17:31:03::SCWPlatform::DSA absoulate path /home/call_me_utka/Documents/Projects/aes-ultra96-v2-playground/LED_Blink/design_1_wrapper/hw/design_1_wrapper.xsa
TRACE::2025-07-24.17:31:03::SCWPlatform::DSA directory /home/call_me_utka/Documents/Projects/aes-ultra96-v2-playground/LED_Blink/design_1_wrapper/hw
TRACE::2025-07-24.17:31:03::SCWPlatform:: Platform Path /home/call_me_utka/Documents/Projects/aes-ultra96-v2-playground/LED_Blink/design_1_wrapper/hw/design_1_wrapper.xsa
TRACE::2025-07-24.17:31:03::SCWPlatform:: Unique name xilinx:ultra96v2::0.0
TRACE::2025-07-24.17:31:03::SCWPlatform::Trying to set the existing hwdb with name design_1_wrapper_5
TRACE::2025-07-24.17:31:03::SCWPlatform::Opened existing hwdb design_1_wrapper_5
TRACE::2025-07-24.17:31:03::SCWPlatform::Found the Hw Db part of the input DSA
TRACE::2025-07-24.17:31:03::SCWMssOS::Checking the sw design at  /home/call_me_utka/Documents/Projects/aes-ultra96-v2-playground/LED_Blink/design_1_wrapper/psu_cortexa53_0/standalone_psu_cortexa53_0/bsp/system.mss
TRACE::2025-07-24.17:31:03::SCWMssOS::DEBUG:  swdes dump  /home/call_me_utka/Documents/Projects/aes-ultra96-v2-playground/LED_Blink/design_1_wrapper/zynqmp_fsbl/zynqmp_fsbl_bsp/system.mss|system||
/home/call_me_utka/Documents/Projects/aes-ultra96-v2-playground/LED_Blink/design_1_wrapper/zynqmp_pmufw/zynqmp_pmufw_bsp/system.mss|system_0||

TRACE::2025-07-24.17:31:03::SCWMssOS::No sw design opened at  /home/call_me_utka/Documents/Projects/aes-ultra96-v2-playground/LED_Blink/design_1_wrapper/psu_cortexa53_0/standalone_psu_cortexa53_0/bsp/system.mss
TRACE::2025-07-24.17:31:03::SCWMssOS::mss exists loading the mss file  /home/call_me_utka/Documents/Projects/aes-ultra96-v2-playground/LED_Blink/design_1_wrapper/psu_cortexa53_0/standalone_psu_cortexa53_0/bsp/system.mss
TRACE::2025-07-24.17:31:03::SCWMssOS::Opened the sw design from mss  /home/call_me_utka/Documents/Projects/aes-ultra96-v2-playground/LED_Blink/design_1_wrapper/psu_cortexa53_0/standalone_psu_cortexa53_0/bsp/system.mss
TRACE::2025-07-24.17:31:03::SCWMssOS::Adding the swdes entry /home/call_me_utka/Documents/Projects/aes-ultra96-v2-playground/LED_Blink/design_1_wrapper/psu_cortexa53_0/standalone_psu_cortexa53_0/bsp/system.mss with des name system_1
TRACE::2025-07-24.17:31:03::SCWMssOS::updating the scw layer about changes
TRACE::2025-07-24.17:31:03::SCWMssOS::Opened the sw design.  /home/call_me_utka/Documents/Projects/aes-ultra96-v2-playground/LED_Blink/design_1_wrapper/psu_cortexa53_0/standalone_psu_cortexa53_0/bsp/system.mss
TRACE::2025-07-24.17:31:03::SCWMssOS::Completed writing the mss file at /home/call_me_utka/Documents/Projects/aes-ultra96-v2-playground/LED_Blink/design_1_wrapper/psu_cortexa53_0/standalone_psu_cortexa53_0/bsp
TRACE::2025-07-24.17:31:03::SCWMssOS::Mss edits present, copying mssfile into export location /home/call_me_utka/Documents/Projects/aes-ultra96-v2-playground/LED_Blink/design_1_wrapper/psu_cortexa53_0/standalone_psu_cortexa53_0/bsp/system.mss
TRACE::2025-07-24.17:31:03::SCWMssOS::bsp generated is upto date with the mss file. Skipping bsp generation.
TRACE::2025-07-24.17:31:03::SCWMssOS::BSP is already built. skipping the bsp build ... 
TRACE::2025-07-24.17:31:03::SCWDomain::Building the domain as part of full build :  standalone_psu_cortexa53_0
TRACE::2025-07-24.17:31:03::SCWMssOS::doing bsp build ... 
TRACE::2025-07-24.17:31:03::SCWMssOS::System Command Ran  cd  /home/call_me_utka/Documents/Projects/aes-ultra96-v2-playground/LED_Blink/design_1_wrapper/psu_cortexa53_0/standalone_psu_cortexa53_0/bsp ; bash -c "make  " 
TRACE::2025-07-24.17:31:03::SCWMssOS::make --no-print-directory seq_libs

TRACE::2025-07-24.17:31:03::SCWMssOS::Running Make include in psu_cortexa53_0/libsrc/avbuf_v2_5/src

TRACE::2025-07-24.17:31:03::SCWMssOS::make -C psu_cortexa53_0/libsrc/avbuf_v2_5/src -s include  "SHELL=/bin/sh" "COMPILER=aarch64-none-elf-gcc" "ASSEMBLER=aarch64-no
TRACE::2025-07-24.17:31:03::SCWMssOS::ne-elf-as" "ARCHIVER=aarch64-none-elf-ar" "COMPILER_FLAGS=  -O2 -c" "EXTRA_COMPILER_FLAGS=-g -Wall -Wextra -fno-tree-loop-distr
TRACE::2025-07-24.17:31:03::SCWMssOS::ibute-patterns"

TRACE::2025-07-24.17:31:03::SCWMssOS::Running Make include in psu_cortexa53_0/libsrc/axipmon_v6_9/src

TRACE::2025-07-24.17:31:03::SCWMssOS::make -C psu_cortexa53_0/libsrc/axipmon_v6_9/src -s include  "SHELL=/bin/sh" "COMPILER=aarch64-none-elf-gcc" "ASSEMBLER=aarch64-
TRACE::2025-07-24.17:31:03::SCWMssOS::none-elf-as" "ARCHIVER=aarch64-none-elf-ar" "COMPILER_FLAGS=  -O2 -c" "EXTRA_COMPILER_FLAGS=-g -Wall -Wextra -fno-tree-loop-dis
TRACE::2025-07-24.17:31:03::SCWMssOS::tribute-patterns"

TRACE::2025-07-24.17:31:03::SCWMssOS::Running Make include in psu_cortexa53_0/libsrc/clockps_v1_4/src

TRACE::2025-07-24.17:31:03::SCWMssOS::make -C psu_cortexa53_0/libsrc/clockps_v1_4/src -s include  "SHELL=/bin/sh" "COMPILER=aarch64-none-elf-gcc" "ASSEMBLER=aarch64-
TRACE::2025-07-24.17:31:03::SCWMssOS::none-elf-as" "ARCHIVER=aarch64-none-elf-ar" "COMPILER_FLAGS=  -O2 -c" "EXTRA_COMPILER_FLAGS=-g -Wall -Wextra -fno-tree-loop-dis
TRACE::2025-07-24.17:31:03::SCWMssOS::tribute-patterns"

TRACE::2025-07-24.17:31:03::SCWMssOS::Running Make include in psu_cortexa53_0/libsrc/coresightps_dcc_v1_8/src

TRACE::2025-07-24.17:31:03::SCWMssOS::make -C psu_cortexa53_0/libsrc/coresightps_dcc_v1_8/src -s include  "SHELL=/bin/sh" "COMPILER=aarch64-none-elf-gcc" "ASSEMBLER=
TRACE::2025-07-24.17:31:03::SCWMssOS::aarch64-none-elf-as" "ARCHIVER=aarch64-none-elf-ar" "COMPILER_FLAGS=  -O2 -c" "EXTRA_COMPILER_FLAGS=-g -Wall -Wextra -fno-tree-
TRACE::2025-07-24.17:31:03::SCWMssOS::loop-distribute-patterns"

TRACE::2025-07-24.17:31:03::SCWMssOS::Running Make include in psu_cortexa53_0/libsrc/cpu_cortexa53_v2_0/src

TRACE::2025-07-24.17:31:03::SCWMssOS::make -C psu_cortexa53_0/libsrc/cpu_cortexa53_v2_0/src -s include  "SHELL=/bin/sh" "COMPILER=aarch64-none-elf-gcc" "ASSEMBLER=aa
TRACE::2025-07-24.17:31:03::SCWMssOS::rch64-none-elf-as" "ARCHIVER=aarch64-none-elf-ar" "COMPILER_FLAGS=  -O2 -c" "EXTRA_COMPILER_FLAGS=-g -Wall -Wextra -fno-tree-lo
TRACE::2025-07-24.17:31:03::SCWMssOS::op-distribute-patterns"

TRACE::2025-07-24.17:31:03::SCWMssOS::Running Make include in psu_cortexa53_0/libsrc/csudma_v1_11/src

TRACE::2025-07-24.17:31:03::SCWMssOS::make -C psu_cortexa53_0/libsrc/csudma_v1_11/src -s include  "SHELL=/bin/sh" "COMPILER=aarch64-none-elf-gcc" "ASSEMBLER=aarch64-
TRACE::2025-07-24.17:31:03::SCWMssOS::none-elf-as" "ARCHIVER=aarch64-none-elf-ar" "COMPILER_FLAGS=  -O2 -c" "EXTRA_COMPILER_FLAGS=-g -Wall -Wextra -fno-tree-loop-dis
TRACE::2025-07-24.17:31:03::SCWMssOS::tribute-patterns"

TRACE::2025-07-24.17:31:03::SCWMssOS::Running Make include in psu_cortexa53_0/libsrc/ddrcpsu_v1_4/src

TRACE::2025-07-24.17:31:03::SCWMssOS::make -C psu_cortexa53_0/libsrc/ddrcpsu_v1_4/src -s include  "SHELL=/bin/sh" "COMPILER=aarch64-none-elf-gcc" "ASSEMBLER=aarch64-
TRACE::2025-07-24.17:31:03::SCWMssOS::none-elf-as" "ARCHIVER=aarch64-none-elf-ar" "COMPILER_FLAGS=  -O2 -c" "EXTRA_COMPILER_FLAGS=-g -Wall -Wextra -fno-tree-loop-dis
TRACE::2025-07-24.17:31:03::SCWMssOS::tribute-patterns"

TRACE::2025-07-24.17:31:03::SCWMssOS::Running Make include in psu_cortexa53_0/libsrc/dpdma_v1_4/src

TRACE::2025-07-24.17:31:03::SCWMssOS::make -C psu_cortexa53_0/libsrc/dpdma_v1_4/src -s include  "SHELL=/bin/sh" "COMPILER=aarch64-none-elf-gcc" "ASSEMBLER=aarch64-no
TRACE::2025-07-24.17:31:03::SCWMssOS::ne-elf-as" "ARCHIVER=aarch64-none-elf-ar" "COMPILER_FLAGS=  -O2 -c" "EXTRA_COMPILER_FLAGS=-g -Wall -Wextra -fno-tree-loop-distr
TRACE::2025-07-24.17:31:03::SCWMssOS::ibute-patterns"

TRACE::2025-07-24.17:31:03::SCWMssOS::Running Make include in psu_cortexa53_0/libsrc/dppsu_v1_6/src

TRACE::2025-07-24.17:31:03::SCWMssOS::make -C psu_cortexa53_0/libsrc/dppsu_v1_6/src -s include  "SHELL=/bin/sh" "COMPILER=aarch64-none-elf-gcc" "ASSEMBLER=aarch64-no
TRACE::2025-07-24.17:31:03::SCWMssOS::ne-elf-as" "ARCHIVER=aarch64-none-elf-ar" "COMPILER_FLAGS=  -O2 -c" "EXTRA_COMPILER_FLAGS=-g -Wall -Wextra -fno-tree-loop-distr
TRACE::2025-07-24.17:31:03::SCWMssOS::ibute-patterns"

TRACE::2025-07-24.17:31:03::SCWMssOS::Running Make include in psu_cortexa53_0/libsrc/gpiops_v3_9/src

TRACE::2025-07-24.17:31:03::SCWMssOS::make -C psu_cortexa53_0/libsrc/gpiops_v3_9/src -s include  "SHELL=/bin/sh" "COMPILER=aarch64-none-elf-gcc" "ASSEMBLER=aarch64-n
TRACE::2025-07-24.17:31:03::SCWMssOS::one-elf-as" "ARCHIVER=aarch64-none-elf-ar" "COMPILER_FLAGS=  -O2 -c" "EXTRA_COMPILER_FLAGS=-g -Wall -Wextra -fno-tree-loop-dist
TRACE::2025-07-24.17:31:03::SCWMssOS::ribute-patterns"

TRACE::2025-07-24.17:31:03::SCWMssOS::Running Make include in psu_cortexa53_0/libsrc/iicps_v3_15/src

TRACE::2025-07-24.17:31:03::SCWMssOS::make -C psu_cortexa53_0/libsrc/iicps_v3_15/src -s include  "SHELL=/bin/sh" "COMPILER=aarch64-none-elf-gcc" "ASSEMBLER=aarch64-n
TRACE::2025-07-24.17:31:03::SCWMssOS::one-elf-as" "ARCHIVER=aarch64-none-elf-ar" "COMPILER_FLAGS=  -O2 -c" "EXTRA_COMPILER_FLAGS=-g -Wall -Wextra -fno-tree-loop-dist
TRACE::2025-07-24.17:31:03::SCWMssOS::ribute-patterns"

TRACE::2025-07-24.17:31:03::SCWMssOS::Running Make include in psu_cortexa53_0/libsrc/ipipsu_v2_11/src

TRACE::2025-07-24.17:31:03::SCWMssOS::make -C psu_cortexa53_0/libsrc/ipipsu_v2_11/src -s include  "SHELL=/bin/sh" "COMPILER=aarch64-none-elf-gcc" "ASSEMBLER=aarch64-
TRACE::2025-07-24.17:31:03::SCWMssOS::none-elf-as" "ARCHIVER=aarch64-none-elf-ar" "COMPILER_FLAGS=  -O2 -c" "EXTRA_COMPILER_FLAGS=-g -Wall -Wextra -fno-tree-loop-dis
TRACE::2025-07-24.17:31:03::SCWMssOS::tribute-patterns"

TRACE::2025-07-24.17:31:03::SCWMssOS::Running Make include in psu_cortexa53_0/libsrc/resetps_v1_5/src

TRACE::2025-07-24.17:31:03::SCWMssOS::make -C psu_cortexa53_0/libsrc/resetps_v1_5/src -s include  "SHELL=/bin/sh" "COMPILER=aarch64-none-elf-gcc" "ASSEMBLER=aarch64-
TRACE::2025-07-24.17:31:03::SCWMssOS::none-elf-as" "ARCHIVER=aarch64-none-elf-ar" "COMPILER_FLAGS=  -O2 -c" "EXTRA_COMPILER_FLAGS=-g -Wall -Wextra -fno-tree-loop-dis
TRACE::2025-07-24.17:31:03::SCWMssOS::tribute-patterns"

TRACE::2025-07-24.17:31:03::SCWMssOS::Running Make include in psu_cortexa53_0/libsrc/rtcpsu_v1_11/src

TRACE::2025-07-24.17:31:03::SCWMssOS::make -C psu_cortexa53_0/libsrc/rtcpsu_v1_11/src -s include  "SHELL=/bin/sh" "COMPILER=aarch64-none-elf-gcc" "ASSEMBLER=aarch64-
TRACE::2025-07-24.17:31:03::SCWMssOS::none-elf-as" "ARCHIVER=aarch64-none-elf-ar" "COMPILER_FLAGS=  -O2 -c" "EXTRA_COMPILER_FLAGS=-g -Wall -Wextra -fno-tree-loop-dis
TRACE::2025-07-24.17:31:03::SCWMssOS::tribute-patterns"

TRACE::2025-07-24.17:31:03::SCWMssOS::Running Make include in psu_cortexa53_0/libsrc/scugic_v4_7/src

TRACE::2025-07-24.17:31:03::SCWMssOS::make -C psu_cortexa53_0/libsrc/scugic_v4_7/src -s include  "SHELL=/bin/sh" "COMPILER=aarch64-none-elf-gcc" "ASSEMBLER=aarch64-n
TRACE::2025-07-24.17:31:03::SCWMssOS::one-elf-as" "ARCHIVER=aarch64-none-elf-ar" "COMPILER_FLAGS=  -O2 -c" "EXTRA_COMPILER_FLAGS=-g -Wall -Wextra -fno-tree-loop-dist
TRACE::2025-07-24.17:31:03::SCWMssOS::ribute-patterns"

TRACE::2025-07-24.17:31:03::SCWMssOS::Running Make include in psu_cortexa53_0/libsrc/sdps_v3_14/src

TRACE::2025-07-24.17:31:03::SCWMssOS::make -C psu_cortexa53_0/libsrc/sdps_v3_14/src -s include  "SHELL=/bin/sh" "COMPILER=aarch64-none-elf-gcc" "ASSEMBLER=aarch64-no
TRACE::2025-07-24.17:31:03::SCWMssOS::ne-elf-as" "ARCHIVER=aarch64-none-elf-ar" "COMPILER_FLAGS=  -O2 -c" "EXTRA_COMPILER_FLAGS=-g -Wall -Wextra -fno-tree-loop-distr
TRACE::2025-07-24.17:31:03::SCWMssOS::ibute-patterns"

TRACE::2025-07-24.17:31:03::SCWMssOS::Running Make include in psu_cortexa53_0/libsrc/spips_v3_7/src

TRACE::2025-07-24.17:31:03::SCWMssOS::make -C psu_cortexa53_0/libsrc/spips_v3_7/src -s include  "SHELL=/bin/sh" "COMPILER=aarch64-none-elf-gcc" "ASSEMBLER=aarch64-no
TRACE::2025-07-24.17:31:03::SCWMssOS::ne-elf-as" "ARCHIVER=aarch64-none-elf-ar" "COMPILER_FLAGS=  -O2 -c" "EXTRA_COMPILER_FLAGS=-g -Wall -Wextra -fno-tree-loop-distr
TRACE::2025-07-24.17:31:03::SCWMssOS::ibute-patterns"

TRACE::2025-07-24.17:31:03::SCWMssOS::Running Make include in psu_cortexa53_0/libsrc/standalone_v7_7/src

TRACE::2025-07-24.17:31:03::SCWMssOS::make -C psu_cortexa53_0/libsrc/standalone_v7_7/src -s include  "SHELL=/bin/sh" "COMPILER=aarch64-none-elf-gcc" "ASSEMBLER=aarch
TRACE::2025-07-24.17:31:03::SCWMssOS::64-none-elf-as" "ARCHIVER=aarch64-none-elf-ar" "COMPILER_FLAGS=  -O2 -c" "EXTRA_COMPILER_FLAGS=-g -Wall -Wextra -fno-tree-loop-
TRACE::2025-07-24.17:31:03::SCWMssOS::distribute-patterns"

TRACE::2025-07-24.17:31:03::SCWMssOS::Running Make include in psu_cortexa53_0/libsrc/sysmonpsu_v2_7/src

TRACE::2025-07-24.17:31:03::SCWMssOS::make -C psu_cortexa53_0/libsrc/sysmonpsu_v2_7/src -s include  "SHELL=/bin/sh" "COMPILER=aarch64-none-elf-gcc" "ASSEMBLER=aarch6
TRACE::2025-07-24.17:31:03::SCWMssOS::4-none-elf-as" "ARCHIVER=aarch64-none-elf-ar" "COMPILER_FLAGS=  -O2 -c" "EXTRA_COMPILER_FLAGS=-g -Wall -Wextra -fno-tree-loop-d
TRACE::2025-07-24.17:31:03::SCWMssOS::istribute-patterns"

TRACE::2025-07-24.17:31:03::SCWMssOS::Running Make include in psu_cortexa53_0/libsrc/ttcps_v3_15/src

TRACE::2025-07-24.17:31:03::SCWMssOS::make -C psu_cortexa53_0/libsrc/ttcps_v3_15/src -s include  "SHELL=/bin/sh" "COMPILER=aarch64-none-elf-gcc" "ASSEMBLER=aarch64-n
TRACE::2025-07-24.17:31:03::SCWMssOS::one-elf-as" "ARCHIVER=aarch64-none-elf-ar" "COMPILER_FLAGS=  -O2 -c" "EXTRA_COMPILER_FLAGS=-g -Wall -Wextra -fno-tree-loop-dist
TRACE::2025-07-24.17:31:03::SCWMssOS::ribute-patterns"

TRACE::2025-07-24.17:31:03::SCWMssOS::Running Make include in psu_cortexa53_0/libsrc/uartps_v3_11/src

TRACE::2025-07-24.17:31:03::SCWMssOS::make -C psu_cortexa53_0/libsrc/uartps_v3_11/src -s include  "SHELL=/bin/sh" "COMPILER=aarch64-none-elf-gcc" "ASSEMBLER=aarch64-
TRACE::2025-07-24.17:31:03::SCWMssOS::none-elf-as" "ARCHIVER=aarch64-none-elf-ar" "COMPILER_FLAGS=  -O2 -c" "EXTRA_COMPILER_FLAGS=-g -Wall -Wextra -fno-tree-loop-dis
TRACE::2025-07-24.17:31:03::SCWMssOS::tribute-patterns"

TRACE::2025-07-24.17:31:03::SCWMssOS::Running Make include in psu_cortexa53_0/libsrc/usbpsu_v1_11/src

TRACE::2025-07-24.17:31:03::SCWMssOS::make -C psu_cortexa53_0/libsrc/usbpsu_v1_11/src -s include  "SHELL=/bin/sh" "COMPILER=aarch64-none-elf-gcc" "ASSEMBLER=aarch64-
TRACE::2025-07-24.17:31:03::SCWMssOS::none-elf-as" "ARCHIVER=aarch64-none-elf-ar" "COMPILER_FLAGS=  -O2 -c" "EXTRA_COMPILER_FLAGS=-g -Wall -Wextra -fno-tree-loop-dis
TRACE::2025-07-24.17:31:03::SCWMssOS::tribute-patterns"

TRACE::2025-07-24.17:31:03::SCWMssOS::Running Make include in psu_cortexa53_0/libsrc/video_common_v4_13/src

TRACE::2025-07-24.17:31:03::SCWMssOS::make -C psu_cortexa53_0/libsrc/video_common_v4_13/src -s include  "SHELL=/bin/sh" "COMPILER=aarch64-none-elf-gcc" "ASSEMBLER=aa
TRACE::2025-07-24.17:31:03::SCWMssOS::rch64-none-elf-as" "ARCHIVER=aarch64-none-elf-ar" "COMPILER_FLAGS=  -O2 -c" "EXTRA_COMPILER_FLAGS=-g -Wall -Wextra -fno-tree-lo
TRACE::2025-07-24.17:31:03::SCWMssOS::op-distribute-patterns"

TRACE::2025-07-24.17:31:03::SCWMssOS::Running Make include in psu_cortexa53_0/libsrc/wdtps_v3_5/src

TRACE::2025-07-24.17:31:03::SCWMssOS::make -C psu_cortexa53_0/libsrc/wdtps_v3_5/src -s include  "SHELL=/bin/sh" "COMPILER=aarch64-none-elf-gcc" "ASSEMBLER=aarch64-no
TRACE::2025-07-24.17:31:03::SCWMssOS::ne-elf-as" "ARCHIVER=aarch64-none-elf-ar" "COMPILER_FLAGS=  -O2 -c" "EXTRA_COMPILER_FLAGS=-g -Wall -Wextra -fno-tree-loop-distr
TRACE::2025-07-24.17:31:03::SCWMssOS::ibute-patterns"

TRACE::2025-07-24.17:31:03::SCWMssOS::Running Make include in psu_cortexa53_0/libsrc/zdma_v1_14/src

TRACE::2025-07-24.17:31:03::SCWMssOS::make -C psu_cortexa53_0/libsrc/zdma_v1_14/src -s include  "SHELL=/bin/sh" "COMPILER=aarch64-none-elf-gcc" "ASSEMBLER=aarch64-no
TRACE::2025-07-24.17:31:03::SCWMssOS::ne-elf-as" "ARCHIVER=aarch64-none-elf-ar" "COMPILER_FLAGS=  -O2 -c" "EXTRA_COMPILER_FLAGS=-g -Wall -Wextra -fno-tree-loop-distr
TRACE::2025-07-24.17:31:03::SCWMssOS::ibute-patterns"

TRACE::2025-07-24.17:31:03::SCWMssOS::Running Make libs in psu_cortexa53_0/libsrc/dppsu_v1_6/src

TRACE::2025-07-24.17:31:03::SCWMssOS::make -C psu_cortexa53_0/libsrc/dppsu_v1_6/src -s libs  "SHELL=/bin/sh" "COMPILER=aarch64-none-elf-gcc" "ASSEMBLER=aarch64-none-
TRACE::2025-07-24.17:31:03::SCWMssOS::elf-as" "ARCHIVER=aarch64-none-elf-ar" "COMPILER_FLAGS=  -O2 -c" "EXTRA_COMPILER_FLAGS=-g -Wall -Wextra -fno-tree-loop-distribu
TRACE::2025-07-24.17:31:03::SCWMssOS::te-patterns"

TRACE::2025-07-24.17:31:03::SCWMssOS::Compiling dppsu

TRACE::2025-07-24.17:31:04::SCWMssOS::Running Make libs in psu_cortexa53_0/libsrc/avbuf_v2_5/src

TRACE::2025-07-24.17:31:04::SCWMssOS::make -C psu_cortexa53_0/libsrc/avbuf_v2_5/src -s libs  "SHELL=/bin/sh" "COMPILER=aarch64-none-elf-gcc" "ASSEMBLER=aarch64-none-
TRACE::2025-07-24.17:31:04::SCWMssOS::elf-as" "ARCHIVER=aarch64-none-elf-ar" "COMPILER_FLAGS=  -O2 -c" "EXTRA_COMPILER_FLAGS=-g -Wall -Wextra -fno-tree-loop-distribu
TRACE::2025-07-24.17:31:04::SCWMssOS::te-patterns"

TRACE::2025-07-24.17:31:04::SCWMssOS::Compiling avbuf

TRACE::2025-07-24.17:31:04::SCWMssOS::Running Make libs in psu_cortexa53_0/libsrc/dpdma_v1_4/src

TRACE::2025-07-24.17:31:04::SCWMssOS::make -C psu_cortexa53_0/libsrc/dpdma_v1_4/src -s libs  "SHELL=/bin/sh" "COMPILER=aarch64-none-elf-gcc" "ASSEMBLER=aarch64-none-
TRACE::2025-07-24.17:31:04::SCWMssOS::elf-as" "ARCHIVER=aarch64-none-elf-ar" "COMPILER_FLAGS=  -O2 -c" "EXTRA_COMPILER_FLAGS=-g -Wall -Wextra -fno-tree-loop-distribu
TRACE::2025-07-24.17:31:04::SCWMssOS::te-patterns"

TRACE::2025-07-24.17:31:04::SCWMssOS::Compiling dpdma

TRACE::2025-07-24.17:31:04::SCWMssOS::Finished building libraries sequentially.

TRACE::2025-07-24.17:31:04::SCWMssOS::make -j 14 --no-print-directory par_libs

TRACE::2025-07-24.17:31:04::SCWMssOS::Running Make include in psu_cortexa53_0/libsrc/avbuf_v2_5/src

TRACE::2025-07-24.17:31:04::SCWMssOS::make -C psu_cortexa53_0/libsrc/avbuf_v2_5/src -s include  "SHELL=/bin/sh" "COMPILER=aarch64-none-elf-gcc" "ASSEMBLER=aarch64-no
TRACE::2025-07-24.17:31:04::SCWMssOS::ne-elf-as" "ARCHIVER=aarch64-none-elf-ar" "COMPILER_FLAGS=  -O2 -c" "EXTRA_COMPILER_FLAGS=-g -Wall -Wextra -fno-tree-loop-distr
TRACE::2025-07-24.17:31:04::SCWMssOS::ibute-patterns"

TRACE::2025-07-24.17:31:04::SCWMssOS::Running Make include in psu_cortexa53_0/libsrc/axipmon_v6_9/src

TRACE::2025-07-24.17:31:04::SCWMssOS::Running Make include in psu_cortexa53_0/libsrc/clockps_v1_4/src

TRACE::2025-07-24.17:31:04::SCWMssOS::Running Make include in psu_cortexa53_0/libsrc/coresightps_dcc_v1_8/src

TRACE::2025-07-24.17:31:04::SCWMssOS::make -C psu_cortexa53_0/libsrc/axipmon_v6_9/src -s include  "SHELL=/bin/sh" "COMPILER=aarch64-none-elf-gcc" "ASSEMBLER=aarch64-
TRACE::2025-07-24.17:31:04::SCWMssOS::none-elf-as" "ARCHIVER=aarch64-none-elf-ar" "COMPILER_FLAGS=  -O2 -c" "EXTRA_COMPILER_FLAGS=-g -Wall -Wextra -fno-tree-loop-dis
TRACE::2025-07-24.17:31:04::SCWMssOS::tribute-patterns"

TRACE::2025-07-24.17:31:04::SCWMssOS::Running Make include in psu_cortexa53_0/libsrc/cpu_cortexa53_v2_0/src

TRACE::2025-07-24.17:31:04::SCWMssOS::make -C psu_cortexa53_0/libsrc/clockps_v1_4/src -s include  "SHELL=/bin/sh" "COMPILER=aarch64-none-elf-gcc" "ASSEMBLER=aarch64-
TRACE::2025-07-24.17:31:04::SCWMssOS::none-elf-as" "ARCHIVER=aarch64-none-elf-ar" "COMPILER_FLAGS=  -O2 -c" "EXTRA_COMPILER_FLAGS=-g -Wall -Wextra -fno-tree-loop-dis
TRACE::2025-07-24.17:31:04::SCWMssOS::tribute-patterns"

TRACE::2025-07-24.17:31:04::SCWMssOS::Running Make include in psu_cortexa53_0/libsrc/csudma_v1_11/src

TRACE::2025-07-24.17:31:04::SCWMssOS::make -C psu_cortexa53_0/libsrc/coresightps_dcc_v1_8/src -s include  "SHELL=/bin/sh" "COMPILER=aarch64-none-elf-gcc" "ASSEMBLER=
TRACE::2025-07-24.17:31:04::SCWMssOS::aarch64-none-elf-as" "ARCHIVER=aarch64-none-elf-ar" "COMPILER_FLAGS=  -O2 -c" "EXTRA_COMPILER_FLAGS=-g -Wall -Wextra -fno-tree-
TRACE::2025-07-24.17:31:04::SCWMssOS::loop-distribute-patterns"

TRACE::2025-07-24.17:31:04::SCWMssOS::make -C psu_cortexa53_0/libsrc/cpu_cortexa53_v2_0/src -s include  "SHELL=/bin/sh" "COMPILER=aarch64-none-elf-gcc" "ASSEMBLER=aa
TRACE::2025-07-24.17:31:04::SCWMssOS::rch64-none-elf-as" "ARCHIVER=aarch64-none-elf-ar" "COMPILER_FLAGS=  -O2 -c" "EXTRA_COMPILER_FLAGS=-g -Wall -Wextra -fno-tree-lo
TRACE::2025-07-24.17:31:04::SCWMssOS::op-distribute-patterns"

TRACE::2025-07-24.17:31:04::SCWMssOS::Running Make include in psu_cortexa53_0/libsrc/ddrcpsu_v1_4/src

TRACE::2025-07-24.17:31:04::SCWMssOS::make -C psu_cortexa53_0/libsrc/csudma_v1_11/src -s include  "SHELL=/bin/sh" "COMPILER=aarch64-none-elf-gcc" "ASSEMBLER=aarch64-
TRACE::2025-07-24.17:31:04::SCWMssOS::none-elf-as" "ARCHIVER=aarch64-none-elf-ar" "COMPILER_FLAGS=  -O2 -c" "EXTRA_COMPILER_FLAGS=-g -Wall -Wextra -fno-tree-loop-dis
TRACE::2025-07-24.17:31:04::SCWMssOS::tribute-patterns"

TRACE::2025-07-24.17:31:04::SCWMssOS::make -C psu_cortexa53_0/libsrc/ddrcpsu_v1_4/src -s include  "SHELL=/bin/sh" "COMPILER=aarch64-none-elf-gcc" "ASSEMBLER=aarch64-
TRACE::2025-07-24.17:31:04::SCWMssOS::none-elf-as" "ARCHIVER=aarch64-none-elf-ar" "COMPILER_FLAGS=  -O2 -c" "EXTRA_COMPILER_FLAGS=-g -Wall -Wextra -fno-tree-loop-dis
TRACE::2025-07-24.17:31:04::SCWMssOS::tribute-patterns"

TRACE::2025-07-24.17:31:04::SCWMssOS::Running Make include in psu_cortexa53_0/libsrc/dpdma_v1_4/src

TRACE::2025-07-24.17:31:04::SCWMssOS::make -C psu_cortexa53_0/libsrc/dpdma_v1_4/src -s include  "SHELL=/bin/sh" "COMPILER=aarch64-none-elf-gcc" "ASSEMBLER=aarch64-no
TRACE::2025-07-24.17:31:04::SCWMssOS::ne-elf-as" "ARCHIVER=aarch64-none-elf-ar" "COMPILER_FLAGS=  -O2 -c" "EXTRA_COMPILER_FLAGS=-g -Wall -Wextra -fno-tree-loop-distr
TRACE::2025-07-24.17:31:04::SCWMssOS::ibute-patterns"

TRACE::2025-07-24.17:31:04::SCWMssOS::Running Make include in psu_cortexa53_0/libsrc/dppsu_v1_6/src

TRACE::2025-07-24.17:31:04::SCWMssOS::make -C psu_cortexa53_0/libsrc/dppsu_v1_6/src -s include  "SHELL=/bin/sh" "COMPILER=aarch64-none-elf-gcc" "ASSEMBLER=aarch64-no
TRACE::2025-07-24.17:31:04::SCWMssOS::ne-elf-as" "ARCHIVER=aarch64-none-elf-ar" "COMPILER_FLAGS=  -O2 -c" "EXTRA_COMPILER_FLAGS=-g -Wall -Wextra -fno-tree-loop-distr
TRACE::2025-07-24.17:31:04::SCWMssOS::ibute-patterns"

TRACE::2025-07-24.17:31:04::SCWMssOS::Running Make include in psu_cortexa53_0/libsrc/gpiops_v3_9/src

TRACE::2025-07-24.17:31:04::SCWMssOS::Running Make include in psu_cortexa53_0/libsrc/iicps_v3_15/src

TRACE::2025-07-24.17:31:04::SCWMssOS::make -C psu_cortexa53_0/libsrc/gpiops_v3_9/src -s include  "SHELL=/bin/sh" "COMPILER=aarch64-none-elf-gcc" "ASSEMBLER=aarch64-n
TRACE::2025-07-24.17:31:04::SCWMssOS::one-elf-as" "ARCHIVER=aarch64-none-elf-ar" "COMPILER_FLAGS=  -O2 -c" "EXTRA_COMPILER_FLAGS=-g -Wall -Wextra -fno-tree-loop-dist
TRACE::2025-07-24.17:31:04::SCWMssOS::ribute-patterns"

TRACE::2025-07-24.17:31:04::SCWMssOS::Running Make include in psu_cortexa53_0/libsrc/resetps_v1_5/src

TRACE::2025-07-24.17:31:04::SCWMssOS::make -C psu_cortexa53_0/libsrc/iicps_v3_15/src -s include  "SHELL=/bin/sh" "COMPILER=aarch64-none-elf-gcc" "ASSEMBLER=aarch64-n
TRACE::2025-07-24.17:31:04::SCWMssOS::one-elf-as" "ARCHIVER=aarch64-none-elf-ar" "COMPILER_FLAGS=  -O2 -c" "EXTRA_COMPILER_FLAGS=-g -Wall -Wextra -fno-tree-loop-dist
TRACE::2025-07-24.17:31:04::SCWMssOS::ribute-patterns"

TRACE::2025-07-24.17:31:04::SCWMssOS::Running Make include in psu_cortexa53_0/libsrc/ipipsu_v2_11/src

TRACE::2025-07-24.17:31:04::SCWMssOS::make -C psu_cortexa53_0/libsrc/resetps_v1_5/src -s include  "SHELL=/bin/sh" "COMPILER=aarch64-none-elf-gcc" "ASSEMBLER=aarch64-
TRACE::2025-07-24.17:31:04::SCWMssOS::none-elf-as" "ARCHIVER=aarch64-none-elf-ar" "COMPILER_FLAGS=  -O2 -c" "EXTRA_COMPILER_FLAGS=-g -Wall -Wextra -fno-tree-loop-dis
TRACE::2025-07-24.17:31:04::SCWMssOS::tribute-patterns"

TRACE::2025-07-24.17:31:04::SCWMssOS::make -C psu_cortexa53_0/libsrc/ipipsu_v2_11/src -s include  "SHELL=/bin/sh" "COMPILER=aarch64-none-elf-gcc" "ASSEMBLER=aarch64-
TRACE::2025-07-24.17:31:04::SCWMssOS::none-elf-as" "ARCHIVER=aarch64-none-elf-ar" "COMPILER_FLAGS=  -O2 -c" "EXTRA_COMPILER_FLAGS=-g -Wall -Wextra -fno-tree-loop-dis
TRACE::2025-07-24.17:31:04::SCWMssOS::tribute-patterns"

TRACE::2025-07-24.17:31:04::SCWMssOS::Running Make include in psu_cortexa53_0/libsrc/rtcpsu_v1_11/src

TRACE::2025-07-24.17:31:04::SCWMssOS::make -C psu_cortexa53_0/libsrc/rtcpsu_v1_11/src -s include  "SHELL=/bin/sh" "COMPILER=aarch64-none-elf-gcc" "ASSEMBLER=aarch64-
TRACE::2025-07-24.17:31:04::SCWMssOS::none-elf-as" "ARCHIVER=aarch64-none-elf-ar" "COMPILER_FLAGS=  -O2 -c" "EXTRA_COMPILER_FLAGS=-g -Wall -Wextra -fno-tree-loop-dis
TRACE::2025-07-24.17:31:04::SCWMssOS::tribute-patterns"

TRACE::2025-07-24.17:31:04::SCWMssOS::Running Make include in psu_cortexa53_0/libsrc/sdps_v3_14/src

TRACE::2025-07-24.17:31:04::SCWMssOS::Running Make include in psu_cortexa53_0/libsrc/scugic_v4_7/src

TRACE::2025-07-24.17:31:04::SCWMssOS::make -C psu_cortexa53_0/libsrc/scugic_v4_7/src -s include  "SHELL=/bin/sh" "COMPILER=aarch64-none-elf-gcc" "ASSEMBLER=aarch64-n
TRACE::2025-07-24.17:31:04::SCWMssOS::one-elf-as" "ARCHIVER=aarch64-none-elf-ar" "COMPILER_FLAGS=  -O2 -c" "EXTRA_COMPILER_FLAGS=-g -Wall -Wextra -fno-tree-loop-dist
TRACE::2025-07-24.17:31:04::SCWMssOS::ribute-patterns"

TRACE::2025-07-24.17:31:04::SCWMssOS::Running Make include in psu_cortexa53_0/libsrc/standalone_v7_7/src

TRACE::2025-07-24.17:31:04::SCWMssOS::Running Make include in psu_cortexa53_0/libsrc/spips_v3_7/src

TRACE::2025-07-24.17:31:04::SCWMssOS::make -C psu_cortexa53_0/libsrc/sdps_v3_14/src -s include  "SHELL=/bin/sh" "COMPILER=aarch64-none-elf-gcc" "ASSEMBLER=aarch64-no
TRACE::2025-07-24.17:31:04::SCWMssOS::ne-elf-as" "ARCHIVER=aarch64-none-elf-ar" "COMPILER_FLAGS=  -O2 -c" "EXTRA_COMPILER_FLAGS=-g -Wall -Wextra -fno-tree-loop-distr
TRACE::2025-07-24.17:31:04::SCWMssOS::ibute-patterns"

TRACE::2025-07-24.17:31:04::SCWMssOS::make -C psu_cortexa53_0/libsrc/spips_v3_7/src -s include  "SHELL=/bin/sh" "COMPILER=aarch64-none-elf-gcc" "ASSEMBLER=aarch64-no
TRACE::2025-07-24.17:31:04::SCWMssOS::ne-elf-as" "ARCHIVER=aarch64-none-elf-ar" "COMPILER_FLAGS=  -O2 -c" "EXTRA_COMPILER_FLAGS=-g -Wall -Wextra -fno-tree-loop-distr
TRACE::2025-07-24.17:31:04::SCWMssOS::ibute-patterns"

TRACE::2025-07-24.17:31:04::SCWMssOS::make -C psu_cortexa53_0/libsrc/standalone_v7_7/src -s include  "SHELL=/bin/sh" "COMPILER=aarch64-none-elf-gcc" "ASSEMBLER=aarch
TRACE::2025-07-24.17:31:04::SCWMssOS::64-none-elf-as" "ARCHIVER=aarch64-none-elf-ar" "COMPILER_FLAGS=  -O2 -c" "EXTRA_COMPILER_FLAGS=-g -Wall -Wextra -fno-tree-loop-
TRACE::2025-07-24.17:31:04::SCWMssOS::distribute-patterns"

TRACE::2025-07-24.17:31:04::SCWMssOS::Running Make include in psu_cortexa53_0/libsrc/sysmonpsu_v2_7/src

TRACE::2025-07-24.17:31:04::SCWMssOS::make -C psu_cortexa53_0/libsrc/sysmonpsu_v2_7/src -s include  "SHELL=/bin/sh" "COMPILER=aarch64-none-elf-gcc" "ASSEMBLER=aarch6
TRACE::2025-07-24.17:31:04::SCWMssOS::4-none-elf-as" "ARCHIVER=aarch64-none-elf-ar" "COMPILER_FLAGS=  -O2 -c" "EXTRA_COMPILER_FLAGS=-g -Wall -Wextra -fno-tree-loop-d
TRACE::2025-07-24.17:31:04::SCWMssOS::istribute-patterns"

TRACE::2025-07-24.17:31:04::SCWMssOS::Running Make include in psu_cortexa53_0/libsrc/ttcps_v3_15/src

TRACE::2025-07-24.17:31:04::SCWMssOS::make -C psu_cortexa53_0/libsrc/ttcps_v3_15/src -s include  "SHELL=/bin/sh" "COMPILER=aarch64-none-elf-gcc" "ASSEMBLER=aarch64-n
TRACE::2025-07-24.17:31:04::SCWMssOS::one-elf-as" "ARCHIVER=aarch64-none-elf-ar" "COMPILER_FLAGS=  -O2 -c" "EXTRA_COMPILER_FLAGS=-g -Wall -Wextra -fno-tree-loop-dist
TRACE::2025-07-24.17:31:04::SCWMssOS::ribute-patterns"

TRACE::2025-07-24.17:31:04::SCWMssOS::Running Make include in psu_cortexa53_0/libsrc/uartps_v3_11/src

TRACE::2025-07-24.17:31:04::SCWMssOS::Running Make include in psu_cortexa53_0/libsrc/usbpsu_v1_11/src

TRACE::2025-07-24.17:31:04::SCWMssOS::make -C psu_cortexa53_0/libsrc/uartps_v3_11/src -s include  "SHELL=/bin/sh" "COMPILER=aarch64-none-elf-gcc" "ASSEMBLER=aarch64-
TRACE::2025-07-24.17:31:04::SCWMssOS::none-elf-as" "ARCHIVER=aarch64-none-elf-ar" "COMPILER_FLAGS=  -O2 -c" "EXTRA_COMPILER_FLAGS=-g -Wall -Wextra -fno-tree-loop-dis
TRACE::2025-07-24.17:31:04::SCWMssOS::tribute-patterns"

TRACE::2025-07-24.17:31:04::SCWMssOS::Running Make include in psu_cortexa53_0/libsrc/video_common_v4_13/src

TRACE::2025-07-24.17:31:04::SCWMssOS::make -C psu_cortexa53_0/libsrc/usbpsu_v1_11/src -s include  "SHELL=/bin/sh" "COMPILER=aarch64-none-elf-gcc" "ASSEMBLER=aarch64-
TRACE::2025-07-24.17:31:04::SCWMssOS::none-elf-as" "ARCHIVER=aarch64-none-elf-ar" "COMPILER_FLAGS=  -O2 -c" "EXTRA_COMPILER_FLAGS=-g -Wall -Wextra -fno-tree-loop-dis
TRACE::2025-07-24.17:31:04::SCWMssOS::tribute-patterns"

TRACE::2025-07-24.17:31:04::SCWMssOS::Running Make include in psu_cortexa53_0/libsrc/wdtps_v3_5/src

TRACE::2025-07-24.17:31:04::SCWMssOS::make -C psu_cortexa53_0/libsrc/video_common_v4_13/src -s include  "SHELL=/bin/sh" "COMPILER=aarch64-none-elf-gcc" "ASSEMBLER=aa
TRACE::2025-07-24.17:31:04::SCWMssOS::rch64-none-elf-as" "ARCHIVER=aarch64-none-elf-ar" "COMPILER_FLAGS=  -O2 -c" "EXTRA_COMPILER_FLAGS=-g -Wall -Wextra -fno-tree-lo
TRACE::2025-07-24.17:31:04::SCWMssOS::op-distribute-patterns"

TRACE::2025-07-24.17:31:04::SCWMssOS::make -C psu_cortexa53_0/libsrc/wdtps_v3_5/src -s include  "SHELL=/bin/sh" "COMPILER=aarch64-none-elf-gcc" "ASSEMBLER=aarch64-no
TRACE::2025-07-24.17:31:04::SCWMssOS::ne-elf-as" "ARCHIVER=aarch64-none-elf-ar" "COMPILER_FLAGS=  -O2 -c" "EXTRA_COMPILER_FLAGS=-g -Wall -Wextra -fno-tree-loop-distr
TRACE::2025-07-24.17:31:04::SCWMssOS::ibute-patterns"

TRACE::2025-07-24.17:31:04::SCWMssOS::Running Make include in psu_cortexa53_0/libsrc/zdma_v1_14/src

TRACE::2025-07-24.17:31:04::SCWMssOS::make -C psu_cortexa53_0/libsrc/zdma_v1_14/src -s include  "SHELL=/bin/sh" "COMPILER=aarch64-none-elf-gcc" "ASSEMBLER=aarch64-no
TRACE::2025-07-24.17:31:04::SCWMssOS::ne-elf-as" "ARCHIVER=aarch64-none-elf-ar" "COMPILER_FLAGS=  -O2 -c" "EXTRA_COMPILER_FLAGS=-g -Wall -Wextra -fno-tree-loop-distr
TRACE::2025-07-24.17:31:04::SCWMssOS::ibute-patterns"

TRACE::2025-07-24.17:31:04::SCWMssOS::Running Make libs in psu_cortexa53_0/libsrc/axipmon_v6_9/src

TRACE::2025-07-24.17:31:04::SCWMssOS::Running Make libs in psu_cortexa53_0/libsrc/clockps_v1_4/src

TRACE::2025-07-24.17:31:04::SCWMssOS::Running Make libs in psu_cortexa53_0/libsrc/coresightps_dcc_v1_8/src

TRACE::2025-07-24.17:31:04::SCWMssOS::make -C psu_cortexa53_0/libsrc/axipmon_v6_9/src -s libs  "SHELL=/bin/sh" "COMPILER=aarch64-none-elf-gcc" "ASSEMBLER=aarch64-non
TRACE::2025-07-24.17:31:04::SCWMssOS::e-elf-as" "ARCHIVER=aarch64-none-elf-ar" "COMPILER_FLAGS=  -O2 -c" "EXTRA_COMPILER_FLAGS=-g -Wall -Wextra -fno-tree-loop-distri
TRACE::2025-07-24.17:31:04::SCWMssOS::bute-patterns"

TRACE::2025-07-24.17:31:04::SCWMssOS::Running Make libs in psu_cortexa53_0/libsrc/cpu_cortexa53_v2_0/src

TRACE::2025-07-24.17:31:04::SCWMssOS::make -C psu_cortexa53_0/libsrc/clockps_v1_4/src -s libs  "SHELL=/bin/sh" "COMPILER=aarch64-none-elf-gcc" "ASSEMBLER=aarch64-non
TRACE::2025-07-24.17:31:04::SCWMssOS::e-elf-as" "ARCHIVER=aarch64-none-elf-ar" "COMPILER_FLAGS=  -O2 -c" "EXTRA_COMPILER_FLAGS=-g -Wall -Wextra -fno-tree-loop-distri
TRACE::2025-07-24.17:31:04::SCWMssOS::bute-patterns"

TRACE::2025-07-24.17:31:04::SCWMssOS::Running Make libs in psu_cortexa53_0/libsrc/csudma_v1_11/src

TRACE::2025-07-24.17:31:04::SCWMssOS::make -C psu_cortexa53_0/libsrc/coresightps_dcc_v1_8/src -s libs  "SHELL=/bin/sh" "COMPILER=aarch64-none-elf-gcc" "ASSEMBLER=aar
TRACE::2025-07-24.17:31:04::SCWMssOS::ch64-none-elf-as" "ARCHIVER=aarch64-none-elf-ar" "COMPILER_FLAGS=  -O2 -c" "EXTRA_COMPILER_FLAGS=-g -Wall -Wextra -fno-tree-loo
TRACE::2025-07-24.17:31:04::SCWMssOS::p-distribute-patterns"

TRACE::2025-07-24.17:31:04::SCWMssOS::Running Make libs in psu_cortexa53_0/libsrc/ddrcpsu_v1_4/src

TRACE::2025-07-24.17:31:04::SCWMssOS::make -C psu_cortexa53_0/libsrc/cpu_cortexa53_v2_0/src -s libs  "SHELL=/bin/sh" "COMPILER=aarch64-none-elf-gcc" "ASSEMBLER=aarch
TRACE::2025-07-24.17:31:04::SCWMssOS::64-none-elf-as" "ARCHIVER=aarch64-none-elf-ar" "COMPILER_FLAGS=  -O2 -c" "EXTRA_COMPILER_FLAGS=-g -Wall -Wextra -fno-tree-loop-
TRACE::2025-07-24.17:31:04::SCWMssOS::distribute-patterns"

TRACE::2025-07-24.17:31:04::SCWMssOS::make -C psu_cortexa53_0/libsrc/csudma_v1_11/src -s libs  "SHELL=/bin/sh" "COMPILER=aarch64-none-elf-gcc" "ASSEMBLER=aarch64-non
TRACE::2025-07-24.17:31:04::SCWMssOS::e-elf-as" "ARCHIVER=aarch64-none-elf-ar" "COMPILER_FLAGS=  -O2 -c" "EXTRA_COMPILER_FLAGS=-g -Wall -Wextra -fno-tree-loop-distri
TRACE::2025-07-24.17:31:04::SCWMssOS::bute-patterns"

TRACE::2025-07-24.17:31:04::SCWMssOS::Running Make libs in psu_cortexa53_0/libsrc/gpiops_v3_9/src

TRACE::2025-07-24.17:31:04::SCWMssOS::make -C psu_cortexa53_0/libsrc/ddrcpsu_v1_4/src -s libs  "SHELL=/bin/sh" "COMPILER=aarch64-none-elf-gcc" "ASSEMBLER=aarch64-non
TRACE::2025-07-24.17:31:04::SCWMssOS::e-elf-as" "ARCHIVER=aarch64-none-elf-ar" "COMPILER_FLAGS=  -O2 -c" "EXTRA_COMPILER_FLAGS=-g -Wall -Wextra -fno-tree-loop-distri
TRACE::2025-07-24.17:31:04::SCWMssOS::bute-patterns"

TRACE::2025-07-24.17:31:04::SCWMssOS::make -C psu_cortexa53_0/libsrc/gpiops_v3_9/src -s libs  "SHELL=/bin/sh" "COMPILER=aarch64-none-elf-gcc" "ASSEMBLER=aarch64-none
TRACE::2025-07-24.17:31:04::SCWMssOS::-elf-as" "ARCHIVER=aarch64-none-elf-ar" "COMPILER_FLAGS=  -O2 -c" "EXTRA_COMPILER_FLAGS=-g -Wall -Wextra -fno-tree-loop-distrib
TRACE::2025-07-24.17:31:04::SCWMssOS::ute-patterns"

TRACE::2025-07-24.17:31:04::SCWMssOS::Running Make libs in psu_cortexa53_0/libsrc/iicps_v3_15/src

TRACE::2025-07-24.17:31:04::SCWMssOS::Running Make libs in psu_cortexa53_0/libsrc/ipipsu_v2_11/src

TRACE::2025-07-24.17:31:04::SCWMssOS::make -C psu_cortexa53_0/libsrc/iicps_v3_15/src -s libs  "SHELL=/bin/sh" "COMPILER=aarch64-none-elf-gcc" "ASSEMBLER=aarch64-none
TRACE::2025-07-24.17:31:04::SCWMssOS::-elf-as" "ARCHIVER=aarch64-none-elf-ar" "COMPILER_FLAGS=  -O2 -c" "EXTRA_COMPILER_FLAGS=-g -Wall -Wextra -fno-tree-loop-distrib
TRACE::2025-07-24.17:31:04::SCWMssOS::ute-patterns"

TRACE::2025-07-24.17:31:04::SCWMssOS::Running Make libs in psu_cortexa53_0/libsrc/resetps_v1_5/src

TRACE::2025-07-24.17:31:04::SCWMssOS::make -C psu_cortexa53_0/libsrc/ipipsu_v2_11/src -s libs  "SHELL=/bin/sh" "COMPILER=aarch64-none-elf-gcc" "ASSEMBLER=aarch64-non
TRACE::2025-07-24.17:31:04::SCWMssOS::e-elf-as" "ARCHIVER=aarch64-none-elf-ar" "COMPILER_FLAGS=  -O2 -c" "EXTRA_COMPILER_FLAGS=-g -Wall -Wextra -fno-tree-loop-distri
TRACE::2025-07-24.17:31:04::SCWMssOS::bute-patterns"

TRACE::2025-07-24.17:31:04::SCWMssOS::make -C psu_cortexa53_0/libsrc/resetps_v1_5/src -s libs  "SHELL=/bin/sh" "COMPILER=aarch64-none-elf-gcc" "ASSEMBLER=aarch64-non
TRACE::2025-07-24.17:31:04::SCWMssOS::e-elf-as" "ARCHIVER=aarch64-none-elf-ar" "COMPILER_FLAGS=  -O2 -c" "EXTRA_COMPILER_FLAGS=-g -Wall -Wextra -fno-tree-loop-distri
TRACE::2025-07-24.17:31:04::SCWMssOS::bute-patterns"

TRACE::2025-07-24.17:31:04::SCWMssOS::Running Make libs in psu_cortexa53_0/libsrc/rtcpsu_v1_11/src

TRACE::2025-07-24.17:31:04::SCWMssOS::make -C psu_cortexa53_0/libsrc/rtcpsu_v1_11/src -s libs  "SHELL=/bin/sh" "COMPILER=aarch64-none-elf-gcc" "ASSEMBLER=aarch64-non
TRACE::2025-07-24.17:31:04::SCWMssOS::e-elf-as" "ARCHIVER=aarch64-none-elf-ar" "COMPILER_FLAGS=  -O2 -c" "EXTRA_COMPILER_FLAGS=-g -Wall -Wextra -fno-tree-loop-distri
TRACE::2025-07-24.17:31:04::SCWMssOS::bute-patterns"

TRACE::2025-07-24.17:31:04::SCWMssOS::Running Make libs in psu_cortexa53_0/libsrc/scugic_v4_7/src

TRACE::2025-07-24.17:31:04::SCWMssOS::Running Make libs in psu_cortexa53_0/libsrc/sdps_v3_14/src

TRACE::2025-07-24.17:31:04::SCWMssOS::make -C psu_cortexa53_0/libsrc/scugic_v4_7/src -s libs  "SHELL=/bin/sh" "COMPILER=aarch64-none-elf-gcc" "ASSEMBLER=aarch64-none
TRACE::2025-07-24.17:31:04::SCWMssOS::-elf-as" "ARCHIVER=aarch64-none-elf-ar" "COMPILER_FLAGS=  -O2 -c" "EXTRA_COMPILER_FLAGS=-g -Wall -Wextra -fno-tree-loop-distrib
TRACE::2025-07-24.17:31:04::SCWMssOS::ute-patterns"

TRACE::2025-07-24.17:31:04::SCWMssOS::make -C psu_cortexa53_0/libsrc/sdps_v3_14/src -s libs  "SHELL=/bin/sh" "COMPILER=aarch64-none-elf-gcc" "ASSEMBLER=aarch64-none-
TRACE::2025-07-24.17:31:04::SCWMssOS::elf-as" "ARCHIVER=aarch64-none-elf-ar" "COMPILER_FLAGS=  -O2 -c" "EXTRA_COMPILER_FLAGS=-g -Wall -Wextra -fno-tree-loop-distribu
TRACE::2025-07-24.17:31:04::SCWMssOS::te-patterns"

TRACE::2025-07-24.17:31:04::SCWMssOS::Running Make libs in psu_cortexa53_0/libsrc/spips_v3_7/src

TRACE::2025-07-24.17:31:04::SCWMssOS::make -C psu_cortexa53_0/libsrc/spips_v3_7/src -s libs  "SHELL=/bin/sh" "COMPILER=aarch64-none-elf-gcc" "ASSEMBLER=aarch64-none-
TRACE::2025-07-24.17:31:04::SCWMssOS::elf-as" "ARCHIVER=aarch64-none-elf-ar" "COMPILER_FLAGS=  -O2 -c" "EXTRA_COMPILER_FLAGS=-g -Wall -Wextra -fno-tree-loop-distribu
TRACE::2025-07-24.17:31:04::SCWMssOS::te-patterns"

TRACE::2025-07-24.17:31:04::SCWMssOS::Running Make libs in psu_cortexa53_0/libsrc/standalone_v7_7/src

TRACE::2025-07-24.17:31:04::SCWMssOS::make -C psu_cortexa53_0/libsrc/standalone_v7_7/src -s libs  "SHELL=/bin/sh" "COMPILER=aarch64-none-elf-gcc" "ASSEMBLER=aarch64-
TRACE::2025-07-24.17:31:04::SCWMssOS::none-elf-as" "ARCHIVER=aarch64-none-elf-ar" "COMPILER_FLAGS=  -O2 -c" "EXTRA_COMPILER_FLAGS=-g -Wall -Wextra -fno-tree-loop-dis
TRACE::2025-07-24.17:31:04::SCWMssOS::tribute-patterns"

TRACE::2025-07-24.17:31:05::SCWMssOS::Running Make libs in psu_cortexa53_0/libsrc/sysmonpsu_v2_7/src

TRACE::2025-07-24.17:31:05::SCWMssOS::make -C psu_cortexa53_0/libsrc/sysmonpsu_v2_7/src -s libs  "SHELL=/bin/sh" "COMPILER=aarch64-none-elf-gcc" "ASSEMBLER=aarch64-n
TRACE::2025-07-24.17:31:05::SCWMssOS::one-elf-as" "ARCHIVER=aarch64-none-elf-ar" "COMPILER_FLAGS=  -O2 -c" "EXTRA_COMPILER_FLAGS=-g -Wall -Wextra -fno-tree-loop-dist
TRACE::2025-07-24.17:31:05::SCWMssOS::ribute-patterns"

TRACE::2025-07-24.17:31:05::SCWMssOS::Running Make libs in psu_cortexa53_0/libsrc/ttcps_v3_15/src

TRACE::2025-07-24.17:31:05::SCWMssOS::make -C psu_cortexa53_0/libsrc/ttcps_v3_15/src -s libs  "SHELL=/bin/sh" "COMPILER=aarch64-none-elf-gcc" "ASSEMBLER=aarch64-none
TRACE::2025-07-24.17:31:05::SCWMssOS::-elf-as" "ARCHIVER=aarch64-none-elf-ar" "COMPILER_FLAGS=  -O2 -c" "EXTRA_COMPILER_FLAGS=-g -Wall -Wextra -fno-tree-loop-distrib
TRACE::2025-07-24.17:31:05::SCWMssOS::ute-patterns"

TRACE::2025-07-24.17:31:05::SCWMssOS::Running Make libs in psu_cortexa53_0/libsrc/uartps_v3_11/src

TRACE::2025-07-24.17:31:05::SCWMssOS::make -C psu_cortexa53_0/libsrc/uartps_v3_11/src -s libs  "SHELL=/bin/sh" "COMPILER=aarch64-none-elf-gcc" "ASSEMBLER=aarch64-non
TRACE::2025-07-24.17:31:05::SCWMssOS::e-elf-as" "ARCHIVER=aarch64-none-elf-ar" "COMPILER_FLAGS=  -O2 -c" "EXTRA_COMPILER_FLAGS=-g -Wall -Wextra -fno-tree-loop-distri
TRACE::2025-07-24.17:31:05::SCWMssOS::bute-patterns"

TRACE::2025-07-24.17:31:05::SCWMssOS::Running Make libs in psu_cortexa53_0/libsrc/usbpsu_v1_11/src

TRACE::2025-07-24.17:31:05::SCWMssOS::make -C psu_cortexa53_0/libsrc/usbpsu_v1_11/src -s libs  "SHELL=/bin/sh" "COMPILER=aarch64-none-elf-gcc" "ASSEMBLER=aarch64-non
TRACE::2025-07-24.17:31:05::SCWMssOS::e-elf-as" "ARCHIVER=aarch64-none-elf-ar" "COMPILER_FLAGS=  -O2 -c" "EXTRA_COMPILER_FLAGS=-g -Wall -Wextra -fno-tree-loop-distri
TRACE::2025-07-24.17:31:05::SCWMssOS::bute-patterns"

TRACE::2025-07-24.17:31:05::SCWMssOS::Running Make libs in psu_cortexa53_0/libsrc/video_common_v4_13/src

TRACE::2025-07-24.17:31:05::SCWMssOS::make -C psu_cortexa53_0/libsrc/video_common_v4_13/src -s libs  "SHELL=/bin/sh" "COMPILER=aarch64-none-elf-gcc" "ASSEMBLER=aarch
TRACE::2025-07-24.17:31:05::SCWMssOS::64-none-elf-as" "ARCHIVER=aarch64-none-elf-ar" "COMPILER_FLAGS=  -O2 -c" "EXTRA_COMPILER_FLAGS=-g -Wall -Wextra -fno-tree-loop-
TRACE::2025-07-24.17:31:05::SCWMssOS::distribute-patterns"

TRACE::2025-07-24.17:31:05::SCWMssOS::Running Make libs in psu_cortexa53_0/libsrc/wdtps_v3_5/src

TRACE::2025-07-24.17:31:05::SCWMssOS::make -C psu_cortexa53_0/libsrc/wdtps_v3_5/src -s libs  "SHELL=/bin/sh" "COMPILER=aarch64-none-elf-gcc" "ASSEMBLER=aarch64-none-
TRACE::2025-07-24.17:31:05::SCWMssOS::elf-as" "ARCHIVER=aarch64-none-elf-ar" "COMPILER_FLAGS=  -O2 -c" "EXTRA_COMPILER_FLAGS=-g -Wall -Wextra -fno-tree-loop-distribu
TRACE::2025-07-24.17:31:05::SCWMssOS::te-patterns"

TRACE::2025-07-24.17:31:05::SCWMssOS::Running Make libs in psu_cortexa53_0/libsrc/zdma_v1_14/src

TRACE::2025-07-24.17:31:05::SCWMssOS::make -C psu_cortexa53_0/libsrc/zdma_v1_14/src -s libs  "SHELL=/bin/sh" "COMPILER=aarch64-none-elf-gcc" "ASSEMBLER=aarch64-none-
TRACE::2025-07-24.17:31:05::SCWMssOS::elf-as" "ARCHIVER=aarch64-none-elf-ar" "COMPILER_FLAGS=  -O2 -c" "EXTRA_COMPILER_FLAGS=-g -Wall -Wextra -fno-tree-loop-distribu
TRACE::2025-07-24.17:31:05::SCWMssOS::te-patterns"

TRACE::2025-07-24.17:31:06::SCWMssOS::Finished building libraries parallelly.

TRACE::2025-07-24.17:31:06::SCWMssOS::make --no-print-directory archive

TRACE::2025-07-24.17:31:06::SCWMssOS::aarch64-none-elf-ar -r  psu_cortexa53_0/lib/libxil.a psu_cortexa53_0/lib/abort.o psu_cortexa53_0/lib/asm_vectors.o psu_cortexa5
TRACE::2025-07-24.17:31:06::SCWMssOS::3_0/lib/boot.o psu_cortexa53_0/lib/close.o psu_cortexa53_0/lib/cpputest_time.o psu_cortexa53_0/lib/errno.o psu_cortexa53_0/lib/
TRACE::2025-07-24.17:31:06::SCWMssOS::_exit.o psu_cortexa53_0/lib/fcntl.o psu_cortexa53_0/lib/fstat.o psu_cortexa53_0/lib/getpid.o psu_cortexa53_0/lib/inbyte.o psu_c
TRACE::2025-07-24.17:31:06::SCWMssOS::ortexa53_0/lib/initialise_monitor_handles.o psu_cortexa53_0/lib/isatty.o psu_cortexa53_0/lib/kill.o psu_cortexa53_0/lib/lseek.o
TRACE::2025-07-24.17:31:06::SCWMssOS:: psu_cortexa53_0/lib/_open.o psu_cortexa53_0/lib/open.o psu_cortexa53_0/lib/outbyte.o psu_cortexa53_0/lib/print.o psu_cortexa53
TRACE::2025-07-24.17:31:06::SCWMssOS::_0/lib/putnum.o psu_cortexa53_0/lib/read.o psu_cortexa53_0/lib/_sbrk.o psu_cortexa53_0/lib/sbrk.o psu_cortexa53_0/lib/sleep.o p
TRACE::2025-07-24.17:31:06::SCWMssOS::su_cortexa53_0/lib/time.o psu_cortexa53_0/lib/translation_table.o psu_cortexa53_0/lib/unlink.o psu_cortexa53_0/lib/vectors.o ps
TRACE::2025-07-24.17:31:06::SCWMssOS::u_cortexa53_0/lib/write.o psu_cortexa53_0/lib/xaxipmon_g.o psu_cortexa53_0/lib/xaxipmon.o psu_cortexa53_0/lib/xaxipmon_selftest
TRACE::2025-07-24.17:31:06::SCWMssOS::.o psu_cortexa53_0/lib/xaxipmon_sinit.o psu_cortexa53_0/lib/xclockps_divider.o psu_cortexa53_0/lib/xclockps_fixedfactor.o psu_c
TRACE::2025-07-24.17:31:06::SCWMssOS::ortexa53_0/lib/xclockps_gate.o psu_cortexa53_0/lib/xclockps_g.o psu_cortexa53_0/lib/xclockps_mux.o psu_cortexa53_0/lib/xclockps
TRACE::2025-07-24.17:31:06::SCWMssOS::.o psu_cortexa53_0/lib/xclockps_pll.o psu_cortexa53_0/lib/xclockps_sinit.o psu_cortexa53_0/lib/xcoresightpsdcc.o psu_cortexa53_
TRACE::2025-07-24.17:31:06::SCWMssOS::0/lib/xcsudma_g.o psu_cortexa53_0/lib/xcsudma_intr.o psu_cortexa53_0/lib/xcsudma.o psu_cortexa53_0/lib/xcsudma_selftest.o psu_c
TRACE::2025-07-24.17:31:06::SCWMssOS::ortexa53_0/lib/xcsudma_sinit.o psu_cortexa53_0/lib/xgpiops_g.o psu_cortexa53_0/lib/xgpiops_hw.o psu_cortexa53_0/lib/xgpiops_int
TRACE::2025-07-24.17:31:06::SCWMssOS::r.o psu_cortexa53_0/lib/xgpiops.o psu_cortexa53_0/lib/xgpiops_selftest.o psu_cortexa53_0/lib/xgpiops_sinit.o psu_cortexa53_0/li
TRACE::2025-07-24.17:31:06::SCWMssOS::b/xiicps_g.o psu_cortexa53_0/lib/xiicps_hw.o psu_cortexa53_0/lib/xiicps_intr.o psu_cortexa53_0/lib/xiicps_master.o psu_cortexa5
TRACE::2025-07-24.17:31:06::SCWMssOS::3_0/lib/xiicps.o psu_cortexa53_0/lib/xiicps_options.o psu_cortexa53_0/lib/xiicps_selftest.o psu_cortexa53_0/lib/xiicps_sinit.o 
TRACE::2025-07-24.17:31:06::SCWMssOS::psu_cortexa53_0/lib/xiicps_slave.o psu_cortexa53_0/lib/xiicps_xfer.o psu_cortexa53_0/lib/xil_assert.o psu_cortexa53_0/lib/xil_c
TRACE::2025-07-24.17:31:06::SCWMssOS::ache.o psu_cortexa53_0/lib/xil_clocking.o psu_cortexa53_0/lib/xil-crt0.o psu_cortexa53_0/lib/xil_exception.o psu_cortexa53_0/li
TRACE::2025-07-24.17:31:06::SCWMssOS::b/xil_mem.o psu_cortexa53_0/lib/xil_mmu.o psu_cortexa53_0/lib/xil_printf.o psu_cortexa53_0/lib/xil_sleepcommon.o psu_cortexa53_
TRACE::2025-07-24.17:31:06::SCWMssOS::0/lib/xil_sleeptimer.o psu_cortexa53_0/lib/xil_smc.o psu_cortexa53_0/lib/xil_spinlock.o psu_cortexa53_0/lib/xil_testcache.o psu
TRACE::2025-07-24.17:31:06::SCWMssOS::_cortexa53_0/lib/xil_testio.o psu_cortexa53_0/lib/xil_testmem.o psu_cortexa53_0/lib/xil_util.o psu_cortexa53_0/lib/xinterrupt_w
TRACE::2025-07-24.17:31:06::SCWMssOS::rap.o psu_cortexa53_0/lib/xipipsu_buf.o psu_cortexa53_0/lib/xipipsu_g.o psu_cortexa53_0/lib/xipipsu.o psu_cortexa53_0/lib/xipip
TRACE::2025-07-24.17:31:06::SCWMssOS::su_sinit.o psu_cortexa53_0/lib/xplatform_info.o psu_cortexa53_0/lib/xresetps_g.o psu_cortexa53_0/lib/xresetps.o psu_cortexa53_0
TRACE::2025-07-24.17:31:06::SCWMssOS::/lib/xresetps_sinit.o psu_cortexa53_0/lib/xrtcpsu_g.o psu_cortexa53_0/lib/xrtcpsu_intr.o psu_cortexa53_0/lib/xrtcpsu.o psu_cort
TRACE::2025-07-24.17:31:06::SCWMssOS::exa53_0/lib/xrtcpsu_selftest.o psu_cortexa53_0/lib/xrtcpsu_sinit.o psu_cortexa53_0/lib/xscugic_g.o psu_cortexa53_0/lib/xscugic_
TRACE::2025-07-24.17:31:06::SCWMssOS::hw.o psu_cortexa53_0/lib/xscugic_intr.o psu_cortexa53_0/lib/xscugic.o psu_cortexa53_0/lib/xscugic_selftest.o psu_cortexa53_0/li
TRACE::2025-07-24.17:31:06::SCWMssOS::b/xscugic_sinit.o psu_cortexa53_0/lib/xsdps_card.o psu_cortexa53_0/lib/xsdps_g.o psu_cortexa53_0/lib/xsdps_host.o psu_cortexa53
TRACE::2025-07-24.17:31:06::SCWMssOS::_0/lib/xsdps.o psu_cortexa53_0/lib/xsdps_options.o psu_cortexa53_0/lib/xsdps_sinit.o psu_cortexa53_0/lib/xspips_g.o psu_cortexa
TRACE::2025-07-24.17:31:06::SCWMssOS::53_0/lib/xspips_hw.o psu_cortexa53_0/lib/xspips.o psu_cortexa53_0/lib/xspips_options.o psu_cortexa53_0/lib/xspips_selftest.o ps
TRACE::2025-07-24.17:31:06::SCWMssOS::u_cortexa53_0/lib/xspips_sinit.o psu_cortexa53_0/lib/xsysmonpsu_g.o psu_cortexa53_0/lib/xsysmonpsu_intr.o psu_cortexa53_0/lib/x
TRACE::2025-07-24.17:31:06::SCWMssOS::sysmonpsu.o psu_cortexa53_0/lib/xsysmonpsu_selftest.o psu_cortexa53_0/lib/xsysmonpsu_sinit.o psu_cortexa53_0/lib/xtime_l.o psu_
TRACE::2025-07-24.17:31:06::SCWMssOS::cortexa53_0/lib/xttcps_g.o psu_cortexa53_0/lib/xttcps.o psu_cortexa53_0/lib/xttcps_options.o psu_cortexa53_0/lib/xttcps_selftes
TRACE::2025-07-24.17:31:06::SCWMssOS::t.o psu_cortexa53_0/lib/xttcps_sinit.o psu_cortexa53_0/lib/xuartps_g.o psu_cortexa53_0/lib/xuartps_hw.o psu_cortexa53_0/lib/xua
TRACE::2025-07-24.17:31:06::SCWMssOS::rtps_intr.o psu_cortexa53_0/lib/xuartps.o psu_cortexa53_0/lib/xuartps_options.o psu_cortexa53_0/lib/xuartps_selftest.o psu_cort
TRACE::2025-07-24.17:31:06::SCWMssOS::exa53_0/lib/xuartps_sinit.o psu_cortexa53_0/lib/xusbpsu_command.o psu_cortexa53_0/lib/xusbpsu_controltransfers.o psu_cortexa53_
TRACE::2025-07-24.17:31:06::SCWMssOS::0/lib/xusbpsu_device.o psu_cortexa53_0/lib/xusbpsu_endpoint.o psu_cortexa53_0/lib/xusbpsu_ep0handler.o psu_cortexa53_0/lib/xusb
TRACE::2025-07-24.17:31:06::SCWMssOS::psu_ephandler.o psu_cortexa53_0/lib/xusbpsu_event.o psu_cortexa53_0/lib/xusbpsu_g.o psu_cortexa53_0/lib/xusbpsu_hibernation.o p
TRACE::2025-07-24.17:31:06::SCWMssOS::su_cortexa53_0/lib/xusbpsu_intr.o psu_cortexa53_0/lib/xusbpsu.o psu_cortexa53_0/lib/xusbpsu_sinit.o psu_cortexa53_0/lib/xvidc_e
TRACE::2025-07-24.17:31:06::SCWMssOS::did_ext.o psu_cortexa53_0/lib/xvidc_edid.o psu_cortexa53_0/lib/xvidc.o psu_cortexa53_0/lib/xvidc_parse_edid.o psu_cortexa53_0/l
TRACE::2025-07-24.17:31:06::SCWMssOS::ib/xvidc_timings_table.o psu_cortexa53_0/lib/xwdtps_g.o psu_cortexa53_0/lib/xwdtps.o psu_cortexa53_0/lib/xwdtps_selftest.o psu_
TRACE::2025-07-24.17:31:06::SCWMssOS::cortexa53_0/lib/xwdtps_sinit.o psu_cortexa53_0/lib/xzdma_g.o psu_cortexa53_0/lib/xzdma_intr.o psu_cortexa53_0/lib/xzdma.o psu_c
TRACE::2025-07-24.17:31:06::SCWMssOS::ortexa53_0/lib/xzdma_selftest.o psu_cortexa53_0/lib/xzdma_sinit.o

TRACE::2025-07-24.17:31:06::SCWMssOS::Finished building libraries

TRACE::2025-07-24.17:31:06::SCWMssOS::Copying to export directory.
TRACE::2025-07-24.17:31:06::SCWMssOS:: Checking if to create the Supporting Applications
TRACE::2025-07-24.17:31:06::SCWMssOS:: No Linux domain exists, trying to generate FSBL 
LOG::2025-07-24.17:31:06::SCWSystem::Completed Processing the domain standalone_psu_cortexa53_0
LOG::2025-07-24.17:31:06::SCWSystem::Completed Processing the sysconfig design_1_wrapper
LOG::2025-07-24.17:31:06::SCWPlatform::Completed generating the artifacts for system configuration design_1_wrapper
TRACE::2025-07-24.17:31:06::SCWPlatform::Started preparing the platform 
TRACE::2025-07-24.17:31:06::SCWSystem::Writing the bif file for system config design_1_wrapper
TRACE::2025-07-24.17:31:06::SCWSystem::dir created 
TRACE::2025-07-24.17:31:06::SCWSystem::Writing the bif 
TRACE::2025-07-24.17:31:06::SCWPlatform::Started writing the spfm file 
TRACE::2025-07-24.17:31:06::SCWPlatform::Started writing the xpfm file 
TRACE::2025-07-24.17:31:06::SCWPlatform::Completed generating the platform
TRACE::2025-07-24.17:31:06::SCWMssOS::Saving the mss changes /home/call_me_utka/Documents/Projects/aes-ultra96-v2-playground/LED_Blink/design_1_wrapper/zynqmp_fsbl/zynqmp_fsbl_bsp/system.mss
TRACE::2025-07-24.17:31:06::SCWMssOS::Found a swdesign opened with the mssfile.
TRACE::2025-07-24.17:31:06::SCWMssOS::Completed writemss as part of save.
TRACE::2025-07-24.17:31:06::SCWMssOS::Commit changes completed.
TRACE::2025-07-24.17:31:06::SCWMssOS::Saving the mss changes /home/call_me_utka/Documents/Projects/aes-ultra96-v2-playground/LED_Blink/design_1_wrapper/zynqmp_pmufw/zynqmp_pmufw_bsp/system.mss
TRACE::2025-07-24.17:31:06::SCWMssOS::Found a swdesign opened with the mssfile.
TRACE::2025-07-24.17:31:06::SCWMssOS::Completed writemss as part of save.
TRACE::2025-07-24.17:31:06::SCWMssOS::Commit changes completed.
TRACE::2025-07-24.17:31:06::SCWMssOS::Saving the mss changes /home/call_me_utka/Documents/Projects/aes-ultra96-v2-playground/LED_Blink/design_1_wrapper/psu_cortexa53_0/standalone_psu_cortexa53_0/bsp/system.mss
TRACE::2025-07-24.17:31:06::SCWMssOS::Found a swdesign opened with the mssfile.
TRACE::2025-07-24.17:31:06::SCWMssOS::Completed writemss as part of save.
TRACE::2025-07-24.17:31:06::SCWMssOS::Commit changes completed.
TRACE::2025-07-24.17:31:06::SCWPlatform::Trying to open the hw design at /home/call_me_utka/Documents/Projects/aes-ultra96-v2-playground/LED_Blink/design_1_wrapper/hw/design_1_wrapper.xsa
TRACE::2025-07-24.17:31:06::SCWPlatform::DSA given /home/call_me_utka/Documents/Projects/aes-ultra96-v2-playground/LED_Blink/design_1_wrapper/hw/design_1_wrapper.xsa
TRACE::2025-07-24.17:31:06::SCWPlatform::DSA absoulate path /home/call_me_utka/Documents/Projects/aes-ultra96-v2-playground/LED_Blink/design_1_wrapper/hw/design_1_wrapper.xsa
TRACE::2025-07-24.17:31:06::SCWPlatform::DSA directory /home/call_me_utka/Documents/Projects/aes-ultra96-v2-playground/LED_Blink/design_1_wrapper/hw
TRACE::2025-07-24.17:31:06::SCWPlatform:: Platform Path /home/call_me_utka/Documents/Projects/aes-ultra96-v2-playground/LED_Blink/design_1_wrapper/hw/design_1_wrapper.xsa
TRACE::2025-07-24.17:31:06::SCWPlatform:: Unique name xilinx:ultra96v2::0.0
TRACE::2025-07-24.17:31:06::SCWPlatform::Trying to set the existing hwdb with name design_1_wrapper_5
TRACE::2025-07-24.17:31:06::SCWPlatform::Opened existing hwdb design_1_wrapper_5
TRACE::2025-07-24.17:31:06::SCWPlatform::Found the Hw Db part of the input DSA
TRACE::2025-07-24.17:31:06::SCWMssOS::Checking the sw design at  /home/call_me_utka/Documents/Projects/aes-ultra96-v2-playground/LED_Blink/design_1_wrapper/zynqmp_fsbl/zynqmp_fsbl_bsp/system.mss
TRACE::2025-07-24.17:31:06::SCWMssOS::DEBUG:  swdes dump  /home/call_me_utka/Documents/Projects/aes-ultra96-v2-playground/LED_Blink/design_1_wrapper/psu_cortexa53_0/standalone_psu_cortexa53_0/bsp/system.mss|system_1||
/home/call_me_utka/Documents/Projects/aes-ultra96-v2-playground/LED_Blink/design_1_wrapper/zynqmp_fsbl/zynqmp_fsbl_bsp/system.mss|system||
/home/call_me_utka/Documents/Projects/aes-ultra96-v2-playground/LED_Blink/design_1_wrapper/zynqmp_pmufw/zynqmp_pmufw_bsp/system.mss|system_0||

TRACE::2025-07-24.17:31:06::SCWMssOS::Sw design exists and opened at  /home/call_me_utka/Documents/Projects/aes-ultra96-v2-playground/LED_Blink/design_1_wrapper/zynqmp_fsbl/zynqmp_fsbl_bsp/system.mss
TRACE::2025-07-24.17:31:06::SCWPlatform::Trying to open the hw design at /home/call_me_utka/Documents/Projects/aes-ultra96-v2-playground/LED_Blink/design_1_wrapper/hw/design_1_wrapper.xsa
TRACE::2025-07-24.17:31:06::SCWPlatform::DSA given /home/call_me_utka/Documents/Projects/aes-ultra96-v2-playground/LED_Blink/design_1_wrapper/hw/design_1_wrapper.xsa
TRACE::2025-07-24.17:31:06::SCWPlatform::DSA absoulate path /home/call_me_utka/Documents/Projects/aes-ultra96-v2-playground/LED_Blink/design_1_wrapper/hw/design_1_wrapper.xsa
TRACE::2025-07-24.17:31:06::SCWPlatform::DSA directory /home/call_me_utka/Documents/Projects/aes-ultra96-v2-playground/LED_Blink/design_1_wrapper/hw
TRACE::2025-07-24.17:31:06::SCWPlatform:: Platform Path /home/call_me_utka/Documents/Projects/aes-ultra96-v2-playground/LED_Blink/design_1_wrapper/hw/design_1_wrapper.xsa
TRACE::2025-07-24.17:31:06::SCWPlatform:: Unique name xilinx:ultra96v2::0.0
TRACE::2025-07-24.17:31:06::SCWPlatform::Trying to set the existing hwdb with name design_1_wrapper_5
TRACE::2025-07-24.17:31:06::SCWPlatform::Opened existing hwdb design_1_wrapper_5
TRACE::2025-07-24.17:31:06::SCWPlatform::Found the Hw Db part of the input DSA
TRACE::2025-07-24.17:31:06::SCWMssOS::Checking the sw design at  /home/call_me_utka/Documents/Projects/aes-ultra96-v2-playground/LED_Blink/design_1_wrapper/zynqmp_pmufw/zynqmp_pmufw_bsp/system.mss
TRACE::2025-07-24.17:31:06::SCWMssOS::DEBUG:  swdes dump  /home/call_me_utka/Documents/Projects/aes-ultra96-v2-playground/LED_Blink/design_1_wrapper/psu_cortexa53_0/standalone_psu_cortexa53_0/bsp/system.mss|system_1||
/home/call_me_utka/Documents/Projects/aes-ultra96-v2-playground/LED_Blink/design_1_wrapper/zynqmp_fsbl/zynqmp_fsbl_bsp/system.mss|system||
/home/call_me_utka/Documents/Projects/aes-ultra96-v2-playground/LED_Blink/design_1_wrapper/zynqmp_pmufw/zynqmp_pmufw_bsp/system.mss|system_0||

TRACE::2025-07-24.17:31:06::SCWMssOS::Sw design exists and opened at  /home/call_me_utka/Documents/Projects/aes-ultra96-v2-playground/LED_Blink/design_1_wrapper/zynqmp_pmufw/zynqmp_pmufw_bsp/system.mss
TRACE::2025-07-24.17:31:06::SCWPlatform::Trying to open the hw design at /home/call_me_utka/Documents/Projects/aes-ultra96-v2-playground/LED_Blink/design_1_wrapper/hw/design_1_wrapper.xsa
TRACE::2025-07-24.17:31:06::SCWPlatform::DSA given /home/call_me_utka/Documents/Projects/aes-ultra96-v2-playground/LED_Blink/design_1_wrapper/hw/design_1_wrapper.xsa
TRACE::2025-07-24.17:31:06::SCWPlatform::DSA absoulate path /home/call_me_utka/Documents/Projects/aes-ultra96-v2-playground/LED_Blink/design_1_wrapper/hw/design_1_wrapper.xsa
TRACE::2025-07-24.17:31:06::SCWPlatform::DSA directory /home/call_me_utka/Documents/Projects/aes-ultra96-v2-playground/LED_Blink/design_1_wrapper/hw
TRACE::2025-07-24.17:31:06::SCWPlatform:: Platform Path /home/call_me_utka/Documents/Projects/aes-ultra96-v2-playground/LED_Blink/design_1_wrapper/hw/design_1_wrapper.xsa
TRACE::2025-07-24.17:31:06::SCWPlatform:: Unique name xilinx:ultra96v2::0.0
TRACE::2025-07-24.17:31:06::SCWPlatform::Trying to set the existing hwdb with name design_1_wrapper_5
TRACE::2025-07-24.17:31:06::SCWPlatform::Opened existing hwdb design_1_wrapper_5
TRACE::2025-07-24.17:31:06::SCWPlatform::Found the Hw Db part of the input DSA
TRACE::2025-07-24.17:31:06::SCWMssOS::Checking the sw design at  /home/call_me_utka/Documents/Projects/aes-ultra96-v2-playground/LED_Blink/design_1_wrapper/psu_cortexa53_0/standalone_psu_cortexa53_0/bsp/system.mss
TRACE::2025-07-24.17:31:06::SCWMssOS::DEBUG:  swdes dump  /home/call_me_utka/Documents/Projects/aes-ultra96-v2-playground/LED_Blink/design_1_wrapper/psu_cortexa53_0/standalone_psu_cortexa53_0/bsp/system.mss|system_1||
/home/call_me_utka/Documents/Projects/aes-ultra96-v2-playground/LED_Blink/design_1_wrapper/zynqmp_fsbl/zynqmp_fsbl_bsp/system.mss|system||
/home/call_me_utka/Documents/Projects/aes-ultra96-v2-playground/LED_Blink/design_1_wrapper/zynqmp_pmufw/zynqmp_pmufw_bsp/system.mss|system_0||

TRACE::2025-07-24.17:31:06::SCWMssOS::Sw design exists and opened at  /home/call_me_utka/Documents/Projects/aes-ultra96-v2-playground/LED_Blink/design_1_wrapper/psu_cortexa53_0/standalone_psu_cortexa53_0/bsp/system.mss
TRACE::2025-07-24.17:31:06::SCWWriter::formatted JSON is {
	"platformName":	"design_1_wrapper",
	"sprVersion":	"2.0",
	"mode":	"gui",
	"dsaType":	"Fixed",
	"platformDesc":	"design_1_wrapper",
	"platHandOff":	"/home/call_me_utka/Documents/Projects/aes-ultra96-v2-playground/Custom_IP/design_1_wrapper.xsa",
	"platIntHandOff":	"<platformDir>/hw/design_1_wrapper.xsa",
	"deviceType":	"zynqMP",
	"platIsPrebuiltAutogen":	"false",
	"platIsNoBootBsp":	"false",
	"platFsblTarget":	"psu_cortexa53_0",
	"hasFsblMakeHasChanges":	"false",
	"hasPmufwMakeHasChanges":	"false",
	"fsblExtraCompilerFlags":	"-MMD -MP      -Wall -fmessage-length=0 -DARMA53_64 -Os -flto -ffat-lto-objects  ",
	"pmufwExtraCompilerFlags":	"-MMD -MP      -mlittle-endian -mxl-barrel-shift -mxl-pattern-compare -mcpu=v9.2 -mxl-soft-mul -Os -flto -ffat-lto-objects  ",
	"platPreBuiltFlag":	false,
	"platformSamplesDir":	"",
	"platActiveSys":	"design_1_wrapper",
	"systems":	[{
			"systemName":	"design_1_wrapper",
			"systemDesc":	"design_1_wrapper",
			"sysIsBootAutoGen":	"true",
			"systemDispName":	"design_1_wrapper",
			"sysActiveDom":	"standalone_psu_cortexa53_0",
			"sysDefaultDom":	"standalone_psu_cortexa53_0",
			"domains":	[{
					"domainName":	"zynqmp_fsbl",
					"domainDispName":	"zynqmp_fsbl",
					"domainDesc":	"FSBL Application BSP - Auto Generated.",
					"processors":	"psu_cortexa53_0",
					"os":	"standalone",
					"sdxOs":	"standalone",
					"debugEnable":	"",
					"domRuntimes":	["cpp"],
					"swRepo":	"",
					"mssOsVer":	"7.7",
					"mssFile":	"",
					"md5Digest":	"aa376723b3fc27c4732a5c93a0b64950",
					"compatibleApp":	"zynqmp_fsbl",
					"domType":	"bootDomain",
					"arch":	"64-bit",
					"appSettings":	{
						"appCompilerFlags":	"",
						"appLinkerFlags":	""
					},
					"addedLibs":	["xilffs:4.7", "xilsecure:4.7", "xilpm:4.0"],
					"libOptions":	{
						"standalone":	{
							"zynqmp_fsbl_bsp":	"true",
							"libOptionNames":	["zynqmp_fsbl_bsp"]
						},
						"xilffs":	{
							"read_only":	"true",
							"use_mkfs":	"false",
							"libOptionNames":	["read_only", "use_mkfs"]
						},
						"xilsecure":	{
							"tpm_support":	"true",
							"libOptionNames":	["tpm_support"]
						},
						"libsContainingOptions":	["standalone", "xilffs", "xilsecure"]
					},
					"prebuiltLibs":	{
						"prebuiltIncPath":	[],
						"prebuiltLibPath":	[]
					},
					"isolation":	{
					}
				}, {
					"domainName":	"zynqmp_pmufw",
					"domainDispName":	"zynqmp_pmufw",
					"domainDesc":	"PMUFW Application BSP - Auto Generated.",
					"processors":	"psu_pmu_0",
					"os":	"standalone",
					"sdxOs":	"standalone",
					"debugEnable":	"",
					"domRuntimes":	["cpp"],
					"swRepo":	"",
					"mssOsVer":	"7.7",
					"mssFile":	"",
					"md5Digest":	"74f37d2df90ed5543bc2becd26dc4eb2",
					"compatibleApp":	"zynqmp_pmufw",
					"domType":	"bootDomain",
					"arch":	"32-bit",
					"appSettings":	{
						"appCompilerFlags":	"",
						"appLinkerFlags":	""
					},
					"addedLibs":	["xilfpga:6.2", "xilsecure:4.7", "xilskey:7.3"],
					"libOptions":	{
						"psu_pmu_0":	{
							"extra_compiler_flags":	"-g -ffunction-sections -fdata-sections -Wall -Wextra -fno-tree-loop-distribute-patterns  -Os -flto -ffat-lto-objects",
							"libOptionNames":	["extra_compiler_flags"]
						},
						"libsContainingOptions":	["psu_pmu_0"]
					},
					"prebuiltLibs":	{
						"prebuiltIncPath":	[],
						"prebuiltLibPath":	[]
					},
					"isolation":	{
					}
				}, {
					"domainName":	"standalone_psu_cortexa53_0",
					"domainDispName":	"standalone_psu_cortexa53_0",
					"domainDesc":	"standalone_psu_cortexa53_0",
					"processors":	"psu_cortexa53_0",
					"os":	"standalone",
					"sdxOs":	"standalone",
					"qemuArgs":	"<platformDir>/resources/design_1_wrapper/standalone_psu_cortexa53_0/qemu_args.txt",
					"qemuData":	"<platformDir>/resources/design_1_wrapper/standalone_psu_cortexa53_0/qemu",
					"pmuQemuArgs":	"<platformDir>/resources/design_1_wrapper/standalone_psu_cortexa53_0/pmu_args.txt",
					"debugEnable":	"False",
					"domRuntimes":	["cpp"],
					"swRepo":	"",
					"mssOsVer":	"7.7",
					"mssFile":	"",
					"md5Digest":	"8b736d9b4ee00eff11c2536082f6b570",
					"compatibleApp":	"",
					"domType":	"mssDomain",
					"arch":	"64-bit",
					"appSettings":	{
						"appCompilerFlags":	"",
						"appLinkerFlags":	""
					},
					"addedLibs":	[],
					"libOptions":	{
						"libsContainingOptions":	[]
					},
					"prebuiltLibs":	{
						"prebuiltIncPath":	[],
						"prebuiltLibPath":	[]
					},
					"isolation":	{
					}
				}]
		}]
}
KEYINFO::2025-07-24.17:31:06::SCWPlatform::updated the xpfm file.
TRACE::2025-07-24.17:31:06::SCWPlatform::Trying to open the hw design at /home/call_me_utka/Documents/Projects/aes-ultra96-v2-playground/LED_Blink/design_1_wrapper/hw/design_1_wrapper.xsa
TRACE::2025-07-24.17:31:06::SCWPlatform::DSA given /home/call_me_utka/Documents/Projects/aes-ultra96-v2-playground/LED_Blink/design_1_wrapper/hw/design_1_wrapper.xsa
TRACE::2025-07-24.17:31:06::SCWPlatform::DSA absoulate path /home/call_me_utka/Documents/Projects/aes-ultra96-v2-playground/LED_Blink/design_1_wrapper/hw/design_1_wrapper.xsa
TRACE::2025-07-24.17:31:06::SCWPlatform::DSA directory /home/call_me_utka/Documents/Projects/aes-ultra96-v2-playground/LED_Blink/design_1_wrapper/hw
TRACE::2025-07-24.17:31:06::SCWPlatform:: Platform Path /home/call_me_utka/Documents/Projects/aes-ultra96-v2-playground/LED_Blink/design_1_wrapper/hw/design_1_wrapper.xsa
TRACE::2025-07-24.17:31:06::SCWPlatform:: Unique name xilinx:ultra96v2::0.0
TRACE::2025-07-24.17:31:06::SCWPlatform::Trying to set the existing hwdb with name design_1_wrapper_5
TRACE::2025-07-24.17:31:06::SCWPlatform::Opened existing hwdb design_1_wrapper_5
TRACE::2025-07-24.17:31:06::SCWPlatform::Found the Hw Db part of the input DSA
TRACE::2025-07-24.17:31:06::SCWMssOS::Checking the sw design at  /home/call_me_utka/Documents/Projects/aes-ultra96-v2-playground/LED_Blink/design_1_wrapper/psu_cortexa53_0/standalone_psu_cortexa53_0/bsp/system.mss
TRACE::2025-07-24.17:31:06::SCWMssOS::DEBUG:  swdes dump  /home/call_me_utka/Documents/Projects/aes-ultra96-v2-playground/LED_Blink/design_1_wrapper/psu_cortexa53_0/standalone_psu_cortexa53_0/bsp/system.mss|system_1||
/home/call_me_utka/Documents/Projects/aes-ultra96-v2-playground/LED_Blink/design_1_wrapper/zynqmp_fsbl/zynqmp_fsbl_bsp/system.mss|system||
/home/call_me_utka/Documents/Projects/aes-ultra96-v2-playground/LED_Blink/design_1_wrapper/zynqmp_pmufw/zynqmp_pmufw_bsp/system.mss|system_0||

TRACE::2025-07-24.17:31:06::SCWMssOS::Sw design exists and opened at  /home/call_me_utka/Documents/Projects/aes-ultra96-v2-playground/LED_Blink/design_1_wrapper/psu_cortexa53_0/standalone_psu_cortexa53_0/bsp/system.mss
