Copyright 1986-2022 Xilinx, Inc. All Rights Reserved.
--------------------------------------------------------------------------------------------------------------------------------------------------------------------------------------------------------------------------------------------------
| Tool Version      : Vivado v.2022.1 (lin64) Build 3526262 Mon Apr 18 15:47:01 MDT 2022
| Date              : Thu Jul 24 17:25:39 2025
| Host              : call-me-utka running 64-bit Ubuntu 22.04.5 LTS
| Command           : report_timing_summary -max_paths 10 -report_unconstrained -file design_1_wrapper_timing_summary_routed.rpt -pb design_1_wrapper_timing_summary_routed.pb -rpx design_1_wrapper_timing_summary_routed.rpx -warn_on_violation
| Design            : design_1_wrapper
| Device            : xczu3eg-sbva484
| Speed File        : -1  PRODUCTION 1.29 08-03-2020
| Temperature Grade : I
--------------------------------------------------------------------------------------------------------------------------------------------------------------------------------------------------------------------------------------------------

Timing Summary Report

------------------------------------------------------------------------------------------------
| Timer Settings
| --------------
------------------------------------------------------------------------------------------------

  Enable Multi Corner Analysis               :  Yes
  Enable Pessimism Removal                   :  Yes
  Pessimism Removal Resolution               :  Nearest Common Node
  Enable Input Delay Default Clock           :  No
  Enable Preset / Clear Arcs                 :  No
  Disable Flight Delays                      :  No
  Ignore I/O Paths                           :  No
  Timing Early Launch at Borrowing Latches   :  No
  Borrow Time for Max Delay Exceptions       :  Yes
  Merge Timing Exceptions                    :  Yes

  Corner  Analyze    Analyze    
  Name    Max Paths  Min Paths  
  ------  ---------  ---------  
  Slow    Yes        Yes        
  Fast    Yes        Yes        


------------------------------------------------------------------------------------------------
| Report Methodology
| ------------------
------------------------------------------------------------------------------------------------

Rule       Severity  Description                    Violations  
---------  --------  -----------------------------  ----------  
TIMING-18  Warning   Missing input or output delay  1           

Note: This report is based on the most recent report_methodology run and may not be up-to-date. Run report_methodology on the current design for the latest report.



check_timing report

Table of Contents
-----------------
1. checking no_clock (0)
2. checking constant_clock (0)
3. checking pulse_width_clock (0)
4. checking unconstrained_internal_endpoints (0)
5. checking no_input_delay (0)
6. checking no_output_delay (1)
7. checking multiple_clock (0)
8. checking generated_clocks (0)
9. checking loops (0)
10. checking partial_input_delay (0)
11. checking partial_output_delay (0)
12. checking latch_loops (0)

1. checking no_clock (0)
------------------------
 There are 0 register/latch pins with no clock.


2. checking constant_clock (0)
------------------------------
 There are 0 register/latch pins with constant_clock.


3. checking pulse_width_clock (0)
---------------------------------
 There are 0 register/latch pins which need pulse_width check


4. checking unconstrained_internal_endpoints (0)
------------------------------------------------
 There are 0 pins that are not constrained for maximum delay.

 There are 0 pins that are not constrained for maximum delay due to constant clock.


5. checking no_input_delay (0)
------------------------------
 There are 0 input ports with no input delay specified.

 There are 0 input ports with no input delay but user has a false path constraint.


6. checking no_output_delay (1)
-------------------------------
 There is 1 port with no output delay specified. (HIGH)

 There are 0 ports with no output delay but user has a false path constraint

 There are 0 ports with no output delay but with a timing clock defined on it or propagating through it


7. checking multiple_clock (0)
------------------------------
 There are 0 register/latch pins with multiple clocks.


8. checking generated_clocks (0)
--------------------------------
 There are 0 generated clocks that are not connected to a clock source.


9. checking loops (0)
---------------------
 There are 0 combinational loops in the design.


10. checking partial_input_delay (0)
------------------------------------
 There are 0 input ports with partial input delay specified.


11. checking partial_output_delay (0)
-------------------------------------
 There are 0 ports with partial output delay specified.


12. checking latch_loops (0)
----------------------------
 There are 0 combinational latch loops in the design through latch input



------------------------------------------------------------------------------------------------
| Design Timing Summary
| ---------------------
------------------------------------------------------------------------------------------------

    WNS(ns)      TNS(ns)  TNS Failing Endpoints  TNS Total Endpoints      WHS(ns)      THS(ns)  THS Failing Endpoints  THS Total Endpoints     WPWS(ns)     TPWS(ns)  TPWS Failing Endpoints  TPWS Total Endpoints  
    -------      -------  ---------------------  -------------------      -------      -------  ---------------------  -------------------     --------     --------  ----------------------  --------------------  
      8.970        0.000                      0                   26        0.055        0.000                      0                   26        3.500        0.000                       0                    28  


All user specified timing constraints are met.


------------------------------------------------------------------------------------------------
| Clock Summary
| -------------
------------------------------------------------------------------------------------------------

Clock     Waveform(ns)       Period(ns)      Frequency(MHz)
-----     ------------       ----------      --------------
clk_pl_0  {0.000 5.000}      10.000          100.000         


------------------------------------------------------------------------------------------------
| Intra Clock Table
| -----------------
------------------------------------------------------------------------------------------------

Clock             WNS(ns)      TNS(ns)  TNS Failing Endpoints  TNS Total Endpoints      WHS(ns)      THS(ns)  THS Failing Endpoints  THS Total Endpoints     WPWS(ns)     TPWS(ns)  TPWS Failing Endpoints  TPWS Total Endpoints  
-----             -------      -------  ---------------------  -------------------      -------      -------  ---------------------  -------------------     --------     --------  ----------------------  --------------------  
clk_pl_0            8.970        0.000                      0                   26        0.055        0.000                      0                   26        3.500        0.000                       0                    28  


------------------------------------------------------------------------------------------------
| Inter Clock Table
| -----------------
------------------------------------------------------------------------------------------------

From Clock    To Clock          WNS(ns)      TNS(ns)  TNS Failing Endpoints  TNS Total Endpoints      WHS(ns)      THS(ns)  THS Failing Endpoints  THS Total Endpoints  
----------    --------          -------      -------  ---------------------  -------------------      -------      -------  ---------------------  -------------------  


------------------------------------------------------------------------------------------------
| Other Path Groups Table
| -----------------------
------------------------------------------------------------------------------------------------

Path Group    From Clock    To Clock          WNS(ns)      TNS(ns)  TNS Failing Endpoints  TNS Total Endpoints      WHS(ns)      THS(ns)  THS Failing Endpoints  THS Total Endpoints  
----------    ----------    --------          -------      -------  ---------------------  -------------------      -------      -------  ---------------------  -------------------  


------------------------------------------------------------------------------------------------
| User Ignored Path Table
| -----------------------
------------------------------------------------------------------------------------------------

Path Group    From Clock    To Clock    
----------    ----------    --------    


------------------------------------------------------------------------------------------------
| Unconstrained Path Table
| ------------------------
------------------------------------------------------------------------------------------------

Path Group    From Clock    To Clock    
----------    ----------    --------    
(none)        clk_pl_0                    


------------------------------------------------------------------------------------------------
| Timing Details
| --------------
------------------------------------------------------------------------------------------------


---------------------------------------------------------------------------------------------------
From Clock:  clk_pl_0
  To Clock:  clk_pl_0

Setup :            0  Failing Endpoints,  Worst Slack        8.970ns,  Total Violation        0.000ns
Hold  :            0  Failing Endpoints,  Worst Slack        0.055ns,  Total Violation        0.000ns
PW    :            0  Failing Endpoints,  Worst Slack        3.500ns,  Total Violation        0.000ns
---------------------------------------------------------------------------------------------------


Max Delay Paths
--------------------------------------------------------------------------------------
Slack (MET) :             8.970ns  (required time - arrival time)
  Source:                 design_1_i/blink_0/inst/counter_reg[6]/C
                            (rising edge-triggered cell FDRE clocked by clk_pl_0  {rise@0.000ns fall@5.000ns period=10.000ns})
  Destination:            design_1_i/blink_0/inst/counter_reg[25]/D
                            (rising edge-triggered cell FDRE clocked by clk_pl_0  {rise@0.000ns fall@5.000ns period=10.000ns})
  Path Group:             clk_pl_0
  Path Type:              Setup (Max at Slow Process Corner)
  Requirement:            10.000ns  (clk_pl_0 rise@10.000ns - clk_pl_0 rise@0.000ns)
  Data Path Delay:        0.830ns  (logic 0.388ns (46.747%)  route 0.442ns (53.253%))
  Logic Levels:           4  (CARRY8=4)
  Clock Path Skew:        -0.051ns (DCD - SCD + CPR)
    Destination Clock Delay (DCD):    1.561ns = ( 11.561 - 10.000 ) 
    Source Clock Delay      (SCD):    1.819ns
    Clock Pessimism Removal (CPR):    0.207ns
  Clock Uncertainty:      0.176ns  ((TSJ^2 + DJ^2)^1/2) / 2 + PE
    Total System Jitter     (TSJ):    0.071ns
    Discrete Jitter          (DJ):    0.344ns
    Phase Error              (PE):    0.000ns
  Clock Net Delay (Source):      1.612ns (routing 0.638ns, distribution 0.974ns)
  Clock Net Delay (Destination): 1.394ns (routing 0.576ns, distribution 0.818ns)

    Location             Delay type                Incr(ns)  Path(ns)    Netlist Resource(s)
  -------------------------------------------------------------------    -------------------
                         (clock clk_pl_0 rise edge)
                                                      0.000     0.000 r  
    PS8_X0Y0             PS8                          0.000     0.000 r  design_1_i/zynq_ultra_ps_e_0/inst/PS8_i/PLCLK[0]
                         net (fo=1, routed)           0.178     0.178    design_1_i/zynq_ultra_ps_e_0/inst/pl_clk_unbuffered[0]
    BUFG_PS_X0Y58        BUFG_PS (Prop_BUFG_PS_I_O)
                                                      0.029     0.207 r  design_1_i/zynq_ultra_ps_e_0/inst/buffer_pl_clk_0.PL_CLK_0_BUFG/O
    X0Y1 (CLOCK_ROOT)    net (fo=28, routed)          1.612     1.819    design_1_i/blink_0/inst/clk
    SLICE_X15Y138        FDRE                                         r  design_1_i/blink_0/inst/counter_reg[6]/C
  -------------------------------------------------------------------    -------------------
    SLICE_X15Y138        FDRE (Prop_GFF_SLICEL_C_Q)
                                                      0.097     1.916 r  design_1_i/blink_0/inst/counter_reg[6]/Q
                         net (fo=1, routed)           0.327     2.243    design_1_i/blink_0/inst/counter_reg_n_0_[6]
    SLICE_X15Y138        CARRY8 (Prop_CARRY8_SLICEL_S[6]_CO[7])
                                                      0.148     2.391 r  design_1_i/blink_0/inst/counter_reg[0]_i_1/CO[7]
                         net (fo=1, routed)           0.028     2.419    design_1_i/blink_0/inst/counter_reg[0]_i_1_n_0
    SLICE_X15Y139        CARRY8 (Prop_CARRY8_SLICEL_CI_CO[7])
                                                      0.023     2.442 r  design_1_i/blink_0/inst/counter_reg[8]_i_1/CO[7]
                         net (fo=1, routed)           0.028     2.470    design_1_i/blink_0/inst/counter_reg[8]_i_1_n_0
    SLICE_X15Y140        CARRY8 (Prop_CARRY8_SLICEL_CI_CO[7])
                                                      0.023     2.493 r  design_1_i/blink_0/inst/counter_reg[16]_i_1/CO[7]
                         net (fo=1, routed)           0.028     2.521    design_1_i/blink_0/inst/counter_reg[16]_i_1_n_0
    SLICE_X15Y141        CARRY8 (Prop_CARRY8_SLICEL_CI_O[1])
                                                      0.097     2.618 r  design_1_i/blink_0/inst/counter_reg[25]_i_1/O[1]
                         net (fo=1, routed)           0.031     2.649    design_1_i/blink_0/inst/counter_reg[25]_i_1_n_14
    SLICE_X15Y141        FDRE                                         r  design_1_i/blink_0/inst/counter_reg[25]/D
  -------------------------------------------------------------------    -------------------

                         (clock clk_pl_0 rise edge)
                                                     10.000    10.000 r  
    PS8_X0Y0             PS8                          0.000    10.000 r  design_1_i/zynq_ultra_ps_e_0/inst/PS8_i/PLCLK[0]
                         net (fo=1, routed)           0.140    10.140    design_1_i/zynq_ultra_ps_e_0/inst/pl_clk_unbuffered[0]
    BUFG_PS_X0Y58        BUFG_PS (Prop_BUFG_PS_I_O)
                                                      0.027    10.167 r  design_1_i/zynq_ultra_ps_e_0/inst/buffer_pl_clk_0.PL_CLK_0_BUFG/O
    X0Y1 (CLOCK_ROOT)    net (fo=28, routed)          1.394    11.561    design_1_i/blink_0/inst/clk
    SLICE_X15Y141        FDRE                                         r  design_1_i/blink_0/inst/counter_reg[25]/C
                         clock pessimism              0.207    11.768    
                         clock uncertainty           -0.176    11.592    
    SLICE_X15Y141        FDRE (Setup_BFF_SLICEL_C_D)
                                                      0.027    11.619    design_1_i/blink_0/inst/counter_reg[25]
  -------------------------------------------------------------------
                         required time                         11.619    
                         arrival time                          -2.649    
  -------------------------------------------------------------------
                         slack                                  8.970    

Slack (MET) :             8.982ns  (required time - arrival time)
  Source:                 design_1_i/blink_0/inst/counter_reg[6]/C
                            (rising edge-triggered cell FDRE clocked by clk_pl_0  {rise@0.000ns fall@5.000ns period=10.000ns})
  Destination:            design_1_i/blink_0/inst/counter_reg[23]/D
                            (rising edge-triggered cell FDRE clocked by clk_pl_0  {rise@0.000ns fall@5.000ns period=10.000ns})
  Path Group:             clk_pl_0
  Path Type:              Setup (Max at Slow Process Corner)
  Requirement:            10.000ns  (clk_pl_0 rise@10.000ns - clk_pl_0 rise@0.000ns)
  Data Path Delay:        0.828ns  (logic 0.414ns (50.000%)  route 0.414ns (50.000%))
  Logic Levels:           3  (CARRY8=3)
  Clock Path Skew:        -0.041ns (DCD - SCD + CPR)
    Destination Clock Delay (DCD):    1.571ns = ( 11.571 - 10.000 ) 
    Source Clock Delay      (SCD):    1.819ns
    Clock Pessimism Removal (CPR):    0.206ns
  Clock Uncertainty:      0.176ns  ((TSJ^2 + DJ^2)^1/2) / 2 + PE
    Total System Jitter     (TSJ):    0.071ns
    Discrete Jitter          (DJ):    0.344ns
    Phase Error              (PE):    0.000ns
  Clock Net Delay (Source):      1.612ns (routing 0.638ns, distribution 0.974ns)
  Clock Net Delay (Destination): 1.404ns (routing 0.576ns, distribution 0.828ns)

    Location             Delay type                Incr(ns)  Path(ns)    Netlist Resource(s)
  -------------------------------------------------------------------    -------------------
                         (clock clk_pl_0 rise edge)
                                                      0.000     0.000 r  
    PS8_X0Y0             PS8                          0.000     0.000 r  design_1_i/zynq_ultra_ps_e_0/inst/PS8_i/PLCLK[0]
                         net (fo=1, routed)           0.178     0.178    design_1_i/zynq_ultra_ps_e_0/inst/pl_clk_unbuffered[0]
    BUFG_PS_X0Y58        BUFG_PS (Prop_BUFG_PS_I_O)
                                                      0.029     0.207 r  design_1_i/zynq_ultra_ps_e_0/inst/buffer_pl_clk_0.PL_CLK_0_BUFG/O
    X0Y1 (CLOCK_ROOT)    net (fo=28, routed)          1.612     1.819    design_1_i/blink_0/inst/clk
    SLICE_X15Y138        FDRE                                         r  design_1_i/blink_0/inst/counter_reg[6]/C
  -------------------------------------------------------------------    -------------------
    SLICE_X15Y138        FDRE (Prop_GFF_SLICEL_C_Q)
                                                      0.097     1.916 r  design_1_i/blink_0/inst/counter_reg[6]/Q
                         net (fo=1, routed)           0.327     2.243    design_1_i/blink_0/inst/counter_reg_n_0_[6]
    SLICE_X15Y138        CARRY8 (Prop_CARRY8_SLICEL_S[6]_CO[7])
                                                      0.148     2.391 r  design_1_i/blink_0/inst/counter_reg[0]_i_1/CO[7]
                         net (fo=1, routed)           0.028     2.419    design_1_i/blink_0/inst/counter_reg[0]_i_1_n_0
    SLICE_X15Y139        CARRY8 (Prop_CARRY8_SLICEL_CI_CO[7])
                                                      0.023     2.442 r  design_1_i/blink_0/inst/counter_reg[8]_i_1/CO[7]
                         net (fo=1, routed)           0.028     2.470    design_1_i/blink_0/inst/counter_reg[8]_i_1_n_0
    SLICE_X15Y140        CARRY8 (Prop_CARRY8_SLICEL_CI_O[7])
                                                      0.146     2.616 r  design_1_i/blink_0/inst/counter_reg[16]_i_1/O[7]
                         net (fo=1, routed)           0.031     2.647    design_1_i/blink_0/inst/counter_reg[16]_i_1_n_8
    SLICE_X15Y140        FDRE                                         r  design_1_i/blink_0/inst/counter_reg[23]/D
  -------------------------------------------------------------------    -------------------

                         (clock clk_pl_0 rise edge)
                                                     10.000    10.000 r  
    PS8_X0Y0             PS8                          0.000    10.000 r  design_1_i/zynq_ultra_ps_e_0/inst/PS8_i/PLCLK[0]
                         net (fo=1, routed)           0.140    10.140    design_1_i/zynq_ultra_ps_e_0/inst/pl_clk_unbuffered[0]
    BUFG_PS_X0Y58        BUFG_PS (Prop_BUFG_PS_I_O)
                                                      0.027    10.167 r  design_1_i/zynq_ultra_ps_e_0/inst/buffer_pl_clk_0.PL_CLK_0_BUFG/O
    X0Y1 (CLOCK_ROOT)    net (fo=28, routed)          1.404    11.571    design_1_i/blink_0/inst/clk
    SLICE_X15Y140        FDRE                                         r  design_1_i/blink_0/inst/counter_reg[23]/C
                         clock pessimism              0.206    11.778    
                         clock uncertainty           -0.176    11.602    
    SLICE_X15Y140        FDRE (Setup_HFF_SLICEL_C_D)
                                                      0.027    11.629    design_1_i/blink_0/inst/counter_reg[23]
  -------------------------------------------------------------------
                         required time                         11.629    
                         arrival time                          -2.647    
  -------------------------------------------------------------------
                         slack                                  8.982    

Slack (MET) :             8.983ns  (required time - arrival time)
  Source:                 design_1_i/blink_0/inst/counter_reg[6]/C
                            (rising edge-triggered cell FDRE clocked by clk_pl_0  {rise@0.000ns fall@5.000ns period=10.000ns})
  Destination:            design_1_i/blink_0/inst/counter_reg[21]/D
                            (rising edge-triggered cell FDRE clocked by clk_pl_0  {rise@0.000ns fall@5.000ns period=10.000ns})
  Path Group:             clk_pl_0
  Path Type:              Setup (Max at Slow Process Corner)
  Requirement:            10.000ns  (clk_pl_0 rise@10.000ns - clk_pl_0 rise@0.000ns)
  Data Path Delay:        0.827ns  (logic 0.413ns (49.940%)  route 0.414ns (50.060%))
  Logic Levels:           3  (CARRY8=3)
  Clock Path Skew:        -0.041ns (DCD - SCD + CPR)
    Destination Clock Delay (DCD):    1.571ns = ( 11.571 - 10.000 ) 
    Source Clock Delay      (SCD):    1.819ns
    Clock Pessimism Removal (CPR):    0.206ns
  Clock Uncertainty:      0.176ns  ((TSJ^2 + DJ^2)^1/2) / 2 + PE
    Total System Jitter     (TSJ):    0.071ns
    Discrete Jitter          (DJ):    0.344ns
    Phase Error              (PE):    0.000ns
  Clock Net Delay (Source):      1.612ns (routing 0.638ns, distribution 0.974ns)
  Clock Net Delay (Destination): 1.404ns (routing 0.576ns, distribution 0.828ns)

    Location             Delay type                Incr(ns)  Path(ns)    Netlist Resource(s)
  -------------------------------------------------------------------    -------------------
                         (clock clk_pl_0 rise edge)
                                                      0.000     0.000 r  
    PS8_X0Y0             PS8                          0.000     0.000 r  design_1_i/zynq_ultra_ps_e_0/inst/PS8_i/PLCLK[0]
                         net (fo=1, routed)           0.178     0.178    design_1_i/zynq_ultra_ps_e_0/inst/pl_clk_unbuffered[0]
    BUFG_PS_X0Y58        BUFG_PS (Prop_BUFG_PS_I_O)
                                                      0.029     0.207 r  design_1_i/zynq_ultra_ps_e_0/inst/buffer_pl_clk_0.PL_CLK_0_BUFG/O
    X0Y1 (CLOCK_ROOT)    net (fo=28, routed)          1.612     1.819    design_1_i/blink_0/inst/clk
    SLICE_X15Y138        FDRE                                         r  design_1_i/blink_0/inst/counter_reg[6]/C
  -------------------------------------------------------------------    -------------------
    SLICE_X15Y138        FDRE (Prop_GFF_SLICEL_C_Q)
                                                      0.097     1.916 r  design_1_i/blink_0/inst/counter_reg[6]/Q
                         net (fo=1, routed)           0.327     2.243    design_1_i/blink_0/inst/counter_reg_n_0_[6]
    SLICE_X15Y138        CARRY8 (Prop_CARRY8_SLICEL_S[6]_CO[7])
                                                      0.148     2.391 r  design_1_i/blink_0/inst/counter_reg[0]_i_1/CO[7]
                         net (fo=1, routed)           0.028     2.419    design_1_i/blink_0/inst/counter_reg[0]_i_1_n_0
    SLICE_X15Y139        CARRY8 (Prop_CARRY8_SLICEL_CI_CO[7])
                                                      0.023     2.442 r  design_1_i/blink_0/inst/counter_reg[8]_i_1/CO[7]
                         net (fo=1, routed)           0.028     2.470    design_1_i/blink_0/inst/counter_reg[8]_i_1_n_0
    SLICE_X15Y140        CARRY8 (Prop_CARRY8_SLICEL_CI_O[5])
                                                      0.145     2.615 r  design_1_i/blink_0/inst/counter_reg[16]_i_1/O[5]
                         net (fo=1, routed)           0.031     2.646    design_1_i/blink_0/inst/counter_reg[16]_i_1_n_10
    SLICE_X15Y140        FDRE                                         r  design_1_i/blink_0/inst/counter_reg[21]/D
  -------------------------------------------------------------------    -------------------

                         (clock clk_pl_0 rise edge)
                                                     10.000    10.000 r  
    PS8_X0Y0             PS8                          0.000    10.000 r  design_1_i/zynq_ultra_ps_e_0/inst/PS8_i/PLCLK[0]
                         net (fo=1, routed)           0.140    10.140    design_1_i/zynq_ultra_ps_e_0/inst/pl_clk_unbuffered[0]
    BUFG_PS_X0Y58        BUFG_PS (Prop_BUFG_PS_I_O)
                                                      0.027    10.167 r  design_1_i/zynq_ultra_ps_e_0/inst/buffer_pl_clk_0.PL_CLK_0_BUFG/O
    X0Y1 (CLOCK_ROOT)    net (fo=28, routed)          1.404    11.571    design_1_i/blink_0/inst/clk
    SLICE_X15Y140        FDRE                                         r  design_1_i/blink_0/inst/counter_reg[21]/C
                         clock pessimism              0.206    11.778    
                         clock uncertainty           -0.176    11.602    
    SLICE_X15Y140        FDRE (Setup_FFF_SLICEL_C_D)
                                                      0.027    11.629    design_1_i/blink_0/inst/counter_reg[21]
  -------------------------------------------------------------------
                         required time                         11.629    
                         arrival time                          -2.646    
  -------------------------------------------------------------------
                         slack                                  8.983    

Slack (MET) :             8.996ns  (required time - arrival time)
  Source:                 design_1_i/blink_0/inst/counter_reg[6]/C
                            (rising edge-triggered cell FDRE clocked by clk_pl_0  {rise@0.000ns fall@5.000ns period=10.000ns})
  Destination:            design_1_i/blink_0/inst/counter_reg[24]/D
                            (rising edge-triggered cell FDRE clocked by clk_pl_0  {rise@0.000ns fall@5.000ns period=10.000ns})
  Path Group:             clk_pl_0
  Path Type:              Setup (Max at Slow Process Corner)
  Requirement:            10.000ns  (clk_pl_0 rise@10.000ns - clk_pl_0 rise@0.000ns)
  Data Path Delay:        0.804ns  (logic 0.363ns (45.149%)  route 0.441ns (54.851%))
  Logic Levels:           4  (CARRY8=4)
  Clock Path Skew:        -0.051ns (DCD - SCD + CPR)
    Destination Clock Delay (DCD):    1.561ns = ( 11.561 - 10.000 ) 
    Source Clock Delay      (SCD):    1.819ns
    Clock Pessimism Removal (CPR):    0.207ns
  Clock Uncertainty:      0.176ns  ((TSJ^2 + DJ^2)^1/2) / 2 + PE
    Total System Jitter     (TSJ):    0.071ns
    Discrete Jitter          (DJ):    0.344ns
    Phase Error              (PE):    0.000ns
  Clock Net Delay (Source):      1.612ns (routing 0.638ns, distribution 0.974ns)
  Clock Net Delay (Destination): 1.394ns (routing 0.576ns, distribution 0.818ns)

    Location             Delay type                Incr(ns)  Path(ns)    Netlist Resource(s)
  -------------------------------------------------------------------    -------------------
                         (clock clk_pl_0 rise edge)
                                                      0.000     0.000 r  
    PS8_X0Y0             PS8                          0.000     0.000 r  design_1_i/zynq_ultra_ps_e_0/inst/PS8_i/PLCLK[0]
                         net (fo=1, routed)           0.178     0.178    design_1_i/zynq_ultra_ps_e_0/inst/pl_clk_unbuffered[0]
    BUFG_PS_X0Y58        BUFG_PS (Prop_BUFG_PS_I_O)
                                                      0.029     0.207 r  design_1_i/zynq_ultra_ps_e_0/inst/buffer_pl_clk_0.PL_CLK_0_BUFG/O
    X0Y1 (CLOCK_ROOT)    net (fo=28, routed)          1.612     1.819    design_1_i/blink_0/inst/clk
    SLICE_X15Y138        FDRE                                         r  design_1_i/blink_0/inst/counter_reg[6]/C
  -------------------------------------------------------------------    -------------------
    SLICE_X15Y138        FDRE (Prop_GFF_SLICEL_C_Q)
                                                      0.097     1.916 r  design_1_i/blink_0/inst/counter_reg[6]/Q
                         net (fo=1, routed)           0.327     2.243    design_1_i/blink_0/inst/counter_reg_n_0_[6]
    SLICE_X15Y138        CARRY8 (Prop_CARRY8_SLICEL_S[6]_CO[7])
                                                      0.148     2.391 r  design_1_i/blink_0/inst/counter_reg[0]_i_1/CO[7]
                         net (fo=1, routed)           0.028     2.419    design_1_i/blink_0/inst/counter_reg[0]_i_1_n_0
    SLICE_X15Y139        CARRY8 (Prop_CARRY8_SLICEL_CI_CO[7])
                                                      0.023     2.442 r  design_1_i/blink_0/inst/counter_reg[8]_i_1/CO[7]
                         net (fo=1, routed)           0.028     2.470    design_1_i/blink_0/inst/counter_reg[8]_i_1_n_0
    SLICE_X15Y140        CARRY8 (Prop_CARRY8_SLICEL_CI_CO[7])
                                                      0.023     2.493 r  design_1_i/blink_0/inst/counter_reg[16]_i_1/CO[7]
                         net (fo=1, routed)           0.028     2.521    design_1_i/blink_0/inst/counter_reg[16]_i_1_n_0
    SLICE_X15Y141        CARRY8 (Prop_CARRY8_SLICEL_CI_O[0])
                                                      0.072     2.593 r  design_1_i/blink_0/inst/counter_reg[25]_i_1/O[0]
                         net (fo=1, routed)           0.030     2.623    design_1_i/blink_0/inst/counter_reg[25]_i_1_n_15
    SLICE_X15Y141        FDRE                                         r  design_1_i/blink_0/inst/counter_reg[24]/D
  -------------------------------------------------------------------    -------------------

                         (clock clk_pl_0 rise edge)
                                                     10.000    10.000 r  
    PS8_X0Y0             PS8                          0.000    10.000 r  design_1_i/zynq_ultra_ps_e_0/inst/PS8_i/PLCLK[0]
                         net (fo=1, routed)           0.140    10.140    design_1_i/zynq_ultra_ps_e_0/inst/pl_clk_unbuffered[0]
    BUFG_PS_X0Y58        BUFG_PS (Prop_BUFG_PS_I_O)
                                                      0.027    10.167 r  design_1_i/zynq_ultra_ps_e_0/inst/buffer_pl_clk_0.PL_CLK_0_BUFG/O
    X0Y1 (CLOCK_ROOT)    net (fo=28, routed)          1.394    11.561    design_1_i/blink_0/inst/clk
    SLICE_X15Y141        FDRE                                         r  design_1_i/blink_0/inst/counter_reg[24]/C
                         clock pessimism              0.207    11.768    
                         clock uncertainty           -0.176    11.592    
    SLICE_X15Y141        FDRE (Setup_AFF_SLICEL_C_D)
                                                      0.027    11.619    design_1_i/blink_0/inst/counter_reg[24]
  -------------------------------------------------------------------
                         required time                         11.619    
                         arrival time                          -2.623    
  -------------------------------------------------------------------
                         slack                                  8.996    

Slack (MET) :             8.998ns  (required time - arrival time)
  Source:                 design_1_i/blink_0/inst/counter_reg[6]/C
                            (rising edge-triggered cell FDRE clocked by clk_pl_0  {rise@0.000ns fall@5.000ns period=10.000ns})
  Destination:            design_1_i/blink_0/inst/counter_reg[22]/D
                            (rising edge-triggered cell FDRE clocked by clk_pl_0  {rise@0.000ns fall@5.000ns period=10.000ns})
  Path Group:             clk_pl_0
  Path Type:              Setup (Max at Slow Process Corner)
  Requirement:            10.000ns  (clk_pl_0 rise@10.000ns - clk_pl_0 rise@0.000ns)
  Data Path Delay:        0.812ns  (logic 0.397ns (48.892%)  route 0.415ns (51.108%))
  Logic Levels:           3  (CARRY8=3)
  Clock Path Skew:        -0.041ns (DCD - SCD + CPR)
    Destination Clock Delay (DCD):    1.571ns = ( 11.571 - 10.000 ) 
    Source Clock Delay      (SCD):    1.819ns
    Clock Pessimism Removal (CPR):    0.206ns
  Clock Uncertainty:      0.176ns  ((TSJ^2 + DJ^2)^1/2) / 2 + PE
    Total System Jitter     (TSJ):    0.071ns
    Discrete Jitter          (DJ):    0.344ns
    Phase Error              (PE):    0.000ns
  Clock Net Delay (Source):      1.612ns (routing 0.638ns, distribution 0.974ns)
  Clock Net Delay (Destination): 1.404ns (routing 0.576ns, distribution 0.828ns)

    Location             Delay type                Incr(ns)  Path(ns)    Netlist Resource(s)
  -------------------------------------------------------------------    -------------------
                         (clock clk_pl_0 rise edge)
                                                      0.000     0.000 r  
    PS8_X0Y0             PS8                          0.000     0.000 r  design_1_i/zynq_ultra_ps_e_0/inst/PS8_i/PLCLK[0]
                         net (fo=1, routed)           0.178     0.178    design_1_i/zynq_ultra_ps_e_0/inst/pl_clk_unbuffered[0]
    BUFG_PS_X0Y58        BUFG_PS (Prop_BUFG_PS_I_O)
                                                      0.029     0.207 r  design_1_i/zynq_ultra_ps_e_0/inst/buffer_pl_clk_0.PL_CLK_0_BUFG/O
    X0Y1 (CLOCK_ROOT)    net (fo=28, routed)          1.612     1.819    design_1_i/blink_0/inst/clk
    SLICE_X15Y138        FDRE                                         r  design_1_i/blink_0/inst/counter_reg[6]/C
  -------------------------------------------------------------------    -------------------
    SLICE_X15Y138        FDRE (Prop_GFF_SLICEL_C_Q)
                                                      0.097     1.916 r  design_1_i/blink_0/inst/counter_reg[6]/Q
                         net (fo=1, routed)           0.327     2.243    design_1_i/blink_0/inst/counter_reg_n_0_[6]
    SLICE_X15Y138        CARRY8 (Prop_CARRY8_SLICEL_S[6]_CO[7])
                                                      0.148     2.391 r  design_1_i/blink_0/inst/counter_reg[0]_i_1/CO[7]
                         net (fo=1, routed)           0.028     2.419    design_1_i/blink_0/inst/counter_reg[0]_i_1_n_0
    SLICE_X15Y139        CARRY8 (Prop_CARRY8_SLICEL_CI_CO[7])
                                                      0.023     2.442 r  design_1_i/blink_0/inst/counter_reg[8]_i_1/CO[7]
                         net (fo=1, routed)           0.028     2.470    design_1_i/blink_0/inst/counter_reg[8]_i_1_n_0
    SLICE_X15Y140        CARRY8 (Prop_CARRY8_SLICEL_CI_O[6])
                                                      0.129     2.599 r  design_1_i/blink_0/inst/counter_reg[16]_i_1/O[6]
                         net (fo=1, routed)           0.032     2.631    design_1_i/blink_0/inst/counter_reg[16]_i_1_n_9
    SLICE_X15Y140        FDRE                                         r  design_1_i/blink_0/inst/counter_reg[22]/D
  -------------------------------------------------------------------    -------------------

                         (clock clk_pl_0 rise edge)
                                                     10.000    10.000 r  
    PS8_X0Y0             PS8                          0.000    10.000 r  design_1_i/zynq_ultra_ps_e_0/inst/PS8_i/PLCLK[0]
                         net (fo=1, routed)           0.140    10.140    design_1_i/zynq_ultra_ps_e_0/inst/pl_clk_unbuffered[0]
    BUFG_PS_X0Y58        BUFG_PS (Prop_BUFG_PS_I_O)
                                                      0.027    10.167 r  design_1_i/zynq_ultra_ps_e_0/inst/buffer_pl_clk_0.PL_CLK_0_BUFG/O
    X0Y1 (CLOCK_ROOT)    net (fo=28, routed)          1.404    11.571    design_1_i/blink_0/inst/clk
    SLICE_X15Y140        FDRE                                         r  design_1_i/blink_0/inst/counter_reg[22]/C
                         clock pessimism              0.206    11.778    
                         clock uncertainty           -0.176    11.602    
    SLICE_X15Y140        FDRE (Setup_GFF_SLICEL_C_D)
                                                      0.027    11.629    design_1_i/blink_0/inst/counter_reg[22]
  -------------------------------------------------------------------
                         required time                         11.629    
                         arrival time                          -2.631    
  -------------------------------------------------------------------
                         slack                                  8.998    

Slack (MET) :             9.019ns  (required time - arrival time)
  Source:                 design_1_i/blink_0/inst/counter_reg[6]/C
                            (rising edge-triggered cell FDRE clocked by clk_pl_0  {rise@0.000ns fall@5.000ns period=10.000ns})
  Destination:            design_1_i/blink_0/inst/counter_reg[19]/D
                            (rising edge-triggered cell FDRE clocked by clk_pl_0  {rise@0.000ns fall@5.000ns period=10.000ns})
  Path Group:             clk_pl_0
  Path Type:              Setup (Max at Slow Process Corner)
  Requirement:            10.000ns  (clk_pl_0 rise@10.000ns - clk_pl_0 rise@0.000ns)
  Data Path Delay:        0.787ns  (logic 0.372ns (47.268%)  route 0.415ns (52.732%))
  Logic Levels:           3  (CARRY8=3)
  Clock Path Skew:        -0.045ns (DCD - SCD + CPR)
    Destination Clock Delay (DCD):    1.567ns = ( 11.567 - 10.000 ) 
    Source Clock Delay      (SCD):    1.819ns
    Clock Pessimism Removal (CPR):    0.207ns
  Clock Uncertainty:      0.176ns  ((TSJ^2 + DJ^2)^1/2) / 2 + PE
    Total System Jitter     (TSJ):    0.071ns
    Discrete Jitter          (DJ):    0.344ns
    Phase Error              (PE):    0.000ns
  Clock Net Delay (Source):      1.612ns (routing 0.638ns, distribution 0.974ns)
  Clock Net Delay (Destination): 1.400ns (routing 0.576ns, distribution 0.824ns)

    Location             Delay type                Incr(ns)  Path(ns)    Netlist Resource(s)
  -------------------------------------------------------------------    -------------------
                         (clock clk_pl_0 rise edge)
                                                      0.000     0.000 r  
    PS8_X0Y0             PS8                          0.000     0.000 r  design_1_i/zynq_ultra_ps_e_0/inst/PS8_i/PLCLK[0]
                         net (fo=1, routed)           0.178     0.178    design_1_i/zynq_ultra_ps_e_0/inst/pl_clk_unbuffered[0]
    BUFG_PS_X0Y58        BUFG_PS (Prop_BUFG_PS_I_O)
                                                      0.029     0.207 r  design_1_i/zynq_ultra_ps_e_0/inst/buffer_pl_clk_0.PL_CLK_0_BUFG/O
    X0Y1 (CLOCK_ROOT)    net (fo=28, routed)          1.612     1.819    design_1_i/blink_0/inst/clk
    SLICE_X15Y138        FDRE                                         r  design_1_i/blink_0/inst/counter_reg[6]/C
  -------------------------------------------------------------------    -------------------
    SLICE_X15Y138        FDRE (Prop_GFF_SLICEL_C_Q)
                                                      0.097     1.916 r  design_1_i/blink_0/inst/counter_reg[6]/Q
                         net (fo=1, routed)           0.327     2.243    design_1_i/blink_0/inst/counter_reg_n_0_[6]
    SLICE_X15Y138        CARRY8 (Prop_CARRY8_SLICEL_S[6]_CO[7])
                                                      0.148     2.391 r  design_1_i/blink_0/inst/counter_reg[0]_i_1/CO[7]
                         net (fo=1, routed)           0.028     2.419    design_1_i/blink_0/inst/counter_reg[0]_i_1_n_0
    SLICE_X15Y139        CARRY8 (Prop_CARRY8_SLICEL_CI_CO[7])
                                                      0.023     2.442 r  design_1_i/blink_0/inst/counter_reg[8]_i_1/CO[7]
                         net (fo=1, routed)           0.028     2.470    design_1_i/blink_0/inst/counter_reg[8]_i_1_n_0
    SLICE_X15Y140        CARRY8 (Prop_CARRY8_SLICEL_CI_O[3])
                                                      0.104     2.574 r  design_1_i/blink_0/inst/counter_reg[16]_i_1/O[3]
                         net (fo=1, routed)           0.032     2.606    design_1_i/blink_0/inst/counter_reg[16]_i_1_n_12
    SLICE_X15Y140        FDRE                                         r  design_1_i/blink_0/inst/counter_reg[19]/D
  -------------------------------------------------------------------    -------------------

                         (clock clk_pl_0 rise edge)
                                                     10.000    10.000 r  
    PS8_X0Y0             PS8                          0.000    10.000 r  design_1_i/zynq_ultra_ps_e_0/inst/PS8_i/PLCLK[0]
                         net (fo=1, routed)           0.140    10.140    design_1_i/zynq_ultra_ps_e_0/inst/pl_clk_unbuffered[0]
    BUFG_PS_X0Y58        BUFG_PS (Prop_BUFG_PS_I_O)
                                                      0.027    10.167 r  design_1_i/zynq_ultra_ps_e_0/inst/buffer_pl_clk_0.PL_CLK_0_BUFG/O
    X0Y1 (CLOCK_ROOT)    net (fo=28, routed)          1.400    11.567    design_1_i/blink_0/inst/clk
    SLICE_X15Y140        FDRE                                         r  design_1_i/blink_0/inst/counter_reg[19]/C
                         clock pessimism              0.207    11.774    
                         clock uncertainty           -0.176    11.598    
    SLICE_X15Y140        FDRE (Setup_DFF_SLICEL_C_D)
                                                      0.027    11.625    design_1_i/blink_0/inst/counter_reg[19]
  -------------------------------------------------------------------
                         required time                         11.625    
                         arrival time                          -2.606    
  -------------------------------------------------------------------
                         slack                                  9.019    

Slack (MET) :             9.020ns  (required time - arrival time)
  Source:                 design_1_i/blink_0/inst/counter_reg[6]/C
                            (rising edge-triggered cell FDRE clocked by clk_pl_0  {rise@0.000ns fall@5.000ns period=10.000ns})
  Destination:            design_1_i/blink_0/inst/counter_reg[20]/D
                            (rising edge-triggered cell FDRE clocked by clk_pl_0  {rise@0.000ns fall@5.000ns period=10.000ns})
  Path Group:             clk_pl_0
  Path Type:              Setup (Max at Slow Process Corner)
  Requirement:            10.000ns  (clk_pl_0 rise@10.000ns - clk_pl_0 rise@0.000ns)
  Data Path Delay:        0.790ns  (logic 0.377ns (47.722%)  route 0.413ns (52.278%))
  Logic Levels:           3  (CARRY8=3)
  Clock Path Skew:        -0.041ns (DCD - SCD + CPR)
    Destination Clock Delay (DCD):    1.571ns = ( 11.571 - 10.000 ) 
    Source Clock Delay      (SCD):    1.819ns
    Clock Pessimism Removal (CPR):    0.206ns
  Clock Uncertainty:      0.176ns  ((TSJ^2 + DJ^2)^1/2) / 2 + PE
    Total System Jitter     (TSJ):    0.071ns
    Discrete Jitter          (DJ):    0.344ns
    Phase Error              (PE):    0.000ns
  Clock Net Delay (Source):      1.612ns (routing 0.638ns, distribution 0.974ns)
  Clock Net Delay (Destination): 1.404ns (routing 0.576ns, distribution 0.828ns)

    Location             Delay type                Incr(ns)  Path(ns)    Netlist Resource(s)
  -------------------------------------------------------------------    -------------------
                         (clock clk_pl_0 rise edge)
                                                      0.000     0.000 r  
    PS8_X0Y0             PS8                          0.000     0.000 r  design_1_i/zynq_ultra_ps_e_0/inst/PS8_i/PLCLK[0]
                         net (fo=1, routed)           0.178     0.178    design_1_i/zynq_ultra_ps_e_0/inst/pl_clk_unbuffered[0]
    BUFG_PS_X0Y58        BUFG_PS (Prop_BUFG_PS_I_O)
                                                      0.029     0.207 r  design_1_i/zynq_ultra_ps_e_0/inst/buffer_pl_clk_0.PL_CLK_0_BUFG/O
    X0Y1 (CLOCK_ROOT)    net (fo=28, routed)          1.612     1.819    design_1_i/blink_0/inst/clk
    SLICE_X15Y138        FDRE                                         r  design_1_i/blink_0/inst/counter_reg[6]/C
  -------------------------------------------------------------------    -------------------
    SLICE_X15Y138        FDRE (Prop_GFF_SLICEL_C_Q)
                                                      0.097     1.916 r  design_1_i/blink_0/inst/counter_reg[6]/Q
                         net (fo=1, routed)           0.327     2.243    design_1_i/blink_0/inst/counter_reg_n_0_[6]
    SLICE_X15Y138        CARRY8 (Prop_CARRY8_SLICEL_S[6]_CO[7])
                                                      0.148     2.391 r  design_1_i/blink_0/inst/counter_reg[0]_i_1/CO[7]
                         net (fo=1, routed)           0.028     2.419    design_1_i/blink_0/inst/counter_reg[0]_i_1_n_0
    SLICE_X15Y139        CARRY8 (Prop_CARRY8_SLICEL_CI_CO[7])
                                                      0.023     2.442 r  design_1_i/blink_0/inst/counter_reg[8]_i_1/CO[7]
                         net (fo=1, routed)           0.028     2.470    design_1_i/blink_0/inst/counter_reg[8]_i_1_n_0
    SLICE_X15Y140        CARRY8 (Prop_CARRY8_SLICEL_CI_O[4])
                                                      0.109     2.579 r  design_1_i/blink_0/inst/counter_reg[16]_i_1/O[4]
                         net (fo=1, routed)           0.030     2.609    design_1_i/blink_0/inst/counter_reg[16]_i_1_n_11
    SLICE_X15Y140        FDRE                                         r  design_1_i/blink_0/inst/counter_reg[20]/D
  -------------------------------------------------------------------    -------------------

                         (clock clk_pl_0 rise edge)
                                                     10.000    10.000 r  
    PS8_X0Y0             PS8                          0.000    10.000 r  design_1_i/zynq_ultra_ps_e_0/inst/PS8_i/PLCLK[0]
                         net (fo=1, routed)           0.140    10.140    design_1_i/zynq_ultra_ps_e_0/inst/pl_clk_unbuffered[0]
    BUFG_PS_X0Y58        BUFG_PS (Prop_BUFG_PS_I_O)
                                                      0.027    10.167 r  design_1_i/zynq_ultra_ps_e_0/inst/buffer_pl_clk_0.PL_CLK_0_BUFG/O
    X0Y1 (CLOCK_ROOT)    net (fo=28, routed)          1.404    11.571    design_1_i/blink_0/inst/clk
    SLICE_X15Y140        FDRE                                         r  design_1_i/blink_0/inst/counter_reg[20]/C
                         clock pessimism              0.206    11.778    
                         clock uncertainty           -0.176    11.602    
    SLICE_X15Y140        FDRE (Setup_EFF_SLICEL_C_D)
                                                      0.027    11.629    design_1_i/blink_0/inst/counter_reg[20]
  -------------------------------------------------------------------
                         required time                         11.629    
                         arrival time                          -2.609    
  -------------------------------------------------------------------
                         slack                                  9.020    

Slack (MET) :             9.027ns  (required time - arrival time)
  Source:                 design_1_i/blink_0/inst/counter_reg[6]/C
                            (rising edge-triggered cell FDRE clocked by clk_pl_0  {rise@0.000ns fall@5.000ns period=10.000ns})
  Destination:            design_1_i/blink_0/inst/counter_reg[17]/D
                            (rising edge-triggered cell FDRE clocked by clk_pl_0  {rise@0.000ns fall@5.000ns period=10.000ns})
  Path Group:             clk_pl_0
  Path Type:              Setup (Max at Slow Process Corner)
  Requirement:            10.000ns  (clk_pl_0 rise@10.000ns - clk_pl_0 rise@0.000ns)
  Data Path Delay:        0.779ns  (logic 0.365ns (46.855%)  route 0.414ns (53.145%))
  Logic Levels:           3  (CARRY8=3)
  Clock Path Skew:        -0.045ns (DCD - SCD + CPR)
    Destination Clock Delay (DCD):    1.567ns = ( 11.567 - 10.000 ) 
    Source Clock Delay      (SCD):    1.819ns
    Clock Pessimism Removal (CPR):    0.207ns
  Clock Uncertainty:      0.176ns  ((TSJ^2 + DJ^2)^1/2) / 2 + PE
    Total System Jitter     (TSJ):    0.071ns
    Discrete Jitter          (DJ):    0.344ns
    Phase Error              (PE):    0.000ns
  Clock Net Delay (Source):      1.612ns (routing 0.638ns, distribution 0.974ns)
  Clock Net Delay (Destination): 1.400ns (routing 0.576ns, distribution 0.824ns)

    Location             Delay type                Incr(ns)  Path(ns)    Netlist Resource(s)
  -------------------------------------------------------------------    -------------------
                         (clock clk_pl_0 rise edge)
                                                      0.000     0.000 r  
    PS8_X0Y0             PS8                          0.000     0.000 r  design_1_i/zynq_ultra_ps_e_0/inst/PS8_i/PLCLK[0]
                         net (fo=1, routed)           0.178     0.178    design_1_i/zynq_ultra_ps_e_0/inst/pl_clk_unbuffered[0]
    BUFG_PS_X0Y58        BUFG_PS (Prop_BUFG_PS_I_O)
                                                      0.029     0.207 r  design_1_i/zynq_ultra_ps_e_0/inst/buffer_pl_clk_0.PL_CLK_0_BUFG/O
    X0Y1 (CLOCK_ROOT)    net (fo=28, routed)          1.612     1.819    design_1_i/blink_0/inst/clk
    SLICE_X15Y138        FDRE                                         r  design_1_i/blink_0/inst/counter_reg[6]/C
  -------------------------------------------------------------------    -------------------
    SLICE_X15Y138        FDRE (Prop_GFF_SLICEL_C_Q)
                                                      0.097     1.916 r  design_1_i/blink_0/inst/counter_reg[6]/Q
                         net (fo=1, routed)           0.327     2.243    design_1_i/blink_0/inst/counter_reg_n_0_[6]
    SLICE_X15Y138        CARRY8 (Prop_CARRY8_SLICEL_S[6]_CO[7])
                                                      0.148     2.391 r  design_1_i/blink_0/inst/counter_reg[0]_i_1/CO[7]
                         net (fo=1, routed)           0.028     2.419    design_1_i/blink_0/inst/counter_reg[0]_i_1_n_0
    SLICE_X15Y139        CARRY8 (Prop_CARRY8_SLICEL_CI_CO[7])
                                                      0.023     2.442 r  design_1_i/blink_0/inst/counter_reg[8]_i_1/CO[7]
                         net (fo=1, routed)           0.028     2.470    design_1_i/blink_0/inst/counter_reg[8]_i_1_n_0
    SLICE_X15Y140        CARRY8 (Prop_CARRY8_SLICEL_CI_O[1])
                                                      0.097     2.567 r  design_1_i/blink_0/inst/counter_reg[16]_i_1/O[1]
                         net (fo=1, routed)           0.031     2.598    design_1_i/blink_0/inst/counter_reg[16]_i_1_n_14
    SLICE_X15Y140        FDRE                                         r  design_1_i/blink_0/inst/counter_reg[17]/D
  -------------------------------------------------------------------    -------------------

                         (clock clk_pl_0 rise edge)
                                                     10.000    10.000 r  
    PS8_X0Y0             PS8                          0.000    10.000 r  design_1_i/zynq_ultra_ps_e_0/inst/PS8_i/PLCLK[0]
                         net (fo=1, routed)           0.140    10.140    design_1_i/zynq_ultra_ps_e_0/inst/pl_clk_unbuffered[0]
    BUFG_PS_X0Y58        BUFG_PS (Prop_BUFG_PS_I_O)
                                                      0.027    10.167 r  design_1_i/zynq_ultra_ps_e_0/inst/buffer_pl_clk_0.PL_CLK_0_BUFG/O
    X0Y1 (CLOCK_ROOT)    net (fo=28, routed)          1.400    11.567    design_1_i/blink_0/inst/clk
    SLICE_X15Y140        FDRE                                         r  design_1_i/blink_0/inst/counter_reg[17]/C
                         clock pessimism              0.207    11.774    
                         clock uncertainty           -0.176    11.598    
    SLICE_X15Y140        FDRE (Setup_BFF_SLICEL_C_D)
                                                      0.027    11.625    design_1_i/blink_0/inst/counter_reg[17]
  -------------------------------------------------------------------
                         required time                         11.625    
                         arrival time                          -2.598    
  -------------------------------------------------------------------
                         slack                                  9.027    

Slack (MET) :             9.034ns  (required time - arrival time)
  Source:                 design_1_i/blink_0/inst/counter_reg[6]/C
                            (rising edge-triggered cell FDRE clocked by clk_pl_0  {rise@0.000ns fall@5.000ns period=10.000ns})
  Destination:            design_1_i/blink_0/inst/counter_reg[15]/D
                            (rising edge-triggered cell FDRE clocked by clk_pl_0  {rise@0.000ns fall@5.000ns period=10.000ns})
  Path Group:             clk_pl_0
  Path Type:              Setup (Max at Slow Process Corner)
  Requirement:            10.000ns  (clk_pl_0 rise@10.000ns - clk_pl_0 rise@0.000ns)
  Data Path Delay:        0.777ns  (logic 0.391ns (50.322%)  route 0.386ns (49.678%))
  Logic Levels:           2  (CARRY8=2)
  Clock Path Skew:        -0.040ns (DCD - SCD + CPR)
    Destination Clock Delay (DCD):    1.572ns = ( 11.572 - 10.000 ) 
    Source Clock Delay      (SCD):    1.819ns
    Clock Pessimism Removal (CPR):    0.206ns
  Clock Uncertainty:      0.176ns  ((TSJ^2 + DJ^2)^1/2) / 2 + PE
    Total System Jitter     (TSJ):    0.071ns
    Discrete Jitter          (DJ):    0.344ns
    Phase Error              (PE):    0.000ns
  Clock Net Delay (Source):      1.612ns (routing 0.638ns, distribution 0.974ns)
  Clock Net Delay (Destination): 1.405ns (routing 0.576ns, distribution 0.829ns)

    Location             Delay type                Incr(ns)  Path(ns)    Netlist Resource(s)
  -------------------------------------------------------------------    -------------------
                         (clock clk_pl_0 rise edge)
                                                      0.000     0.000 r  
    PS8_X0Y0             PS8                          0.000     0.000 r  design_1_i/zynq_ultra_ps_e_0/inst/PS8_i/PLCLK[0]
                         net (fo=1, routed)           0.178     0.178    design_1_i/zynq_ultra_ps_e_0/inst/pl_clk_unbuffered[0]
    BUFG_PS_X0Y58        BUFG_PS (Prop_BUFG_PS_I_O)
                                                      0.029     0.207 r  design_1_i/zynq_ultra_ps_e_0/inst/buffer_pl_clk_0.PL_CLK_0_BUFG/O
    X0Y1 (CLOCK_ROOT)    net (fo=28, routed)          1.612     1.819    design_1_i/blink_0/inst/clk
    SLICE_X15Y138        FDRE                                         r  design_1_i/blink_0/inst/counter_reg[6]/C
  -------------------------------------------------------------------    -------------------
    SLICE_X15Y138        FDRE (Prop_GFF_SLICEL_C_Q)
                                                      0.097     1.916 r  design_1_i/blink_0/inst/counter_reg[6]/Q
                         net (fo=1, routed)           0.327     2.243    design_1_i/blink_0/inst/counter_reg_n_0_[6]
    SLICE_X15Y138        CARRY8 (Prop_CARRY8_SLICEL_S[6]_CO[7])
                                                      0.148     2.391 r  design_1_i/blink_0/inst/counter_reg[0]_i_1/CO[7]
                         net (fo=1, routed)           0.028     2.419    design_1_i/blink_0/inst/counter_reg[0]_i_1_n_0
    SLICE_X15Y139        CARRY8 (Prop_CARRY8_SLICEL_CI_O[7])
                                                      0.146     2.565 r  design_1_i/blink_0/inst/counter_reg[8]_i_1/O[7]
                         net (fo=1, routed)           0.031     2.596    design_1_i/blink_0/inst/counter_reg[8]_i_1_n_8
    SLICE_X15Y139        FDRE                                         r  design_1_i/blink_0/inst/counter_reg[15]/D
  -------------------------------------------------------------------    -------------------

                         (clock clk_pl_0 rise edge)
                                                     10.000    10.000 r  
    PS8_X0Y0             PS8                          0.000    10.000 r  design_1_i/zynq_ultra_ps_e_0/inst/PS8_i/PLCLK[0]
                         net (fo=1, routed)           0.140    10.140    design_1_i/zynq_ultra_ps_e_0/inst/pl_clk_unbuffered[0]
    BUFG_PS_X0Y58        BUFG_PS (Prop_BUFG_PS_I_O)
                                                      0.027    10.167 r  design_1_i/zynq_ultra_ps_e_0/inst/buffer_pl_clk_0.PL_CLK_0_BUFG/O
    X0Y1 (CLOCK_ROOT)    net (fo=28, routed)          1.405    11.572    design_1_i/blink_0/inst/clk
    SLICE_X15Y139        FDRE                                         r  design_1_i/blink_0/inst/counter_reg[15]/C
                         clock pessimism              0.206    11.779    
                         clock uncertainty           -0.176    11.603    
    SLICE_X15Y139        FDRE (Setup_HFF_SLICEL_C_D)
                                                      0.027    11.630    design_1_i/blink_0/inst/counter_reg[15]
  -------------------------------------------------------------------
                         required time                         11.630    
                         arrival time                          -2.596    
  -------------------------------------------------------------------
                         slack                                  9.034    

Slack (MET) :             9.035ns  (required time - arrival time)
  Source:                 design_1_i/blink_0/inst/counter_reg[6]/C
                            (rising edge-triggered cell FDRE clocked by clk_pl_0  {rise@0.000ns fall@5.000ns period=10.000ns})
  Destination:            design_1_i/blink_0/inst/counter_reg[13]/D
                            (rising edge-triggered cell FDRE clocked by clk_pl_0  {rise@0.000ns fall@5.000ns period=10.000ns})
  Path Group:             clk_pl_0
  Path Type:              Setup (Max at Slow Process Corner)
  Requirement:            10.000ns  (clk_pl_0 rise@10.000ns - clk_pl_0 rise@0.000ns)
  Data Path Delay:        0.776ns  (logic 0.390ns (50.258%)  route 0.386ns (49.742%))
  Logic Levels:           2  (CARRY8=2)
  Clock Path Skew:        -0.040ns (DCD - SCD + CPR)
    Destination Clock Delay (DCD):    1.572ns = ( 11.572 - 10.000 ) 
    Source Clock Delay      (SCD):    1.819ns
    Clock Pessimism Removal (CPR):    0.206ns
  Clock Uncertainty:      0.176ns  ((TSJ^2 + DJ^2)^1/2) / 2 + PE
    Total System Jitter     (TSJ):    0.071ns
    Discrete Jitter          (DJ):    0.344ns
    Phase Error              (PE):    0.000ns
  Clock Net Delay (Source):      1.612ns (routing 0.638ns, distribution 0.974ns)
  Clock Net Delay (Destination): 1.405ns (routing 0.576ns, distribution 0.829ns)

    Location             Delay type                Incr(ns)  Path(ns)    Netlist Resource(s)
  -------------------------------------------------------------------    -------------------
                         (clock clk_pl_0 rise edge)
                                                      0.000     0.000 r  
    PS8_X0Y0             PS8                          0.000     0.000 r  design_1_i/zynq_ultra_ps_e_0/inst/PS8_i/PLCLK[0]
                         net (fo=1, routed)           0.178     0.178    design_1_i/zynq_ultra_ps_e_0/inst/pl_clk_unbuffered[0]
    BUFG_PS_X0Y58        BUFG_PS (Prop_BUFG_PS_I_O)
                                                      0.029     0.207 r  design_1_i/zynq_ultra_ps_e_0/inst/buffer_pl_clk_0.PL_CLK_0_BUFG/O
    X0Y1 (CLOCK_ROOT)    net (fo=28, routed)          1.612     1.819    design_1_i/blink_0/inst/clk
    SLICE_X15Y138        FDRE                                         r  design_1_i/blink_0/inst/counter_reg[6]/C
  -------------------------------------------------------------------    -------------------
    SLICE_X15Y138        FDRE (Prop_GFF_SLICEL_C_Q)
                                                      0.097     1.916 r  design_1_i/blink_0/inst/counter_reg[6]/Q
                         net (fo=1, routed)           0.327     2.243    design_1_i/blink_0/inst/counter_reg_n_0_[6]
    SLICE_X15Y138        CARRY8 (Prop_CARRY8_SLICEL_S[6]_CO[7])
                                                      0.148     2.391 r  design_1_i/blink_0/inst/counter_reg[0]_i_1/CO[7]
                         net (fo=1, routed)           0.028     2.419    design_1_i/blink_0/inst/counter_reg[0]_i_1_n_0
    SLICE_X15Y139        CARRY8 (Prop_CARRY8_SLICEL_CI_O[5])
                                                      0.145     2.564 r  design_1_i/blink_0/inst/counter_reg[8]_i_1/O[5]
                         net (fo=1, routed)           0.031     2.595    design_1_i/blink_0/inst/counter_reg[8]_i_1_n_10
    SLICE_X15Y139        FDRE                                         r  design_1_i/blink_0/inst/counter_reg[13]/D
  -------------------------------------------------------------------    -------------------

                         (clock clk_pl_0 rise edge)
                                                     10.000    10.000 r  
    PS8_X0Y0             PS8                          0.000    10.000 r  design_1_i/zynq_ultra_ps_e_0/inst/PS8_i/PLCLK[0]
                         net (fo=1, routed)           0.140    10.140    design_1_i/zynq_ultra_ps_e_0/inst/pl_clk_unbuffered[0]
    BUFG_PS_X0Y58        BUFG_PS (Prop_BUFG_PS_I_O)
                                                      0.027    10.167 r  design_1_i/zynq_ultra_ps_e_0/inst/buffer_pl_clk_0.PL_CLK_0_BUFG/O
    X0Y1 (CLOCK_ROOT)    net (fo=28, routed)          1.405    11.572    design_1_i/blink_0/inst/clk
    SLICE_X15Y139        FDRE                                         r  design_1_i/blink_0/inst/counter_reg[13]/C
                         clock pessimism              0.206    11.779    
                         clock uncertainty           -0.176    11.603    
    SLICE_X15Y139        FDRE (Setup_FFF_SLICEL_C_D)
                                                      0.027    11.630    design_1_i/blink_0/inst/counter_reg[13]
  -------------------------------------------------------------------
                         required time                         11.630    
                         arrival time                          -2.595    
  -------------------------------------------------------------------
                         slack                                  9.035    





Min Delay Paths
--------------------------------------------------------------------------------------
Slack (MET) :             0.055ns  (arrival time - required time)
  Source:                 design_1_i/blink_0/inst/counter_reg[11]/C
                            (rising edge-triggered cell FDRE clocked by clk_pl_0  {rise@0.000ns fall@5.000ns period=10.000ns})
  Destination:            design_1_i/blink_0/inst/counter_reg[11]/D
                            (rising edge-triggered cell FDRE clocked by clk_pl_0  {rise@0.000ns fall@5.000ns period=10.000ns})
  Path Group:             clk_pl_0
  Path Type:              Hold (Min at Fast Process Corner)
  Requirement:            0.000ns  (clk_pl_0 rise@0.000ns - clk_pl_0 rise@0.000ns)
  Data Path Delay:        0.107ns  (logic 0.056ns (52.336%)  route 0.051ns (47.664%))
  Logic Levels:           1  (CARRY8=1)
  Clock Path Skew:        0.006ns (DCD - SCD - CPR)
    Destination Clock Delay (DCD):    1.063ns
    Source Clock Delay      (SCD):    0.922ns
    Clock Pessimism Removal (CPR):    0.136ns
  Clock Net Delay (Source):      0.811ns (routing 0.324ns, distribution 0.487ns)
  Clock Net Delay (Destination): 0.925ns (routing 0.365ns, distribution 0.560ns)

    Location             Delay type                Incr(ns)  Path(ns)    Netlist Resource(s)
  -------------------------------------------------------------------    -------------------
                         (clock clk_pl_0 rise edge)
                                                      0.000     0.000 r  
    PS8_X0Y0             PS8                          0.000     0.000 r  design_1_i/zynq_ultra_ps_e_0/inst/PS8_i/PLCLK[0]
                         net (fo=1, routed)           0.094     0.094    design_1_i/zynq_ultra_ps_e_0/inst/pl_clk_unbuffered[0]
    BUFG_PS_X0Y58        BUFG_PS (Prop_BUFG_PS_I_O)
                                                      0.017     0.111 r  design_1_i/zynq_ultra_ps_e_0/inst/buffer_pl_clk_0.PL_CLK_0_BUFG/O
    X0Y1 (CLOCK_ROOT)    net (fo=28, routed)          0.811     0.922    design_1_i/blink_0/inst/clk
    SLICE_X15Y139        FDRE                                         r  design_1_i/blink_0/inst/counter_reg[11]/C
  -------------------------------------------------------------------    -------------------
    SLICE_X15Y139        FDRE (Prop_DFF_SLICEL_C_Q)
                                                      0.039     0.961 r  design_1_i/blink_0/inst/counter_reg[11]/Q
                         net (fo=1, routed)           0.044     1.005    design_1_i/blink_0/inst/counter_reg_n_0_[11]
    SLICE_X15Y139        CARRY8 (Prop_CARRY8_SLICEL_S[3]_O[3])
                                                      0.017     1.022 r  design_1_i/blink_0/inst/counter_reg[8]_i_1/O[3]
                         net (fo=1, routed)           0.007     1.029    design_1_i/blink_0/inst/counter_reg[8]_i_1_n_12
    SLICE_X15Y139        FDRE                                         r  design_1_i/blink_0/inst/counter_reg[11]/D
  -------------------------------------------------------------------    -------------------

                         (clock clk_pl_0 rise edge)
                                                      0.000     0.000 r  
    PS8_X0Y0             PS8                          0.000     0.000 r  design_1_i/zynq_ultra_ps_e_0/inst/PS8_i/PLCLK[0]
                         net (fo=1, routed)           0.120     0.120    design_1_i/zynq_ultra_ps_e_0/inst/pl_clk_unbuffered[0]
    BUFG_PS_X0Y58        BUFG_PS (Prop_BUFG_PS_I_O)
                                                      0.018     0.138 r  design_1_i/zynq_ultra_ps_e_0/inst/buffer_pl_clk_0.PL_CLK_0_BUFG/O
    X0Y1 (CLOCK_ROOT)    net (fo=28, routed)          0.925     1.063    design_1_i/blink_0/inst/clk
    SLICE_X15Y139        FDRE                                         r  design_1_i/blink_0/inst/counter_reg[11]/C
                         clock pessimism             -0.136     0.928    
    SLICE_X15Y139        FDRE (Hold_DFF_SLICEL_C_D)
                                                      0.046     0.974    design_1_i/blink_0/inst/counter_reg[11]
  -------------------------------------------------------------------
                         required time                         -0.974    
                         arrival time                           1.029    
  -------------------------------------------------------------------
                         slack                                  0.055    

Slack (MET) :             0.055ns  (arrival time - required time)
  Source:                 design_1_i/blink_0/inst/counter_reg[19]/C
                            (rising edge-triggered cell FDRE clocked by clk_pl_0  {rise@0.000ns fall@5.000ns period=10.000ns})
  Destination:            design_1_i/blink_0/inst/counter_reg[19]/D
                            (rising edge-triggered cell FDRE clocked by clk_pl_0  {rise@0.000ns fall@5.000ns period=10.000ns})
  Path Group:             clk_pl_0
  Path Type:              Hold (Min at Fast Process Corner)
  Requirement:            0.000ns  (clk_pl_0 rise@0.000ns - clk_pl_0 rise@0.000ns)
  Data Path Delay:        0.107ns  (logic 0.056ns (52.336%)  route 0.051ns (47.664%))
  Logic Levels:           1  (CARRY8=1)
  Clock Path Skew:        0.006ns (DCD - SCD - CPR)
    Destination Clock Delay (DCD):    1.062ns
    Source Clock Delay      (SCD):    0.922ns
    Clock Pessimism Removal (CPR):    0.135ns
  Clock Net Delay (Source):      0.811ns (routing 0.324ns, distribution 0.487ns)
  Clock Net Delay (Destination): 0.924ns (routing 0.365ns, distribution 0.559ns)

    Location             Delay type                Incr(ns)  Path(ns)    Netlist Resource(s)
  -------------------------------------------------------------------    -------------------
                         (clock clk_pl_0 rise edge)
                                                      0.000     0.000 r  
    PS8_X0Y0             PS8                          0.000     0.000 r  design_1_i/zynq_ultra_ps_e_0/inst/PS8_i/PLCLK[0]
                         net (fo=1, routed)           0.094     0.094    design_1_i/zynq_ultra_ps_e_0/inst/pl_clk_unbuffered[0]
    BUFG_PS_X0Y58        BUFG_PS (Prop_BUFG_PS_I_O)
                                                      0.017     0.111 r  design_1_i/zynq_ultra_ps_e_0/inst/buffer_pl_clk_0.PL_CLK_0_BUFG/O
    X0Y1 (CLOCK_ROOT)    net (fo=28, routed)          0.811     0.922    design_1_i/blink_0/inst/clk
    SLICE_X15Y140        FDRE                                         r  design_1_i/blink_0/inst/counter_reg[19]/C
  -------------------------------------------------------------------    -------------------
    SLICE_X15Y140        FDRE (Prop_DFF_SLICEL_C_Q)
                                                      0.039     0.961 r  design_1_i/blink_0/inst/counter_reg[19]/Q
                         net (fo=1, routed)           0.044     1.005    design_1_i/blink_0/inst/counter_reg_n_0_[19]
    SLICE_X15Y140        CARRY8 (Prop_CARRY8_SLICEL_S[3]_O[3])
                                                      0.017     1.022 r  design_1_i/blink_0/inst/counter_reg[16]_i_1/O[3]
                         net (fo=1, routed)           0.007     1.029    design_1_i/blink_0/inst/counter_reg[16]_i_1_n_12
    SLICE_X15Y140        FDRE                                         r  design_1_i/blink_0/inst/counter_reg[19]/D
  -------------------------------------------------------------------    -------------------

                         (clock clk_pl_0 rise edge)
                                                      0.000     0.000 r  
    PS8_X0Y0             PS8                          0.000     0.000 r  design_1_i/zynq_ultra_ps_e_0/inst/PS8_i/PLCLK[0]
                         net (fo=1, routed)           0.120     0.120    design_1_i/zynq_ultra_ps_e_0/inst/pl_clk_unbuffered[0]
    BUFG_PS_X0Y58        BUFG_PS (Prop_BUFG_PS_I_O)
                                                      0.018     0.138 r  design_1_i/zynq_ultra_ps_e_0/inst/buffer_pl_clk_0.PL_CLK_0_BUFG/O
    X0Y1 (CLOCK_ROOT)    net (fo=28, routed)          0.924     1.062    design_1_i/blink_0/inst/clk
    SLICE_X15Y140        FDRE                                         r  design_1_i/blink_0/inst/counter_reg[19]/C
                         clock pessimism             -0.135     0.928    
    SLICE_X15Y140        FDRE (Hold_DFF_SLICEL_C_D)
                                                      0.046     0.974    design_1_i/blink_0/inst/counter_reg[19]
  -------------------------------------------------------------------
                         required time                         -0.974    
                         arrival time                           1.029    
  -------------------------------------------------------------------
                         slack                                  0.055    

Slack (MET) :             0.056ns  (arrival time - required time)
  Source:                 design_1_i/blink_0/inst/counter_reg[1]/C
                            (rising edge-triggered cell FDRE clocked by clk_pl_0  {rise@0.000ns fall@5.000ns period=10.000ns})
  Destination:            design_1_i/blink_0/inst/counter_reg[1]/D
                            (rising edge-triggered cell FDRE clocked by clk_pl_0  {rise@0.000ns fall@5.000ns period=10.000ns})
  Path Group:             clk_pl_0
  Path Type:              Hold (Min at Fast Process Corner)
  Requirement:            0.000ns  (clk_pl_0 rise@0.000ns - clk_pl_0 rise@0.000ns)
  Data Path Delay:        0.108ns  (logic 0.056ns (51.852%)  route 0.052ns (48.148%))
  Logic Levels:           1  (CARRY8=1)
  Clock Path Skew:        0.006ns (DCD - SCD - CPR)
    Destination Clock Delay (DCD):    1.063ns
    Source Clock Delay      (SCD):    0.923ns
    Clock Pessimism Removal (CPR):    0.135ns
  Clock Net Delay (Source):      0.812ns (routing 0.324ns, distribution 0.488ns)
  Clock Net Delay (Destination): 0.925ns (routing 0.365ns, distribution 0.560ns)

    Location             Delay type                Incr(ns)  Path(ns)    Netlist Resource(s)
  -------------------------------------------------------------------    -------------------
                         (clock clk_pl_0 rise edge)
                                                      0.000     0.000 r  
    PS8_X0Y0             PS8                          0.000     0.000 r  design_1_i/zynq_ultra_ps_e_0/inst/PS8_i/PLCLK[0]
                         net (fo=1, routed)           0.094     0.094    design_1_i/zynq_ultra_ps_e_0/inst/pl_clk_unbuffered[0]
    BUFG_PS_X0Y58        BUFG_PS (Prop_BUFG_PS_I_O)
                                                      0.017     0.111 r  design_1_i/zynq_ultra_ps_e_0/inst/buffer_pl_clk_0.PL_CLK_0_BUFG/O
    X0Y1 (CLOCK_ROOT)    net (fo=28, routed)          0.812     0.923    design_1_i/blink_0/inst/clk
    SLICE_X15Y138        FDRE                                         r  design_1_i/blink_0/inst/counter_reg[1]/C
  -------------------------------------------------------------------    -------------------
    SLICE_X15Y138        FDRE (Prop_BFF_SLICEL_C_Q)
                                                      0.039     0.962 r  design_1_i/blink_0/inst/counter_reg[1]/Q
                         net (fo=1, routed)           0.045     1.007    design_1_i/blink_0/inst/counter_reg_n_0_[1]
    SLICE_X15Y138        CARRY8 (Prop_CARRY8_SLICEL_S[1]_O[1])
                                                      0.017     1.024 r  design_1_i/blink_0/inst/counter_reg[0]_i_1/O[1]
                         net (fo=1, routed)           0.007     1.031    design_1_i/blink_0/inst/counter_reg[0]_i_1_n_14
    SLICE_X15Y138        FDRE                                         r  design_1_i/blink_0/inst/counter_reg[1]/D
  -------------------------------------------------------------------    -------------------

                         (clock clk_pl_0 rise edge)
                                                      0.000     0.000 r  
    PS8_X0Y0             PS8                          0.000     0.000 r  design_1_i/zynq_ultra_ps_e_0/inst/PS8_i/PLCLK[0]
                         net (fo=1, routed)           0.120     0.120    design_1_i/zynq_ultra_ps_e_0/inst/pl_clk_unbuffered[0]
    BUFG_PS_X0Y58        BUFG_PS (Prop_BUFG_PS_I_O)
                                                      0.018     0.138 r  design_1_i/zynq_ultra_ps_e_0/inst/buffer_pl_clk_0.PL_CLK_0_BUFG/O
    X0Y1 (CLOCK_ROOT)    net (fo=28, routed)          0.925     1.063    design_1_i/blink_0/inst/clk
    SLICE_X15Y138        FDRE                                         r  design_1_i/blink_0/inst/counter_reg[1]/C
                         clock pessimism             -0.135     0.929    
    SLICE_X15Y138        FDRE (Hold_BFF_SLICEL_C_D)
                                                      0.046     0.975    design_1_i/blink_0/inst/counter_reg[1]
  -------------------------------------------------------------------
                         required time                         -0.975    
                         arrival time                           1.031    
  -------------------------------------------------------------------
                         slack                                  0.056    

Slack (MET) :             0.056ns  (arrival time - required time)
  Source:                 design_1_i/blink_0/inst/counter_reg[9]/C
                            (rising edge-triggered cell FDRE clocked by clk_pl_0  {rise@0.000ns fall@5.000ns period=10.000ns})
  Destination:            design_1_i/blink_0/inst/counter_reg[9]/D
                            (rising edge-triggered cell FDRE clocked by clk_pl_0  {rise@0.000ns fall@5.000ns period=10.000ns})
  Path Group:             clk_pl_0
  Path Type:              Hold (Min at Fast Process Corner)
  Requirement:            0.000ns  (clk_pl_0 rise@0.000ns - clk_pl_0 rise@0.000ns)
  Data Path Delay:        0.108ns  (logic 0.056ns (51.852%)  route 0.052ns (48.148%))
  Logic Levels:           1  (CARRY8=1)
  Clock Path Skew:        0.006ns (DCD - SCD - CPR)
    Destination Clock Delay (DCD):    1.063ns
    Source Clock Delay      (SCD):    0.922ns
    Clock Pessimism Removal (CPR):    0.136ns
  Clock Net Delay (Source):      0.811ns (routing 0.324ns, distribution 0.487ns)
  Clock Net Delay (Destination): 0.925ns (routing 0.365ns, distribution 0.560ns)

    Location             Delay type                Incr(ns)  Path(ns)    Netlist Resource(s)
  -------------------------------------------------------------------    -------------------
                         (clock clk_pl_0 rise edge)
                                                      0.000     0.000 r  
    PS8_X0Y0             PS8                          0.000     0.000 r  design_1_i/zynq_ultra_ps_e_0/inst/PS8_i/PLCLK[0]
                         net (fo=1, routed)           0.094     0.094    design_1_i/zynq_ultra_ps_e_0/inst/pl_clk_unbuffered[0]
    BUFG_PS_X0Y58        BUFG_PS (Prop_BUFG_PS_I_O)
                                                      0.017     0.111 r  design_1_i/zynq_ultra_ps_e_0/inst/buffer_pl_clk_0.PL_CLK_0_BUFG/O
    X0Y1 (CLOCK_ROOT)    net (fo=28, routed)          0.811     0.922    design_1_i/blink_0/inst/clk
    SLICE_X15Y139        FDRE                                         r  design_1_i/blink_0/inst/counter_reg[9]/C
  -------------------------------------------------------------------    -------------------
    SLICE_X15Y139        FDRE (Prop_BFF_SLICEL_C_Q)
                                                      0.039     0.961 r  design_1_i/blink_0/inst/counter_reg[9]/Q
                         net (fo=1, routed)           0.045     1.006    design_1_i/blink_0/inst/counter_reg_n_0_[9]
    SLICE_X15Y139        CARRY8 (Prop_CARRY8_SLICEL_S[1]_O[1])
                                                      0.017     1.023 r  design_1_i/blink_0/inst/counter_reg[8]_i_1/O[1]
                         net (fo=1, routed)           0.007     1.030    design_1_i/blink_0/inst/counter_reg[8]_i_1_n_14
    SLICE_X15Y139        FDRE                                         r  design_1_i/blink_0/inst/counter_reg[9]/D
  -------------------------------------------------------------------    -------------------

                         (clock clk_pl_0 rise edge)
                                                      0.000     0.000 r  
    PS8_X0Y0             PS8                          0.000     0.000 r  design_1_i/zynq_ultra_ps_e_0/inst/PS8_i/PLCLK[0]
                         net (fo=1, routed)           0.120     0.120    design_1_i/zynq_ultra_ps_e_0/inst/pl_clk_unbuffered[0]
    BUFG_PS_X0Y58        BUFG_PS (Prop_BUFG_PS_I_O)
                                                      0.018     0.138 r  design_1_i/zynq_ultra_ps_e_0/inst/buffer_pl_clk_0.PL_CLK_0_BUFG/O
    X0Y1 (CLOCK_ROOT)    net (fo=28, routed)          0.925     1.063    design_1_i/blink_0/inst/clk
    SLICE_X15Y139        FDRE                                         r  design_1_i/blink_0/inst/counter_reg[9]/C
                         clock pessimism             -0.136     0.928    
    SLICE_X15Y139        FDRE (Hold_BFF_SLICEL_C_D)
                                                      0.046     0.974    design_1_i/blink_0/inst/counter_reg[9]
  -------------------------------------------------------------------
                         required time                         -0.974    
                         arrival time                           1.030    
  -------------------------------------------------------------------
                         slack                                  0.056    

Slack (MET) :             0.056ns  (arrival time - required time)
  Source:                 design_1_i/blink_0/inst/counter_reg[17]/C
                            (rising edge-triggered cell FDRE clocked by clk_pl_0  {rise@0.000ns fall@5.000ns period=10.000ns})
  Destination:            design_1_i/blink_0/inst/counter_reg[17]/D
                            (rising edge-triggered cell FDRE clocked by clk_pl_0  {rise@0.000ns fall@5.000ns period=10.000ns})
  Path Group:             clk_pl_0
  Path Type:              Hold (Min at Fast Process Corner)
  Requirement:            0.000ns  (clk_pl_0 rise@0.000ns - clk_pl_0 rise@0.000ns)
  Data Path Delay:        0.108ns  (logic 0.056ns (51.852%)  route 0.052ns (48.148%))
  Logic Levels:           1  (CARRY8=1)
  Clock Path Skew:        0.006ns (DCD - SCD - CPR)
    Destination Clock Delay (DCD):    1.062ns
    Source Clock Delay      (SCD):    0.922ns
    Clock Pessimism Removal (CPR):    0.135ns
  Clock Net Delay (Source):      0.811ns (routing 0.324ns, distribution 0.487ns)
  Clock Net Delay (Destination): 0.924ns (routing 0.365ns, distribution 0.559ns)

    Location             Delay type                Incr(ns)  Path(ns)    Netlist Resource(s)
  -------------------------------------------------------------------    -------------------
                         (clock clk_pl_0 rise edge)
                                                      0.000     0.000 r  
    PS8_X0Y0             PS8                          0.000     0.000 r  design_1_i/zynq_ultra_ps_e_0/inst/PS8_i/PLCLK[0]
                         net (fo=1, routed)           0.094     0.094    design_1_i/zynq_ultra_ps_e_0/inst/pl_clk_unbuffered[0]
    BUFG_PS_X0Y58        BUFG_PS (Prop_BUFG_PS_I_O)
                                                      0.017     0.111 r  design_1_i/zynq_ultra_ps_e_0/inst/buffer_pl_clk_0.PL_CLK_0_BUFG/O
    X0Y1 (CLOCK_ROOT)    net (fo=28, routed)          0.811     0.922    design_1_i/blink_0/inst/clk
    SLICE_X15Y140        FDRE                                         r  design_1_i/blink_0/inst/counter_reg[17]/C
  -------------------------------------------------------------------    -------------------
    SLICE_X15Y140        FDRE (Prop_BFF_SLICEL_C_Q)
                                                      0.039     0.961 r  design_1_i/blink_0/inst/counter_reg[17]/Q
                         net (fo=1, routed)           0.045     1.006    design_1_i/blink_0/inst/counter_reg_n_0_[17]
    SLICE_X15Y140        CARRY8 (Prop_CARRY8_SLICEL_S[1]_O[1])
                                                      0.017     1.023 r  design_1_i/blink_0/inst/counter_reg[16]_i_1/O[1]
                         net (fo=1, routed)           0.007     1.030    design_1_i/blink_0/inst/counter_reg[16]_i_1_n_14
    SLICE_X15Y140        FDRE                                         r  design_1_i/blink_0/inst/counter_reg[17]/D
  -------------------------------------------------------------------    -------------------

                         (clock clk_pl_0 rise edge)
                                                      0.000     0.000 r  
    PS8_X0Y0             PS8                          0.000     0.000 r  design_1_i/zynq_ultra_ps_e_0/inst/PS8_i/PLCLK[0]
                         net (fo=1, routed)           0.120     0.120    design_1_i/zynq_ultra_ps_e_0/inst/pl_clk_unbuffered[0]
    BUFG_PS_X0Y58        BUFG_PS (Prop_BUFG_PS_I_O)
                                                      0.018     0.138 r  design_1_i/zynq_ultra_ps_e_0/inst/buffer_pl_clk_0.PL_CLK_0_BUFG/O
    X0Y1 (CLOCK_ROOT)    net (fo=28, routed)          0.924     1.062    design_1_i/blink_0/inst/clk
    SLICE_X15Y140        FDRE                                         r  design_1_i/blink_0/inst/counter_reg[17]/C
                         clock pessimism             -0.135     0.928    
    SLICE_X15Y140        FDRE (Hold_BFF_SLICEL_C_D)
                                                      0.046     0.974    design_1_i/blink_0/inst/counter_reg[17]
  -------------------------------------------------------------------
                         required time                         -0.974    
                         arrival time                           1.030    
  -------------------------------------------------------------------
                         slack                                  0.056    

Slack (MET) :             0.057ns  (arrival time - required time)
  Source:                 design_1_i/blink_0/inst/counter_reg[23]/C
                            (rising edge-triggered cell FDRE clocked by clk_pl_0  {rise@0.000ns fall@5.000ns period=10.000ns})
  Destination:            design_1_i/blink_0/inst/counter_reg[23]/D
                            (rising edge-triggered cell FDRE clocked by clk_pl_0  {rise@0.000ns fall@5.000ns period=10.000ns})
  Path Group:             clk_pl_0
  Path Type:              Hold (Min at Fast Process Corner)
  Requirement:            0.000ns  (clk_pl_0 rise@0.000ns - clk_pl_0 rise@0.000ns)
  Data Path Delay:        0.109ns  (logic 0.056ns (51.376%)  route 0.053ns (48.624%))
  Logic Levels:           1  (CARRY8=1)
  Clock Path Skew:        0.006ns (DCD - SCD - CPR)
    Destination Clock Delay (DCD):    1.066ns
    Source Clock Delay      (SCD):    0.925ns
    Clock Pessimism Removal (CPR):    0.136ns
  Clock Net Delay (Source):      0.814ns (routing 0.324ns, distribution 0.490ns)
  Clock Net Delay (Destination): 0.928ns (routing 0.365ns, distribution 0.563ns)

    Location             Delay type                Incr(ns)  Path(ns)    Netlist Resource(s)
  -------------------------------------------------------------------    -------------------
                         (clock clk_pl_0 rise edge)
                                                      0.000     0.000 r  
    PS8_X0Y0             PS8                          0.000     0.000 r  design_1_i/zynq_ultra_ps_e_0/inst/PS8_i/PLCLK[0]
                         net (fo=1, routed)           0.094     0.094    design_1_i/zynq_ultra_ps_e_0/inst/pl_clk_unbuffered[0]
    BUFG_PS_X0Y58        BUFG_PS (Prop_BUFG_PS_I_O)
                                                      0.017     0.111 r  design_1_i/zynq_ultra_ps_e_0/inst/buffer_pl_clk_0.PL_CLK_0_BUFG/O
    X0Y1 (CLOCK_ROOT)    net (fo=28, routed)          0.814     0.925    design_1_i/blink_0/inst/clk
    SLICE_X15Y140        FDRE                                         r  design_1_i/blink_0/inst/counter_reg[23]/C
  -------------------------------------------------------------------    -------------------
    SLICE_X15Y140        FDRE (Prop_HFF_SLICEL_C_Q)
                                                      0.039     0.964 r  design_1_i/blink_0/inst/counter_reg[23]/Q
                         net (fo=1, routed)           0.046     1.010    design_1_i/blink_0/inst/counter_reg_n_0_[23]
    SLICE_X15Y140        CARRY8 (Prop_CARRY8_SLICEL_S[7]_O[7])
                                                      0.017     1.027 r  design_1_i/blink_0/inst/counter_reg[16]_i_1/O[7]
                         net (fo=1, routed)           0.007     1.034    design_1_i/blink_0/inst/counter_reg[16]_i_1_n_8
    SLICE_X15Y140        FDRE                                         r  design_1_i/blink_0/inst/counter_reg[23]/D
  -------------------------------------------------------------------    -------------------

                         (clock clk_pl_0 rise edge)
                                                      0.000     0.000 r  
    PS8_X0Y0             PS8                          0.000     0.000 r  design_1_i/zynq_ultra_ps_e_0/inst/PS8_i/PLCLK[0]
                         net (fo=1, routed)           0.120     0.120    design_1_i/zynq_ultra_ps_e_0/inst/pl_clk_unbuffered[0]
    BUFG_PS_X0Y58        BUFG_PS (Prop_BUFG_PS_I_O)
                                                      0.018     0.138 r  design_1_i/zynq_ultra_ps_e_0/inst/buffer_pl_clk_0.PL_CLK_0_BUFG/O
    X0Y1 (CLOCK_ROOT)    net (fo=28, routed)          0.928     1.066    design_1_i/blink_0/inst/clk
    SLICE_X15Y140        FDRE                                         r  design_1_i/blink_0/inst/counter_reg[23]/C
                         clock pessimism             -0.136     0.931    
    SLICE_X15Y140        FDRE (Hold_HFF_SLICEL_C_D)
                                                      0.046     0.977    design_1_i/blink_0/inst/counter_reg[23]
  -------------------------------------------------------------------
                         required time                         -0.977    
                         arrival time                           1.034    
  -------------------------------------------------------------------
                         slack                                  0.057    

Slack (MET) :             0.057ns  (arrival time - required time)
  Source:                 design_1_i/blink_0/inst/counter_reg[10]/C
                            (rising edge-triggered cell FDRE clocked by clk_pl_0  {rise@0.000ns fall@5.000ns period=10.000ns})
  Destination:            design_1_i/blink_0/inst/counter_reg[10]/D
                            (rising edge-triggered cell FDRE clocked by clk_pl_0  {rise@0.000ns fall@5.000ns period=10.000ns})
  Path Group:             clk_pl_0
  Path Type:              Hold (Min at Fast Process Corner)
  Requirement:            0.000ns  (clk_pl_0 rise@0.000ns - clk_pl_0 rise@0.000ns)
  Data Path Delay:        0.109ns  (logic 0.056ns (51.376%)  route 0.053ns (48.624%))
  Logic Levels:           1  (CARRY8=1)
  Clock Path Skew:        0.006ns (DCD - SCD - CPR)
    Destination Clock Delay (DCD):    1.063ns
    Source Clock Delay      (SCD):    0.922ns
    Clock Pessimism Removal (CPR):    0.136ns
  Clock Net Delay (Source):      0.811ns (routing 0.324ns, distribution 0.487ns)
  Clock Net Delay (Destination): 0.925ns (routing 0.365ns, distribution 0.560ns)

    Location             Delay type                Incr(ns)  Path(ns)    Netlist Resource(s)
  -------------------------------------------------------------------    -------------------
                         (clock clk_pl_0 rise edge)
                                                      0.000     0.000 r  
    PS8_X0Y0             PS8                          0.000     0.000 r  design_1_i/zynq_ultra_ps_e_0/inst/PS8_i/PLCLK[0]
                         net (fo=1, routed)           0.094     0.094    design_1_i/zynq_ultra_ps_e_0/inst/pl_clk_unbuffered[0]
    BUFG_PS_X0Y58        BUFG_PS (Prop_BUFG_PS_I_O)
                                                      0.017     0.111 r  design_1_i/zynq_ultra_ps_e_0/inst/buffer_pl_clk_0.PL_CLK_0_BUFG/O
    X0Y1 (CLOCK_ROOT)    net (fo=28, routed)          0.811     0.922    design_1_i/blink_0/inst/clk
    SLICE_X15Y139        FDRE                                         r  design_1_i/blink_0/inst/counter_reg[10]/C
  -------------------------------------------------------------------    -------------------
    SLICE_X15Y139        FDRE (Prop_CFF_SLICEL_C_Q)
                                                      0.039     0.961 r  design_1_i/blink_0/inst/counter_reg[10]/Q
                         net (fo=1, routed)           0.046     1.007    design_1_i/blink_0/inst/counter_reg_n_0_[10]
    SLICE_X15Y139        CARRY8 (Prop_CARRY8_SLICEL_S[2]_O[2])
                                                      0.017     1.024 r  design_1_i/blink_0/inst/counter_reg[8]_i_1/O[2]
                         net (fo=1, routed)           0.007     1.031    design_1_i/blink_0/inst/counter_reg[8]_i_1_n_13
    SLICE_X15Y139        FDRE                                         r  design_1_i/blink_0/inst/counter_reg[10]/D
  -------------------------------------------------------------------    -------------------

                         (clock clk_pl_0 rise edge)
                                                      0.000     0.000 r  
    PS8_X0Y0             PS8                          0.000     0.000 r  design_1_i/zynq_ultra_ps_e_0/inst/PS8_i/PLCLK[0]
                         net (fo=1, routed)           0.120     0.120    design_1_i/zynq_ultra_ps_e_0/inst/pl_clk_unbuffered[0]
    BUFG_PS_X0Y58        BUFG_PS (Prop_BUFG_PS_I_O)
                                                      0.018     0.138 r  design_1_i/zynq_ultra_ps_e_0/inst/buffer_pl_clk_0.PL_CLK_0_BUFG/O
    X0Y1 (CLOCK_ROOT)    net (fo=28, routed)          0.925     1.063    design_1_i/blink_0/inst/clk
    SLICE_X15Y139        FDRE                                         r  design_1_i/blink_0/inst/counter_reg[10]/C
                         clock pessimism             -0.136     0.928    
    SLICE_X15Y139        FDRE (Hold_CFF_SLICEL_C_D)
                                                      0.046     0.974    design_1_i/blink_0/inst/counter_reg[10]
  -------------------------------------------------------------------
                         required time                         -0.974    
                         arrival time                           1.031    
  -------------------------------------------------------------------
                         slack                                  0.057    

Slack (MET) :             0.057ns  (arrival time - required time)
  Source:                 design_1_i/blink_0/inst/counter_reg[15]/C
                            (rising edge-triggered cell FDRE clocked by clk_pl_0  {rise@0.000ns fall@5.000ns period=10.000ns})
  Destination:            design_1_i/blink_0/inst/counter_reg[15]/D
                            (rising edge-triggered cell FDRE clocked by clk_pl_0  {rise@0.000ns fall@5.000ns period=10.000ns})
  Path Group:             clk_pl_0
  Path Type:              Hold (Min at Fast Process Corner)
  Requirement:            0.000ns  (clk_pl_0 rise@0.000ns - clk_pl_0 rise@0.000ns)
  Data Path Delay:        0.109ns  (logic 0.056ns (51.376%)  route 0.053ns (48.624%))
  Logic Levels:           1  (CARRY8=1)
  Clock Path Skew:        0.006ns (DCD - SCD - CPR)
    Destination Clock Delay (DCD):    1.067ns
    Source Clock Delay      (SCD):    0.925ns
    Clock Pessimism Removal (CPR):    0.137ns
  Clock Net Delay (Source):      0.814ns (routing 0.324ns, distribution 0.490ns)
  Clock Net Delay (Destination): 0.929ns (routing 0.365ns, distribution 0.564ns)

    Location             Delay type                Incr(ns)  Path(ns)    Netlist Resource(s)
  -------------------------------------------------------------------    -------------------
                         (clock clk_pl_0 rise edge)
                                                      0.000     0.000 r  
    PS8_X0Y0             PS8                          0.000     0.000 r  design_1_i/zynq_ultra_ps_e_0/inst/PS8_i/PLCLK[0]
                         net (fo=1, routed)           0.094     0.094    design_1_i/zynq_ultra_ps_e_0/inst/pl_clk_unbuffered[0]
    BUFG_PS_X0Y58        BUFG_PS (Prop_BUFG_PS_I_O)
                                                      0.017     0.111 r  design_1_i/zynq_ultra_ps_e_0/inst/buffer_pl_clk_0.PL_CLK_0_BUFG/O
    X0Y1 (CLOCK_ROOT)    net (fo=28, routed)          0.814     0.925    design_1_i/blink_0/inst/clk
    SLICE_X15Y139        FDRE                                         r  design_1_i/blink_0/inst/counter_reg[15]/C
  -------------------------------------------------------------------    -------------------
    SLICE_X15Y139        FDRE (Prop_HFF_SLICEL_C_Q)
                                                      0.039     0.964 r  design_1_i/blink_0/inst/counter_reg[15]/Q
                         net (fo=1, routed)           0.046     1.010    design_1_i/blink_0/inst/counter_reg_n_0_[15]
    SLICE_X15Y139        CARRY8 (Prop_CARRY8_SLICEL_S[7]_O[7])
                                                      0.017     1.027 r  design_1_i/blink_0/inst/counter_reg[8]_i_1/O[7]
                         net (fo=1, routed)           0.007     1.034    design_1_i/blink_0/inst/counter_reg[8]_i_1_n_8
    SLICE_X15Y139        FDRE                                         r  design_1_i/blink_0/inst/counter_reg[15]/D
  -------------------------------------------------------------------    -------------------

                         (clock clk_pl_0 rise edge)
                                                      0.000     0.000 r  
    PS8_X0Y0             PS8                          0.000     0.000 r  design_1_i/zynq_ultra_ps_e_0/inst/PS8_i/PLCLK[0]
                         net (fo=1, routed)           0.120     0.120    design_1_i/zynq_ultra_ps_e_0/inst/pl_clk_unbuffered[0]
    BUFG_PS_X0Y58        BUFG_PS (Prop_BUFG_PS_I_O)
                                                      0.018     0.138 r  design_1_i/zynq_ultra_ps_e_0/inst/buffer_pl_clk_0.PL_CLK_0_BUFG/O
    X0Y1 (CLOCK_ROOT)    net (fo=28, routed)          0.929     1.067    design_1_i/blink_0/inst/clk
    SLICE_X15Y139        FDRE                                         r  design_1_i/blink_0/inst/counter_reg[15]/C
                         clock pessimism             -0.137     0.931    
    SLICE_X15Y139        FDRE (Hold_HFF_SLICEL_C_D)
                                                      0.046     0.977    design_1_i/blink_0/inst/counter_reg[15]
  -------------------------------------------------------------------
                         required time                         -0.977    
                         arrival time                           1.034    
  -------------------------------------------------------------------
                         slack                                  0.057    

Slack (MET) :             0.057ns  (arrival time - required time)
  Source:                 design_1_i/blink_0/inst/counter_reg[2]/C
                            (rising edge-triggered cell FDRE clocked by clk_pl_0  {rise@0.000ns fall@5.000ns period=10.000ns})
  Destination:            design_1_i/blink_0/inst/counter_reg[2]/D
                            (rising edge-triggered cell FDRE clocked by clk_pl_0  {rise@0.000ns fall@5.000ns period=10.000ns})
  Path Group:             clk_pl_0
  Path Type:              Hold (Min at Fast Process Corner)
  Requirement:            0.000ns  (clk_pl_0 rise@0.000ns - clk_pl_0 rise@0.000ns)
  Data Path Delay:        0.109ns  (logic 0.056ns (51.376%)  route 0.053ns (48.624%))
  Logic Levels:           1  (CARRY8=1)
  Clock Path Skew:        0.006ns (DCD - SCD - CPR)
    Destination Clock Delay (DCD):    1.063ns
    Source Clock Delay      (SCD):    0.923ns
    Clock Pessimism Removal (CPR):    0.135ns
  Clock Net Delay (Source):      0.812ns (routing 0.324ns, distribution 0.488ns)
  Clock Net Delay (Destination): 0.925ns (routing 0.365ns, distribution 0.560ns)

    Location             Delay type                Incr(ns)  Path(ns)    Netlist Resource(s)
  -------------------------------------------------------------------    -------------------
                         (clock clk_pl_0 rise edge)
                                                      0.000     0.000 r  
    PS8_X0Y0             PS8                          0.000     0.000 r  design_1_i/zynq_ultra_ps_e_0/inst/PS8_i/PLCLK[0]
                         net (fo=1, routed)           0.094     0.094    design_1_i/zynq_ultra_ps_e_0/inst/pl_clk_unbuffered[0]
    BUFG_PS_X0Y58        BUFG_PS (Prop_BUFG_PS_I_O)
                                                      0.017     0.111 r  design_1_i/zynq_ultra_ps_e_0/inst/buffer_pl_clk_0.PL_CLK_0_BUFG/O
    X0Y1 (CLOCK_ROOT)    net (fo=28, routed)          0.812     0.923    design_1_i/blink_0/inst/clk
    SLICE_X15Y138        FDRE                                         r  design_1_i/blink_0/inst/counter_reg[2]/C
  -------------------------------------------------------------------    -------------------
    SLICE_X15Y138        FDRE (Prop_CFF_SLICEL_C_Q)
                                                      0.039     0.962 r  design_1_i/blink_0/inst/counter_reg[2]/Q
                         net (fo=1, routed)           0.046     1.008    design_1_i/blink_0/inst/counter_reg_n_0_[2]
    SLICE_X15Y138        CARRY8 (Prop_CARRY8_SLICEL_S[2]_O[2])
                                                      0.017     1.025 r  design_1_i/blink_0/inst/counter_reg[0]_i_1/O[2]
                         net (fo=1, routed)           0.007     1.032    design_1_i/blink_0/inst/counter_reg[0]_i_1_n_13
    SLICE_X15Y138        FDRE                                         r  design_1_i/blink_0/inst/counter_reg[2]/D
  -------------------------------------------------------------------    -------------------

                         (clock clk_pl_0 rise edge)
                                                      0.000     0.000 r  
    PS8_X0Y0             PS8                          0.000     0.000 r  design_1_i/zynq_ultra_ps_e_0/inst/PS8_i/PLCLK[0]
                         net (fo=1, routed)           0.120     0.120    design_1_i/zynq_ultra_ps_e_0/inst/pl_clk_unbuffered[0]
    BUFG_PS_X0Y58        BUFG_PS (Prop_BUFG_PS_I_O)
                                                      0.018     0.138 r  design_1_i/zynq_ultra_ps_e_0/inst/buffer_pl_clk_0.PL_CLK_0_BUFG/O
    X0Y1 (CLOCK_ROOT)    net (fo=28, routed)          0.925     1.063    design_1_i/blink_0/inst/clk
    SLICE_X15Y138        FDRE                                         r  design_1_i/blink_0/inst/counter_reg[2]/C
                         clock pessimism             -0.135     0.929    
    SLICE_X15Y138        FDRE (Hold_CFF_SLICEL_C_D)
                                                      0.046     0.975    design_1_i/blink_0/inst/counter_reg[2]
  -------------------------------------------------------------------
                         required time                         -0.975    
                         arrival time                           1.032    
  -------------------------------------------------------------------
                         slack                                  0.057    

Slack (MET) :             0.057ns  (arrival time - required time)
  Source:                 design_1_i/blink_0/inst/counter_reg[7]/C
                            (rising edge-triggered cell FDRE clocked by clk_pl_0  {rise@0.000ns fall@5.000ns period=10.000ns})
  Destination:            design_1_i/blink_0/inst/counter_reg[7]/D
                            (rising edge-triggered cell FDRE clocked by clk_pl_0  {rise@0.000ns fall@5.000ns period=10.000ns})
  Path Group:             clk_pl_0
  Path Type:              Hold (Min at Fast Process Corner)
  Requirement:            0.000ns  (clk_pl_0 rise@0.000ns - clk_pl_0 rise@0.000ns)
  Data Path Delay:        0.109ns  (logic 0.056ns (51.376%)  route 0.053ns (48.624%))
  Logic Levels:           1  (CARRY8=1)
  Clock Path Skew:        0.006ns (DCD - SCD - CPR)
    Destination Clock Delay (DCD):    1.067ns
    Source Clock Delay      (SCD):    0.926ns
    Clock Pessimism Removal (CPR):    0.136ns
  Clock Net Delay (Source):      0.815ns (routing 0.324ns, distribution 0.491ns)
  Clock Net Delay (Destination): 0.929ns (routing 0.365ns, distribution 0.564ns)

    Location             Delay type                Incr(ns)  Path(ns)    Netlist Resource(s)
  -------------------------------------------------------------------    -------------------
                         (clock clk_pl_0 rise edge)
                                                      0.000     0.000 r  
    PS8_X0Y0             PS8                          0.000     0.000 r  design_1_i/zynq_ultra_ps_e_0/inst/PS8_i/PLCLK[0]
                         net (fo=1, routed)           0.094     0.094    design_1_i/zynq_ultra_ps_e_0/inst/pl_clk_unbuffered[0]
    BUFG_PS_X0Y58        BUFG_PS (Prop_BUFG_PS_I_O)
                                                      0.017     0.111 r  design_1_i/zynq_ultra_ps_e_0/inst/buffer_pl_clk_0.PL_CLK_0_BUFG/O
    X0Y1 (CLOCK_ROOT)    net (fo=28, routed)          0.815     0.926    design_1_i/blink_0/inst/clk
    SLICE_X15Y138        FDRE                                         r  design_1_i/blink_0/inst/counter_reg[7]/C
  -------------------------------------------------------------------    -------------------
    SLICE_X15Y138        FDRE (Prop_HFF_SLICEL_C_Q)
                                                      0.039     0.965 r  design_1_i/blink_0/inst/counter_reg[7]/Q
                         net (fo=1, routed)           0.046     1.011    design_1_i/blink_0/inst/counter_reg_n_0_[7]
    SLICE_X15Y138        CARRY8 (Prop_CARRY8_SLICEL_S[7]_O[7])
                                                      0.017     1.028 r  design_1_i/blink_0/inst/counter_reg[0]_i_1/O[7]
                         net (fo=1, routed)           0.007     1.035    design_1_i/blink_0/inst/counter_reg[0]_i_1_n_8
    SLICE_X15Y138        FDRE                                         r  design_1_i/blink_0/inst/counter_reg[7]/D
  -------------------------------------------------------------------    -------------------

                         (clock clk_pl_0 rise edge)
                                                      0.000     0.000 r  
    PS8_X0Y0             PS8                          0.000     0.000 r  design_1_i/zynq_ultra_ps_e_0/inst/PS8_i/PLCLK[0]
                         net (fo=1, routed)           0.120     0.120    design_1_i/zynq_ultra_ps_e_0/inst/pl_clk_unbuffered[0]
    BUFG_PS_X0Y58        BUFG_PS (Prop_BUFG_PS_I_O)
                                                      0.018     0.138 r  design_1_i/zynq_ultra_ps_e_0/inst/buffer_pl_clk_0.PL_CLK_0_BUFG/O
    X0Y1 (CLOCK_ROOT)    net (fo=28, routed)          0.929     1.067    design_1_i/blink_0/inst/clk
    SLICE_X15Y138        FDRE                                         r  design_1_i/blink_0/inst/counter_reg[7]/C
                         clock pessimism             -0.136     0.932    
    SLICE_X15Y138        FDRE (Hold_HFF_SLICEL_C_D)
                                                      0.046     0.978    design_1_i/blink_0/inst/counter_reg[7]
  -------------------------------------------------------------------
                         required time                         -0.978    
                         arrival time                           1.035    
  -------------------------------------------------------------------
                         slack                                  0.057    





Pulse Width Checks
--------------------------------------------------------------------------------------
Clock Name:         clk_pl_0
Waveform(ns):       { 0.000 5.000 }
Period(ns):         10.000
Sources:            { design_1_i/zynq_ultra_ps_e_0/inst/PS8_i/PLCLK[0] }

Check Type        Corner  Lib Pin          Reference Pin  Required(ns)  Actual(ns)  Slack(ns)  Location       Pin
Min Period        n/a     PS8/MAXIGP0ACLK  n/a            3.000         10.000      7.000      PS8_X0Y0       design_1_i/zynq_ultra_ps_e_0/inst/PS8_i/MAXIGP0ACLK
Min Period        n/a     PS8/MAXIGP1ACLK  n/a            3.000         10.000      7.000      PS8_X0Y0       design_1_i/zynq_ultra_ps_e_0/inst/PS8_i/MAXIGP1ACLK
Min Period        n/a     FDRE/C           n/a            0.550         10.000      9.450      SLICE_X15Y138  design_1_i/blink_0/inst/counter_reg[0]/C
Min Period        n/a     FDRE/C           n/a            0.550         10.000      9.450      SLICE_X15Y139  design_1_i/blink_0/inst/counter_reg[10]/C
Min Period        n/a     FDRE/C           n/a            0.550         10.000      9.450      SLICE_X15Y139  design_1_i/blink_0/inst/counter_reg[11]/C
Min Period        n/a     FDRE/C           n/a            0.550         10.000      9.450      SLICE_X15Y139  design_1_i/blink_0/inst/counter_reg[12]/C
Min Period        n/a     FDRE/C           n/a            0.550         10.000      9.450      SLICE_X15Y139  design_1_i/blink_0/inst/counter_reg[13]/C
Min Period        n/a     FDRE/C           n/a            0.550         10.000      9.450      SLICE_X15Y139  design_1_i/blink_0/inst/counter_reg[14]/C
Min Period        n/a     FDRE/C           n/a            0.550         10.000      9.450      SLICE_X15Y139  design_1_i/blink_0/inst/counter_reg[15]/C
Min Period        n/a     FDRE/C           n/a            0.550         10.000      9.450      SLICE_X15Y140  design_1_i/blink_0/inst/counter_reg[16]/C
Low Pulse Width   Slow    PS8/MAXIGP0ACLK  n/a            1.500         5.000       3.500      PS8_X0Y0       design_1_i/zynq_ultra_ps_e_0/inst/PS8_i/MAXIGP0ACLK
Low Pulse Width   Fast    PS8/MAXIGP0ACLK  n/a            1.500         5.000       3.500      PS8_X0Y0       design_1_i/zynq_ultra_ps_e_0/inst/PS8_i/MAXIGP0ACLK
Low Pulse Width   Slow    PS8/MAXIGP1ACLK  n/a            1.500         5.000       3.500      PS8_X0Y0       design_1_i/zynq_ultra_ps_e_0/inst/PS8_i/MAXIGP1ACLK
Low Pulse Width   Fast    PS8/MAXIGP1ACLK  n/a            1.500         5.000       3.500      PS8_X0Y0       design_1_i/zynq_ultra_ps_e_0/inst/PS8_i/MAXIGP1ACLK
Low Pulse Width   Slow    FDRE/C           n/a            0.275         5.000       4.725      SLICE_X15Y138  design_1_i/blink_0/inst/counter_reg[0]/C
Low Pulse Width   Fast    FDRE/C           n/a            0.275         5.000       4.725      SLICE_X15Y138  design_1_i/blink_0/inst/counter_reg[0]/C
Low Pulse Width   Slow    FDRE/C           n/a            0.275         5.000       4.725      SLICE_X15Y139  design_1_i/blink_0/inst/counter_reg[10]/C
Low Pulse Width   Fast    FDRE/C           n/a            0.275         5.000       4.725      SLICE_X15Y139  design_1_i/blink_0/inst/counter_reg[10]/C
Low Pulse Width   Slow    FDRE/C           n/a            0.275         5.000       4.725      SLICE_X15Y139  design_1_i/blink_0/inst/counter_reg[11]/C
Low Pulse Width   Fast    FDRE/C           n/a            0.275         5.000       4.725      SLICE_X15Y139  design_1_i/blink_0/inst/counter_reg[11]/C
High Pulse Width  Slow    PS8/MAXIGP0ACLK  n/a            1.500         5.000       3.500      PS8_X0Y0       design_1_i/zynq_ultra_ps_e_0/inst/PS8_i/MAXIGP0ACLK
High Pulse Width  Fast    PS8/MAXIGP0ACLK  n/a            1.500         5.000       3.500      PS8_X0Y0       design_1_i/zynq_ultra_ps_e_0/inst/PS8_i/MAXIGP0ACLK
High Pulse Width  Slow    PS8/MAXIGP1ACLK  n/a            1.500         5.000       3.500      PS8_X0Y0       design_1_i/zynq_ultra_ps_e_0/inst/PS8_i/MAXIGP1ACLK
High Pulse Width  Fast    PS8/MAXIGP1ACLK  n/a            1.500         5.000       3.500      PS8_X0Y0       design_1_i/zynq_ultra_ps_e_0/inst/PS8_i/MAXIGP1ACLK
High Pulse Width  Slow    FDRE/C           n/a            0.275         5.000       4.725      SLICE_X15Y138  design_1_i/blink_0/inst/counter_reg[0]/C
High Pulse Width  Fast    FDRE/C           n/a            0.275         5.000       4.725      SLICE_X15Y138  design_1_i/blink_0/inst/counter_reg[0]/C
High Pulse Width  Slow    FDRE/C           n/a            0.275         5.000       4.725      SLICE_X15Y139  design_1_i/blink_0/inst/counter_reg[10]/C
High Pulse Width  Fast    FDRE/C           n/a            0.275         5.000       4.725      SLICE_X15Y139  design_1_i/blink_0/inst/counter_reg[10]/C
High Pulse Width  Slow    FDRE/C           n/a            0.275         5.000       4.725      SLICE_X15Y139  design_1_i/blink_0/inst/counter_reg[11]/C
High Pulse Width  Fast    FDRE/C           n/a            0.275         5.000       4.725      SLICE_X15Y139  design_1_i/blink_0/inst/counter_reg[11]/C



--------------------------------------------------------------------------------------
Path Group:  (none)
From Clock:  clk_pl_0
  To Clock:  

Max Delay             1 Endpoint
Min Delay             1 Endpoint
--------------------------------------------------------------------------------------


Max Delay Paths
--------------------------------------------------------------------------------------
Slack:                    inf
  Source:                 design_1_i/blink_0/inst/counter_reg[25]/C
                            (rising edge-triggered cell FDRE clocked by clk_pl_0  {rise@0.000ns fall@5.000ns period=10.000ns})
  Destination:            LED
                            (output port)
  Path Group:             (none)
  Path Type:              Max at Slow Process Corner
  Data Path Delay:        3.298ns  (logic 2.572ns (77.975%)  route 0.726ns (22.025%))
  Logic Levels:           1  (OBUF=1)
  Clock Uncertainty:      0.174ns  ((TSJ^2 + DJ^2)^1/2) / 2 + PE
    Total System Jitter     (TSJ):    0.050ns
    Discrete Jitter          (DJ):    0.344ns
    Phase Error              (PE):    0.000ns
  Clock Net Delay (Source):      1.592ns (routing 0.638ns, distribution 0.954ns)

    Location             Delay type                Incr(ns)  Path(ns)    Netlist Resource(s)
  -------------------------------------------------------------------    -------------------
                         (clock clk_pl_0 rise edge)
                                                      0.000     0.000 r  
    PS8_X0Y0             PS8                          0.000     0.000 r  design_1_i/zynq_ultra_ps_e_0/inst/PS8_i/PLCLK[0]
                         net (fo=1, routed)           0.178     0.178    design_1_i/zynq_ultra_ps_e_0/inst/pl_clk_unbuffered[0]
    BUFG_PS_X0Y58        BUFG_PS (Prop_BUFG_PS_I_O)
                                                      0.029     0.207 r  design_1_i/zynq_ultra_ps_e_0/inst/buffer_pl_clk_0.PL_CLK_0_BUFG/O
    X0Y1 (CLOCK_ROOT)    net (fo=28, routed)          1.592     1.799    design_1_i/blink_0/inst/clk
    SLICE_X15Y141        FDRE                                         r  design_1_i/blink_0/inst/counter_reg[25]/C
  -------------------------------------------------------------------    -------------------
    SLICE_X15Y141        FDRE (Prop_BFF_SLICEL_C_Q)
                                                      0.096     1.895 r  design_1_i/blink_0/inst/counter_reg[25]/Q
                         net (fo=2, routed)           0.726     2.621    LED_OBUF
    D7                   OBUF (Prop_OUTBUF_HDIOB_M_I_O)
                                                      2.476     5.097 r  LED_OBUF_inst/O
                         net (fo=0)                   0.000     5.097    LED
    D7                                                                r  LED (OUT)
  -------------------------------------------------------------------    -------------------





Min Delay Paths
--------------------------------------------------------------------------------------
Slack:                    inf
  Source:                 design_1_i/blink_0/inst/counter_reg[25]/C
                            (rising edge-triggered cell FDRE clocked by clk_pl_0  {rise@0.000ns fall@5.000ns period=10.000ns})
  Destination:            LED
                            (output port)
  Path Group:             (none)
  Path Type:              Min at Fast Process Corner
  Data Path Delay:        1.401ns  (logic 1.051ns (75.011%)  route 0.350ns (24.989%))
  Logic Levels:           1  (OBUF=1)
  Clock Uncertainty:      0.174ns  ((TSJ^2 + DJ^2)^1/2) / 2 + PE
    Total System Jitter     (TSJ):    0.050ns
    Discrete Jitter          (DJ):    0.344ns
    Phase Error              (PE):    0.000ns
  Clock Net Delay (Source):      0.806ns (routing 0.324ns, distribution 0.482ns)

    Location             Delay type                Incr(ns)  Path(ns)    Netlist Resource(s)
  -------------------------------------------------------------------    -------------------
                         (clock clk_pl_0 rise edge)
                                                      0.000     0.000 r  
    PS8_X0Y0             PS8                          0.000     0.000 r  design_1_i/zynq_ultra_ps_e_0/inst/PS8_i/PLCLK[0]
                         net (fo=1, routed)           0.094     0.094    design_1_i/zynq_ultra_ps_e_0/inst/pl_clk_unbuffered[0]
    BUFG_PS_X0Y58        BUFG_PS (Prop_BUFG_PS_I_O)
                                                      0.017     0.111 r  design_1_i/zynq_ultra_ps_e_0/inst/buffer_pl_clk_0.PL_CLK_0_BUFG/O
    X0Y1 (CLOCK_ROOT)    net (fo=28, routed)          0.806     0.917    design_1_i/blink_0/inst/clk
    SLICE_X15Y141        FDRE                                         r  design_1_i/blink_0/inst/counter_reg[25]/C
  -------------------------------------------------------------------    -------------------
    SLICE_X15Y141        FDRE (Prop_BFF_SLICEL_C_Q)
                                                      0.039     0.956 r  design_1_i/blink_0/inst/counter_reg[25]/Q
                         net (fo=2, routed)           0.350     1.306    LED_OBUF
    D7                   OBUF (Prop_OUTBUF_HDIOB_M_I_O)
                                                      1.012     2.318 r  LED_OBUF_inst/O
                         net (fo=0)                   0.000     2.318    LED
    D7                                                                r  LED (OUT)
  -------------------------------------------------------------------    -------------------





